informacoes_profissionais.nivel_profissional,formacao_e_idiomas.nivel_academico,formacao_e_idiomas.nivel_ingles,perfil_vaga.nivel profissional,perfil_vaga.nivel_academico,perfil_vaga.nivel_ingles,informacoes_profissionais.area_atuacao,perfil_vaga.areas_atuacao,informacoes_basicas.tipo_contratacao,match_nivel_profissional,match_nivel_academico,match_nivel_ingles,match_area_atuacao
,,,sênior,ensino superior completo,fluente,,ti - desenvolvimento/programação-,pj/autônomo,0,0,0,0
,,,sênior,ensino superior cursando,nenhum,,ti - sap-,clt cotas,0,0,0,0
,ensino superior cursando,nenhum,assistente,ensino médio completo,básico,administrativa,financeira/controladoria-,clt full,0,0,0,0
,,,sênior,ensino superior completo,avançado,,ti - desenvolvimento/design-,,0,0,0,0
,ensino técnico completo,fluente,analista,ensino superior completo,básico,ti - desenvolvimento/programação,ti - desenvolvimento/programação-,clt full,0,0,0,0
,,,analista,ensino superior completo,básico,,ti - projetos-,hunting,0,0,0,0
,ensino superior completo,básico,pleno,ensino superior completo,nenhum,ti - desenvolvimento/programação,ti - desenvolvimento/programação-,clt full,0,1,0,0
,ensino superior completo,fluente,sênior,ensino superior completo,nenhum,ti - sap,gestão e alocação de recursos de ti-ti - sap-,pj/autônomo,0,1,0,0
,,,sênior,ensino médio completo,nenhum,,ti - processos e negócios-,pj/autônomo,0,0,0,0
,,,analista,ensino superior completo,básico,,ti - projetos-,"clt full, pj/autônomo",0,0,0,0
,ensino superior completo,intermediário,sênior,ensino médio completo,nenhum,ti - banco de dados,financeira/controladoria-,hunting,0,0,0,0
,,,pleno,ensino superior completo,nenhum,,ti - sistemas e ferramentas-,pj/autônomo,0,0,0,0
,,,analista,ensino superior completo,básico,,ti - projetos-,"pj/autônomo, clt full",0,0,0,0
,mestrado completo,intermediário,sênior,ensino superior completo,nenhum,"ti - processos e negócios, ti - projetos",ti - projetos-,hunting,0,0,0,0
,,,sênior,ensino superior completo,avançado,,ti - infraestrutura-,pj/autônomo,0,0,0,0
,ensino superior completo,avançado,sênior,ensino superior completo,nenhum,ti - projetos,ti - projetos-,pj/autônomo,0,1,0,0
sênior,pós graduação completo,avançado,analista,ensino superior completo,básico,"ti - processos e negócios, ti - projetos, ti - sistemas e ferramentas, ti - suporte",ti - projetos-,clt full,0,0,0,0
,,,sênior,ensino superior cursando,avançado,,ti - sap-,"clt full, pj/autônomo",0,0,0,0
,ensino superior completo,fluente,júnior,ensino superior completo,avançado,ti - sap,ti - sap-,clt cotas,0,1,0,0
,,,pleno,ensino superior completo,nenhum,,ti - projetos-,pj/autônomo,0,0,0,0
,,,analista,ensino superior completo,básico,,ti - projetos-,"pj/autônomo, clt full",0,0,0,0
,,,pleno,ensino superior completo,avançado,,ti - projetos-,pj/autônomo,0,0,0,0
,,,analista,ensino superior completo,básico,,ti - sap-,pj/autônomo,0,0,0,0
,,,júnior,ensino médio completo,básico,,recursos humanos-,clt full,0,0,0,0
,,,analista,ensino superior completo,avançado,,ti - projetos-,hunting,0,0,0,0
,,,sênior,ensino médio completo,intermediário,,gestão e alocação de recursos de ti-,pj/autônomo,0,0,0,0
,,,pleno,ensino superior completo,avançado,,ti - sap-,clt full,0,0,0,0
,,,sênior,ensino técnico completo,avançado,,gestão e alocação de recursos de ti-,hunting,0,0,0,0
,ensino superior completo,fluente,sênior,ensino superior completo,básico,ti - processos e negócios,ti - projetos-,"clt full, cooperado, pj/autônomo",0,1,0,0
,,,sênior,ensino superior completo,básico,,ti - sap-,"clt full, pj/autônomo",0,0,0,0
,,,assistente,ensino médio completo,nenhum,,ti - projetos-,clt full,0,0,0,0
,pós graduação completo,,gerente,ensino superior completo,fluente,,ti - projetos-,pj/autônomo,0,0,0,0
,,,analista,ensino superior completo,fluente,,ti - sap-,pj/autônomo,0,0,0,0
,,,sênior,ensino superior completo,básico,,ti - projetos-,"cooperado, pj/autônomo",0,0,0,0
,pós graduação completo,básico,analista,ensino superior completo,básico,financeira/controladoria,ti - projetos-,"pj/autônomo, clt full",0,0,1,0
,ensino superior cursando,avançado,sênior,ensino médio completo,fluente,ti - sap,ti - sap-,,0,0,0,0
,,,sênior,ensino superior completo,avançado,,ti - projetos-,pj/autônomo,0,0,0,0
,,,sênior,ensino médio completo,nenhum,,administrativa-,pj/autônomo,0,0,0,0
,,,sênior,ensino técnico completo,intermediário,,ti - arquitetura-,clt full,0,0,0,0
,,,analista,ensino superior completo,básico,,ti - projetos-,"clt full, pj/autônomo",0,0,0,0
,,,analista,ensino superior completo,básico,,ti - projetos-,"clt full, pj/autônomo",0,0,0,0
,ensino superior cursando,intermediário,analista,ensino superior completo,básico,ti - sap,ti - sap-,pj/autônomo,0,0,0,0
,ensino superior completo,intermediário,analista,ensino superior completo,intermediário,ti - qualidade/testes,ti - qualidade/testes-,clt full,0,1,1,0
,,,sênior,ensino superior completo,avançado,,ti - projetos-,pj/autônomo,0,0,0,0
,,,analista,ensino superior completo,básico,,ti - projetos-,pj/autônomo,0,0,0,0
,,,pleno,ensino superior completo,básico,,ti - sap-,pj/autônomo,0,0,0,0
,,,pleno,ensino técnico completo,nenhum,,gestão e alocação de recursos de ti-,pj/autônomo,0,0,0,0
,,,sênior,ensino superior completo,avançado,,ti - desenvolvimento/programação-,,0,0,0,0
,,,sênior,ensino superior completo,intermediário,,ti - desenvolvimento/programação-,,0,0,0,0
,,,analista,ensino superior completo,básico,,ti - projetos-,"pj/autônomo, clt full",0,0,0,0
,,,sênior,ensino superior completo,intermediário,,ti - desenvolvimento/programação-,hunting,0,0,0,0
,ensino superior completo,intermediário,analista,ensino superior completo,básico,financeira/controladoria,ti - projetos-,"clt full, pj/autônomo",0,1,0,0
,,,pleno,ensino superior completo,avançado,,ti - projetos-,hunting,0,0,0,0
,ensino superior cursando,avançado,sênior,ensino superior completo,básico,ti - desenvolvimento/programação,ti - projetos-,clt full,0,0,0,0
,,,sênior,ensino superior completo,fluente,,ti - sap-,"pj/autônomo, clt full",0,0,0,0
,,,analista,ensino superior completo,básico,,ti - projetos-,"clt full, pj/autônomo",0,0,0,0
,ensino superior completo,avançado,sênior,ensino médio completo,fluente,"ti - projetos, ti - sap",administrativa-,pj/autônomo,0,0,0,0
,,,sênior,ensino superior completo,avançado,,ti - sap-,clt full,0,0,0,0
,ensino superior cursando,básico,sênior,ensino superior incompleto,avançado,recursos humanos,ti - sap-,pj/autônomo,0,0,0,0
,,,sênior,ensino superior completo,fluente,,ti - projetos-,hunting,0,0,0,0
,,,pleno,ensino técnico completo,nenhum,,gestão e alocação de recursos de ti-,pj/autônomo,0,0,0,0
,,,analista,ensino superior completo,básico,,ti - desenvolvimento/programação-,hunting,0,0,0,0
,ensino superior cursando,básico,pleno,ensino técnico completo,nenhum,ti - qualidade/testes,gestão e alocação de recursos de ti-,pj/autônomo,0,0,0,0
,,,pleno,ensino superior completo,nenhum,,gestão e alocação de recursos de ti-ti - infraestrutura-,pj/autônomo,0,0,0,0
,ensino superior completo,intermediário,sênior,ensino superior completo,básico,ti - desenvolvimento/programação,ti - sap-,pj/autônomo,0,1,0,0
,,,analista,ensino superior completo,básico,,ti - projetos-,"clt full, pj/autônomo",0,0,0,0
,mestrado incompleto,básico,analista,ensino superior completo,básico,ti - projetos,ti - desenvolvimento/programação-,clt full,0,0,1,0
,ensino superior cursando,intermediário,sênior,ensino superior completo,nenhum,ti - qualidade/testes,ti - qualidade/testes-,clt full,0,0,0,0
,,,analista,ensino superior completo,básico,,ti - desenvolvimento/programação-,hunting,0,0,0,0
,ensino superior completo,,pleno,ensino técnico completo,nenhum,"ti - desenvolvimento/programação, ti - infraestrutura, ti - telecom",gestão e alocação de recursos de ti-ti - desenvolvimento/programação-,pj/autônomo,0,0,0,0
,,,analista,ensino superior completo,avançado,,ti - projetos-,"clt full, pj/autônomo",0,0,0,0
,,,sênior,ensino superior completo,avançado,,ti - projetos-,pj/autônomo,0,0,0,0
,,,analista,ensino superior completo,básico,,ti - projetos-,"pj/autônomo, clt full",0,0,0,0
,,,pleno,ensino médio completo,nenhum,,gestão e alocação de recursos de ti-,cooperado,0,0,0,0
,,,pleno,ensino técnico completo,nenhum,,gestão e alocação de recursos de ti-,pj/autônomo,0,0,0,0
,,,analista,ensino superior completo,básico,,ti - desenvolvimento/programação-,clt full,0,0,0,0
,,,sênior,ensino superior completo,básico,,ti - projetos-,pj/autônomo,0,0,0,0
,ensino superior completo,intermediário,pleno,ensino técnico completo,nenhum,ti - suporte,gestão e alocação de recursos de ti-,hunting,0,0,0,0
,,,sênior,ensino superior completo,nenhum,,ti - desenvolvimento/programação-,pj/autônomo,0,0,0,0
,,,sênior,ensino superior completo,avançado,,ti - projetos-,pj/autônomo,0,0,0,0
,,,pleno,ensino superior completo,técnico,,ti - desenvolvimento/programação-,hunting,0,0,0,0
,pós graduação completo,intermediário,analista,ensino superior completo,básico,ti - sistemas e ferramentas,ti - projetos-,"clt full, pj/autônomo",0,0,0,0
,,,sênior,ensino superior completo,nenhum,,ti - ux-,,0,0,0,0
,,,analista,ensino superior completo,básico,,ti - projetos-,"clt full, pj/autônomo",0,0,0,0
,pós graduação completo,básico,analista,ensino superior completo,básico,ti - segurança da informação,ti - projetos-,"clt full, pj/autônomo",0,0,1,0
,,,analista,ensino superior completo,intermediário,,ti - projetos-,hunting,0,0,0,0
,,,pleno,ensino superior completo,intermediário,,ti - projetos-,hunting,0,0,0,0
,,,sênior,ensino médio completo,avançado,,administrativa-,cooperado,0,0,0,0
,ensino superior cursando,avançado,sênior,ensino superior completo,fluente,ti - sap,ti - sap-,"clt full, pj/autônomo",0,0,0,0
,,,pleno,ensino superior completo,nenhum,,gestão e alocação de recursos de ti-ti - arquitetura-,clt full,0,0,0,0
,,,pleno,ensino superior completo,nenhum,,ti - projetos-,hunting,0,0,0,0
,ensino superior completo,,sênior,ensino superior completo,nenhum,,ti - desenvolvimento/programação-,pj/autônomo,0,1,0,0
,,,pleno,ensino superior completo,avançado,,ti - projetos-,hunting,0,0,0,0
,ensino superior completo,avançado,sênior,ensino superior completo,avançado,ti - sap,ti - sap-,"pj/autônomo, clt full",0,1,1,0
,,,pleno,ensino superior completo,avançado,,ti - projetos-,pj/autônomo,0,0,0,0
,,,sênior,ensino superior completo,básico,,ti - projetos-,"clt full, pj/autônomo",0,0,0,0
,,,pleno,ensino técnico completo,nenhum,,gestão e alocação de recursos de ti-,pj/autônomo,0,0,0,0
,,,sênior,ensino técnico completo,nenhum,,gestão e alocação de recursos de ti-,pj/autônomo,0,0,0,0
,,,sênior,ensino superior cursando,intermediário,,ti - projetos-,pj/autônomo,0,0,0,0
,,,analista,ensino médio completo,básico,,ti - infraestrutura-ti - suporte-,cooperado,0,0,0,0
,,,pleno,ensino superior completo,avançado,,gestão e alocação de recursos de ti-ti - infraestrutura-,pj/autônomo,0,0,0,0
,,,sênior,ensino superior completo,nenhum,,ti - sap-,hunting,0,0,0,0
,,,analista,ensino superior completo,básico,,ti - projetos-,clt full,0,0,0,0
,,,analista,ensino superior completo,básico,,ti - projetos-,"clt full, pj/autônomo",0,0,0,0
,,,analista,ensino superior completo,intermediário,,ti - projetos-,"clt full, pj/autônomo",0,0,0,0
,,,sênior,ensino superior completo,nenhum,,ti - sap-,pj/autônomo,0,0,0,0
,,,sênior,ensino superior completo,avançado,,gestão e alocação de recursos de ti-,pj/autônomo,0,0,0,0
,doutorado completo,avançado,pleno,ensino médio completo,avançado,gestão e alocação de recursos de ti,gestão e alocação de recursos de ti-,pj/autônomo,0,0,1,0
,,,analista,ensino superior completo,básico,,ti - projetos-,pj/autônomo,0,0,0,0
,,,sênior,ensino superior completo,fluente,,gestão e alocação de recursos de ti-ti - infraestrutura-,pj/autônomo,0,0,0,0
,,,sênior,ensino médio completo,nenhum,,gestão e alocação de recursos de ti-,cooperado,0,0,0,0
,,,sênior,ensino superior completo,intermediário,,ti - desenvolvimento/mobile-,clt cotas,0,0,0,0
,,,sênior,ensino superior completo,fluente,,ti - projetos-,pj/autônomo,0,0,0,0
,ensino superior incompleto,avançado,analista,pós graduação completo,básico,ti - desenvolvimento/programação,ti - projetos-,"clt full, pj/autônomo",0,0,0,0
,ensino superior completo,básico,júnior,ensino superior completo,nenhum,recursos humanos,administrativa-,cooperado,0,1,0,0
,ensino superior completo,básico,assistente,ensino médio completo,nenhum,administrativa,ti - projetos-,clt full,0,0,0,0
,,,pleno,ensino técnico completo,nenhum,,gestão e alocação de recursos de ti-ti - sap-,pj/autônomo,0,0,0,0
,,,analista,ensino superior completo,básico,,ti - desenvolvimento/programação-,clt full,0,0,0,0
,,,analista,ensino superior completo,básico,,ti - desenvolvimento/programação-,clt full,0,0,0,0
,ensino superior completo,intermediário,sênior,ensino superior completo,nenhum,ti - desenvolvimento/programação,ti - projetos-,pj/autônomo,0,1,0,0
,,,analista,ensino superior completo,fluente,,ti - projetos-,"clt full, pj/autônomo",0,0,0,0
,pós graduação completo,intermediário,analista,ensino superior completo,básico,ti - banco de dados,ti - projetos-,"pj/autônomo, clt full",0,0,0,0
,ensino superior completo,básico,analista,ensino superior completo,básico,ti - desenvolvimento/programação,ti - desenvolvimento/programação-,clt full,0,1,1,0
,,,pleno,ensino médio completo,avançado,,gestão e alocação de recursos de ti-,pj/autônomo,0,0,0,0
,ensino superior completo,fluente,analista,ensino superior completo,avançado,"ti - arquitetura, ti - governança, ti - infraestrutura, ti - segurança da informação, ti - sistemas e ferramentas, ti - suporte",ti - projetos-,"cooperado, pj/autônomo",0,1,0,0
,pós graduação completo,fluente,sênior,ensino superior completo,básico,ti - sap,ti - projetos-,pj/autônomo,0,0,0,0
,,,sênior,ensino superior completo,nenhum,,gestão e alocação de recursos de ti-ti - sap-,pj/autônomo,0,0,0,0
,,,analista,ensino superior completo,básico,,ti - projetos-,"clt full, pj/autônomo",0,0,0,0
,,,sênior,ensino médio completo,fluente,,administrativa-,hunting,0,0,0,0
,ensino superior cursando,intermediário,sênior,ensino superior completo,intermediário,ti - desenvolvimento/programação,ti - desenvolvimento/programação-,pj/autônomo,0,0,1,0
,,,sênior,ensino superior completo,avançado,,ti - sistemas e ferramentas-,,0,0,0,0
,,,sênior,ensino médio completo,nenhum,,financeira/controladoria-,cooperado,0,0,0,0
,,,pleno,ensino superior completo,intermediário,,ti - processos e negócios-,,0,0,0,0
,,,pleno,ensino técnico completo,nenhum,,gestão e alocação de recursos de ti-,pj/autônomo,0,0,0,0
,,,analista,ensino superior completo,básico,,ti - sap-,pj/autônomo,0,0,0,0
,,,sênior,ensino médio completo,avançado,,gestão e alocação de recursos de ti-,pj/autônomo,0,0,0,0
,ensino superior completo,avançado,sênior,ensino superior completo,intermediário,"ti - desenvolvimento/mobile, ti - desenvolvimento/programação",ti - desenvolvimento/programação-,clt full,0,1,0,0
,ensino superior completo,básico,analista,ensino superior completo,intermediário,ti - qualidade/testes,ti - qualidade/testes-,clt full,0,1,0,0
,,,analista,ensino superior completo,avançado,,ti - projetos-,hunting,0,0,0,0
,pós graduação completo,intermediário,gerente,ensino superior completo,básico,ti - infraestrutura,ti - projetos-,pj/autônomo,0,0,0,0
,,,analista,ensino superior completo,básico,,ti - projetos-,"pj/autônomo, clt full",0,0,0,0
,,,analista,ensino superior completo,básico,,ti - sap-,pj/autônomo,0,0,0,0
,ensino superior completo,intermediário,sênior,ensino superior completo,nenhum,ti - desenvolvimento/programação,gestão e alocação de recursos de ti-,clt full,0,1,0,0
,,,analista,ensino superior completo,intermediário,,ti - projetos-,"pj/autônomo, clt full",0,0,0,0
,,,pleno,ensino superior completo,fluente,,ti - projetos-,clt full,0,0,0,0
,ensino superior completo,,sênior,ensino superior completo,básico,,ti - sap-,pj/autônomo,0,1,0,0
,,,sênior,ensino superior completo,básico,,ti - sap-,hunting,0,0,0,0
,pós graduação completo,básico,analista,ensino superior completo,básico,ti - desenvolvimento/mobile,ti - projetos-,"pj/autônomo, clt full",0,0,1,0
,,,sênior,ensino médio completo,técnico,,ti - sap-,cooperado,0,0,0,0
,,,analista,ensino superior completo,básico,,ti - projetos-,"clt full, pj/autônomo",0,0,0,0
,,,pleno,ensino técnico completo,nenhum,,gestão e alocação de recursos de ti-,pj/autônomo,0,0,0,0
,,,analista,ensino superior completo,intermediário,,ti - projetos-,"clt full, pj/autônomo",0,0,0,0
,,,analista,ensino superior completo,avançado,,ti - desenvolvimento/programação-,clt full,0,0,0,0
,,,analista,ensino superior completo,básico,,ti - projetos-,"clt full, pj/autônomo",0,0,0,0
,,,sênior,ensino superior completo,avançado,,ti - projetos-,"pj/autônomo, clt full",0,0,0,0
,,,pleno,ensino superior completo,intermediário,,ti - projetos-,clt full,0,0,0,0
,,,pleno,ensino superior completo,intermediário,,ti - sap-,pj/autônomo,0,0,0,0
,,,pleno,ensino superior completo,avançado,,ti - projetos-,hunting,0,0,0,0
,ensino superior completo,,pleno,ensino superior completo,avançado,,ti - sap-,hunting,0,1,0,0
,pós graduação completo,básico,sênior,ensino médio completo,nenhum,ti - qualidade/testes,gestão e alocação de recursos de ti-,cooperado,0,0,0,0
,ensino superior completo,intermediário,sênior,ensino médio completo,nenhum,ti - desenvolvimento/programação,financeira/controladoria-,clt cotas,0,0,0,0
,,,pleno,ensino técnico completo,intermediário,,gestão e alocação de recursos de ti-,pj/autônomo,0,0,0,0
,,,sênior,ensino superior completo,nenhum,,ti - projetos-,hunting,0,0,0,0
,,,sênior,ensino técnico completo,avançado,,marketing-,pj/autônomo,0,0,0,0
,,,analista,ensino superior completo,básico,,ti - projetos-,"clt full, pj/autônomo",0,0,0,0
,pós graduação completo,intermediário,gerente,ensino superior completo,avançado,administrativa,ti - projetos-,pj/autônomo,0,0,0,0
,,,sênior,ensino superior completo,fluente,,ti - projetos-,pj/autônomo,0,0,0,0
,,,sênior,ensino superior cursando,básico,,ti - desenvolvimento/programação-,pj/autônomo,0,0,0,0
,,,pleno,ensino superior completo,intermediário,,ti - projetos-,pj/autônomo,0,0,0,0
,,,sênior,ensino superior completo,básico,,ti - projetos-,"clt full, pj/autônomo",0,0,0,0
,,,pleno,ensino superior completo,avançado,,ti - sistemas e ferramentas-,clt full,0,0,0,0
,pós graduação incompleto,fluente,analista,ensino superior completo,básico,"ti - desenvolvimento/programação, ti - processos e negócios, ti - projetos, ti - qualidade/testes, ti - sap, ti - suporte",ti - sap-,pj/autônomo,0,0,0,0
,ensino superior cursando,básico,analista,ensino superior completo,básico,"ti - desenvolvimento/programação, ti - projetos, ti - qualidade/testes, ti - sap, ti - ux",ti - projetos-,"pj/autônomo, clt full",0,0,1,0
,,,analista,ensino superior completo,avançado,,ti - sap-,pj/autônomo,0,0,0,0
,pós graduação completo,fluente,analista,ensino superior completo,básico,ti - projetos,ti - sap-,"pj/autônomo, clt full",0,0,0,0
,,,sênior,ensino superior completo,fluente,,administrativa-,pj/autônomo,0,0,0,0
,,,pleno,ensino superior completo,nenhum,,ti - desenvolvimento/programação-,clt full,0,0,0,0
,,,sênior,ensino médio completo,nenhum,,financeira/controladoria-,cooperado,0,0,0,0
,,,sênior,ensino médio completo,nenhum,,gestão e alocação de recursos de ti-,pj/autônomo,0,0,0,0
,,,pleno,ensino superior cursando,intermediário,,ti - desenvolvimento/programação-,hunting,0,0,0,0
,,,especialista,ensino superior completo,fluente,,ti - projetos-,hunting,0,0,0,0
,doutorado completo,intermediário,sênior,ensino médio completo,avançado,ti - governança,ti - projetos-,pj/autônomo,0,0,0,0
,,,especialista,ensino superior cursando,avançado,,ti - qualidade/testes-,clt full,0,0,0,0
,ensino superior completo,,sênior,ensino superior completo,fluente,,ti - sap-,hunting,0,1,0,0
,,,sênior,ensino superior completo,básico,,ti - projetos-,"clt full, pj/autônomo",0,0,0,0
,,,sênior,ensino superior completo,nenhum,,gestão e alocação de recursos de ti-ti - sap-,pj/autônomo,0,0,0,0
,,,sênior,ensino superior completo,intermediário,,ti - projetos-,"pj/autônomo, cooperado",0,0,0,0
,pós graduação completo,avançado,analista,ensino superior completo,fluente,ti - sap,ti - projetos-,clt full,0,0,0,0
,,,pleno,ensino técnico completo,nenhum,,gestão e alocação de recursos de ti-,pj/autônomo,0,0,0,0
,,,sênior,ensino superior completo,fluente,,ti - sap-,pj/autônomo,0,0,0,0
,,,pleno,ensino técnico completo,nenhum,,gestão e alocação de recursos de ti-,pj/autônomo,0,0,0,0
,pós graduação completo,,sênior,ensino médio completo,avançado,,gestão e alocação de recursos de ti-,pj/autônomo,0,0,0,0
,,,analista,ensino superior completo,avançado,,ti - projetos-,hunting,0,0,0,0
líder,ensino técnico completo,avançado,analista,ensino superior completo,básico,ti - projetos,ti - desenvolvimento/programação-,clt full,0,0,0,0
,,,analista,ensino superior completo,avançado,,ti - projetos-,clt full,0,0,0,0
,,,pleno,ensino superior completo,nenhum,,ti - sistemas e ferramentas-,pj/autônomo,0,0,0,0
,,,pleno,ensino superior completo,intermediário,,ti - projetos-,clt full,0,0,0,0
,,,sênior,ensino superior completo,intermediário,,ti - desenvolvimento/programação-,,0,0,0,0
,ensino superior completo,intermediário,sênior,ensino superior completo,nenhum,ti - desenvolvimento/programação,ti - desenvolvimento/programação-,pj/autônomo,0,1,0,0
,,,analista,ensino superior completo,intermediário,,ti - projetos-,"clt full, pj/autônomo",0,0,0,0
,,,pleno,ensino superior completo,avançado,,ti - projetos-,clt full,0,0,0,0
,,,sênior,ensino superior completo,básico,,ti - sap-,"pj/autônomo, clt full",0,0,0,0
,,,analista,ensino superior completo,fluente,,administrativa-,clt full,0,0,0,0
,,,assistente,ensino superior incompleto,básico,,administrativa-,clt full,0,0,0,0
,,,analista,ensino superior completo,básico,,ti - desenvolvimento/programação-,clt full,0,0,0,0
,ensino superior completo,básico,analista,ensino superior completo,básico,ti - suporte,ti - projetos-,"pj/autônomo, clt full",0,1,1,0
,,,analista,ensino superior completo,básico,,ti - desenvolvimento/programação-,clt full,0,0,0,0
,,,analista,ensino superior completo,avançado,,ti - projetos-,hunting,0,0,0,0
,,,analista,ensino superior completo,básico,,ti - projetos-,"pj/autônomo, clt full",0,0,0,0
,,,pleno,ensino superior completo,nenhum,,ti - desenvolvimento/programação-,clt full,0,0,0,0
,,,analista,ensino superior completo,básico,,ti - projetos-,clt full,0,0,0,0
,,,sênior,ensino médio completo,fluente,,financeira/controladoria-,cooperado,0,0,0,0
,,,pleno,ensino técnico completo,fluente,,gestão e alocação de recursos de ti-,pj/autônomo,0,0,0,0
,ensino superior completo,intermediário,pleno,ensino superior completo,avançado,ti - sap,ti - sap-,cooperado,0,1,0,0
,,,analista,ensino superior completo,básico,,ti - projetos-,"pj/autônomo, clt full",0,0,0,0
,,,analista,ensino superior completo,básico,,ti - sap-,hunting,0,0,0,0
,,,analista,ensino superior cursando,nenhum,,ti - sap-,clt cotas,0,0,0,0
,,,sênior,ensino médio completo,nenhum,,financeira/controladoria-,pj/autônomo,0,0,0,0
,ensino médio completo,básico,sênior,ensino médio completo,nenhum,ti - qualidade/testes,administrativa-,cooperado,0,1,0,0
,,,analista,ensino superior completo,avançado,,ti - sap-,"pj/autônomo, clt full",0,0,0,0
,,,sênior,ensino superior completo,avançado,,ti - sap-,pj/autônomo,0,0,0,0
,,,sênior,ensino superior completo,avançado,,financeira/controladoria-,pj/autônomo,0,0,0,0
,,,sênior,ensino superior completo,nenhum,,ti - desenvolvimento/programação-,clt full,0,0,0,0
,,,pleno,ensino técnico completo,nenhum,,gestão e alocação de recursos de ti-,cooperado,0,0,0,0
,pós graduação completo,fluente,sênior,ensino superior completo,fluente,ti - sap,ti - sap-,hunting,0,0,1,0
,,,analista,ensino superior completo,básico,,ti - projetos-,"clt full, pj/autônomo",0,0,0,0
,,,sênior,ensino médio completo,técnico,,ti - sap-,pj/autônomo,0,0,0,0
,,,especialista,ensino superior completo,básico,,ti - sap-,pj/autônomo,0,0,0,0
,,,analista,ensino superior completo,básico,,ti - suporte-,"cooperado, pj/autônomo",0,0,0,0
,ensino superior completo,intermediário,pleno,ensino médio completo,avançado,ti - desenvolvimento/programação,gestão e alocação de recursos de ti-,pj/autônomo,0,0,0,0
,,,sênior,ensino superior completo,avançado,,ti - desenvolvimento/design-,,0,0,0,0
,,,analista,ensino superior completo,básico,,ti - projetos-,"clt full, pj/autônomo",0,0,0,0
,,,analista,ensino superior completo,básico,,ti - projetos-,"clt full, pj/autônomo",0,0,0,0
,,,assistente,ensino superior completo,nenhum,,administrativa-,clt full,0,0,0,0
,,,analista,ensino superior completo,básico,,ti - projetos-,"pj/autônomo, clt full",0,0,0,0
,,,analista,ensino superior completo,básico,,ti - sap-,clt full,0,0,0,0
,,,pleno,ensino superior completo,intermediário,,gestão e alocação de recursos de ti-ti - desenvolvimento/programação-,pj/autônomo,0,0,0,0
,,,sênior,ensino superior completo,básico,,ti - projetos-,cooperado,0,0,0,0
,pós graduação completo,avançado,sênior,ensino médio completo,avançado,"ti - processos e negócios, ti - projetos, ti - qualidade/testes, ti - sap, ti - sistemas e ferramentas, ti - suporte",gestão e alocação de recursos de ti-,pj/autônomo,0,0,1,0
,,,sênior,ensino superior completo,básico,,ti - sap-,pj/autônomo,0,0,0,0
,,,sênior,ensino superior completo,básico,,ti - projetos-,"clt full, pj/autônomo",0,0,0,0
,,,pleno,ensino técnico completo,nenhum,,gestão e alocação de recursos de ti-ti - sap-,pj/autônomo,0,0,0,0
,,,analista,ensino superior completo,básico,,ti - suporte-,"pj/autônomo, clt full",0,0,0,0
,ensino superior completo,básico,analista,ensino médio completo,nenhum,administrativa,administrativa-financeira/controladoria-,clt full,0,0,0,0
,pós graduação cursando,básico,pleno,ensino superior completo,intermediário,ti - desenvolvimento/programação,ti - desenvolvimento/programação-,,0,0,0,0
,ensino superior completo,,pleno,ensino técnico completo,nenhum,,gestão e alocação de recursos de ti-,pj/autônomo,0,0,0,0
,pós graduação completo,avançado,analista,ensino superior completo,básico,ti - projetos,ti - projetos-,pj/autônomo,0,0,0,0
,,,sênior,ensino superior completo,nenhum,,ti - sap-,pj/autônomo,0,0,0,0
,pós graduação completo,básico,pleno,ensino técnico completo,nenhum,ti - desenvolvimento/programação,gestão e alocação de recursos de ti-,pj/autônomo,0,0,0,0
,,,sênior,ensino superior completo,fluente,,ti - projetos-,pj/autônomo,0,0,0,0
,pós graduação completo,básico,analista,ensino superior completo,básico,recursos humanos,ti - projetos-,"pj/autônomo, clt full",0,0,1,0
,,,sênior,ensino superior completo,intermediário,,ti - sap-,,0,0,0,0
,ensino superior completo,intermediário,pleno,ensino superior completo,técnico,ti - sap,ti - sap-,clt full,0,1,0,0
,,,sênior,ensino superior completo,básico,,ti - sap-,pj/autônomo,0,0,0,0
,,,pleno,ensino superior completo,avançado,,ti - arquitetura-,pj/autônomo,0,0,0,0
,ensino superior cursando,avançado,analista,ensino superior completo,básico,ti - governança,ti - projetos-,"pj/autônomo, clt full",0,0,0,0
,pós graduação incompleto,básico,analista,ensino superior completo,básico,administrativa,ti - projetos-,"clt full, pj/autônomo",0,0,1,0
,,,assistente,ensino superior incompleto,básico,,administrativa-,,0,0,0,0
,,,analista,ensino superior completo,básico,,ti - projetos-,pj/autônomo,0,0,0,0
,,,sênior,ensino superior cursando,nenhum,,ti - sistemas e ferramentas-,clt full,0,0,0,0
,,,sênior,ensino superior completo,básico,,ti - projetos-,,0,0,0,0
,ensino superior completo,básico,analista,ensino superior completo,básico,ti - desenvolvimento/programação,ti - projetos-,"clt full, pj/autônomo",0,1,1,0
,,,sênior,ensino médio completo,avançado,,ti - desenvolvimento/programação-ti - processos e negócios-,pj/autônomo,0,0,0,0
,,,sênior,ensino médio completo,nenhum,,ti - projetos-,cooperado,0,0,0,0
,,,sênior,ensino superior completo,avançado,,ti - projetos-,pj/autônomo,0,0,0,0
,,,sênior,ensino superior completo,avançado,,ti - sap-,pj/autônomo,0,0,0,0
,mestrado completo,fluente,sênior,ensino superior completo,nenhum,"ti - desenvolvimento/programação, ti - governança, ti - processos e negócios, ti - projetos",ti - projetos-,hunting,0,0,0,0
sênior,,,analista,ensino superior completo,básico,,ti - sap-,pj/autônomo,0,0,0,0
,,,pleno,ensino superior completo,avançado,,ti - projetos-,pj/autônomo,0,0,0,0
,,,pleno,ensino superior completo,avançado,,ti - projetos-,pj/autônomo,0,0,0,0
,,,sênior,ensino superior completo,avançado,,ti - projetos-,pj/autônomo,0,0,0,0
,,,pleno,ensino superior completo,básico,,ti - projetos-,"clt full, pj/autônomo",0,0,0,0
,,,sênior,ensino médio completo,avançado,,ti - projetos-,pj/autônomo,0,0,0,0
,,,pleno,ensino superior completo,básico,,ti - projetos-,"clt full, clt cotas, pj/autônomo",0,0,0,0
,,,analista,ensino superior cursando,básico,,ti - suporte-,"clt full, clt cotas, pj/autônomo",0,0,0,0
,pós graduação completo,avançado,analista,ensino superior completo,básico,"ti - processos e negócios, ti - sap",ti - sap-,"pj/autônomo, clt cotas",0,0,0,0
,ensino médio completo,nenhum,analista,ensino superior completo,básico,ti - suporte,ti - suporte-,clt cotas,0,0,0,0
,,,sênior,ensino superior completo,nenhum,,ti - sap-,pj/autônomo,0,0,0,0
,ensino superior completo,intermediário,analista,ensino superior completo,básico,ti - processos e negócios,ti - desenvolvimento/programação-,clt full,0,1,0,0
,,,sênior,ensino superior completo,básico,,ti - projetos-,"pj/autônomo, clt full",0,0,0,0
,,,especialista,ensino superior completo,nenhum,,administrativa-,clt full,0,0,0,0
,,,analista,ensino superior completo,avançado,,ti - sap-,pj/autônomo,0,0,0,0
,,,analista,ensino superior completo,básico,,ti - projetos-,"clt full, pj/autônomo",0,0,0,0
,pós graduação completo,intermediário,júnior,ensino superior completo,básico,financeira/controladoria,ti - projetos-,"pj/autônomo, clt full",0,0,0,0
,pós graduação completo,básico,analista,ensino superior completo,básico,recursos humanos,recursos humanos-,clt full,0,0,1,0
,,,sênior,ensino médio completo,básico,,financeira/controladoria-,pj/autônomo,0,0,0,0
,,básico,sênior,ensino superior completo,intermediário,,ti - infraestrutura-,,0,0,0,0
,,,sênior,ensino superior completo,fluente,,ti - qualidade/testes-,pj/autônomo,0,0,0,0
,,,analista,ensino superior completo,básico,,ti - projetos-,"pj/autônomo, clt full",0,0,0,0
,ensino superior completo,básico,pleno,ensino superior completo,nenhum,ti - desenvolvimento/programação,ti - desenvolvimento/programação-,clt full,0,1,0,0
,,,analista,ensino superior completo,básico,,ti - projetos-,clt full,0,0,0,0
,,,sênior,ensino superior completo,avançado,,ti - sap-,"pj/autônomo, clt full",0,0,0,0
,,,sênior,ensino superior completo,básico,,ti - projetos-,pj/autônomo,0,0,0,0
,,,analista,ensino superior completo,avançado,,ti - sap-,"clt full, clt cotas, cooperado, pj/autônomo",0,0,0,0
,,,pleno,ensino médio completo,nenhum,,administrativa-,cooperado,0,0,0,0
,,,coordenador,ensino médio completo,fluente,,ti - projetos-,cooperado,0,0,0,0
,mestrado completo,avançado,analista,ensino superior completo,básico,"ti - desenvolvimento/programação, ti - governança, ti - processos e negócios, ti - projetos",ti - projetos-,"pj/autônomo, clt full",0,0,0,0
,ensino superior completo,básico,analista,ensino superior completo,básico,"administrativa, financeira/controladoria",ti - projetos-,"clt full, pj/autônomo",0,1,1,0
,,,analista,ensino superior completo,básico,,ti - projetos-,"clt full, pj/autônomo",0,0,0,0
,,,analista,pós graduação completo,básico,,ti - projetos-,clt full,0,0,0,0
,ensino superior completo,intermediário,pleno,ensino técnico completo,nenhum,ti - banco de dados,gestão e alocação de recursos de ti-,clt full,0,0,0,0
,pós graduação completo,fluente,pleno,ensino superior completo,avançado,ti - sap,ti - sap-,cooperado,0,0,0,0
,mestrado completo,intermediário,sênior,ensino superior completo,básico,ti - desenvolvimento/programação,ti - projetos-,"pj/autônomo, clt full",0,0,0,0
,,,especialista,ensino superior completo,básico,,ti - sap-,"clt full, pj/autônomo",0,0,0,0
,,,especialista,ensino superior completo,avançado,,ti - sap-,pj/autônomo,0,0,0,0
,,,pleno,ensino superior completo,básico,,ti - sap-,hunting,0,0,0,0
,,,júnior,ensino superior cursando,intermediário,,ti - infraestrutura-,pj/autônomo,0,0,0,0
,,,analista,ensino superior completo,básico,,ti - sap-,pj/autônomo,0,0,0,0
,pós graduação completo,avançado,sênior,ensino superior completo,avançado,ti - desenvolvimento/programação,ti - sistemas e ferramentas-,,0,0,1,0
,pós graduação cursando,fluente,sênior,ensino médio completo,fluente,"ti - projetos, ti - sap",ti - sap-,cooperado,0,0,1,0
,pós graduação completo,,sênior,ensino superior completo,avançado,,ti - projetos-,hunting,0,0,0,0
,pós graduação completo,básico,sênior,ensino superior completo,básico,recursos humanos,gestão e alocação de recursos de ti-,clt cotas,0,0,1,0
,pós graduação completo,intermediário,sênior,ensino superior completo,fluente,recursos humanos,recursos humanos-,,0,0,0,0
,,,sênior,ensino superior completo,avançado,,ti - projetos-,pj/autônomo,0,0,0,0
,ensino superior completo,intermediário,analista,ensino superior completo,básico,ti - sap,ti - projetos-,"pj/autônomo, clt full",0,1,0,0
,,,analista,ensino superior completo,básico,,ti - projetos-,"clt full, pj/autônomo",0,0,0,0
,ensino superior completo,intermediário,pleno,ensino superior completo,técnico,ti - desenvolvimento/programação,ti - projetos-,hunting,0,1,0,0
,,,analista,ensino superior completo,básico,,ti - sap-,clt full,0,0,0,0
,,,sênior,ensino médio completo,nenhum,,ti - projetos-,cooperado,0,0,0,0
,,,sênior,ensino superior completo,avançado,,ti - projetos-,clt full,0,0,0,0
,,,analista,ensino superior completo,básico,,ti - desenvolvimento/programação-,clt full,0,0,0,0
,,,sênior,ensino superior completo,intermediário,,ti - projetos-,hunting,0,0,0,0
especialista,,,sênior,ensino superior completo,nenhum,,gestão e alocação de recursos de ti-,clt full,0,0,0,0
,,,analista,ensino superior completo,avançado,,ti - desenvolvimento/programação-,clt full,0,0,0,0
,,,analista,ensino superior completo,intermediário,,ti - projetos-,pj/autônomo,0,0,0,0
,,,pleno,ensino técnico completo,nenhum,,gestão e alocação de recursos de ti-,pj/autônomo,0,0,0,0
,,,sênior,ensino superior incompleto,nenhum,,recursos humanos-,clt full,0,0,0,0
,ensino superior cursando,básico,analista,ensino superior completo,básico,"ti - desenvolvimento/mobile, ti - infraestrutura, ti - qualidade/testes",ti - projetos-,"pj/autônomo, clt full",0,0,1,0
,,,pleno,ensino superior completo,básico,,ti - sap-,hunting,0,0,0,0
,,,pleno,ensino superior completo,intermediário,,ti - processos e negócios-,"clt full, clt cotas, cooperado, pj/autônomo",0,0,0,0
,,,analista,ensino superior completo,avançado,,ti - sap-,pj/autônomo,0,0,0,0
,,,analista,ensino superior completo,básico,,ti - projetos-,"pj/autônomo, clt full",0,0,0,0
,,,sênior,ensino superior completo,nenhum,,ti - projetos-,,0,0,0,0
,,,gerente,ensino superior completo,nenhum,,ti - projetos-,clt full,0,0,0,0
,,,sênior,ensino superior completo,intermediário,,ti - projetos-,hunting,0,0,0,0
,ensino superior cursando,fluente,sênior,ensino técnico completo,nenhum,"ti - arquitetura, ti - desenvolvimento/design, ti - desenvolvimento/mobile, ti - desenvolvimento/programação, ti - sistemas e ferramentas",ti - desenvolvimento/programação-,clt full,0,0,0,0
,,,sênior,ensino médio completo,nenhum,,administrativa-,pj/autônomo,0,0,0,0
,,,sênior,ensino superior completo,intermediário,,ti - projetos-,hunting,0,0,0,0
,,,sênior,ensino superior completo,avançado,,ti - projetos-,hunting,0,0,0,0
,,,analista,ensino superior completo,básico,,ti - projetos-,hunting,0,0,0,0
,,,pleno,ensino superior completo,básico,,ti - projetos-,"clt full, clt cotas, pj/autônomo",0,0,0,0
,,,sênior,ensino superior completo,básico,,ti - sap-,pj/autônomo,0,0,0,0
,ensino superior completo,intermediário,sênior,ensino superior completo,intermediário,ti - processos e negócios,ti - sistemas e ferramentas-,clt full,0,1,1,0
,ensino superior cursando,intermediário,assistente,ensino médio completo,nenhum,administrativa,ti - projetos-,clt full,0,0,0,0
,,,sênior,ensino superior completo,nenhum,,ti - desenvolvimento/programação-,clt full,0,0,0,0
,,,sênior,ensino médio completo,avançado,,gestão e alocação de recursos de ti-,pj/autônomo,0,0,0,0
,,,pleno,ensino médio completo,nenhum,,gestão e alocação de recursos de ti-,cooperado,0,0,0,0
,,,sênior,ensino superior completo,fluente,,ti - desenvolvimento/programação-,pj/autônomo,0,0,0,0
,,,sênior,ensino médio completo,fluente,,ti - projetos-ti - sap-,pj/autônomo,0,0,0,0
,mestrado completo,básico,pleno,ensino médio completo,nenhum,ti - desenvolvimento/programação,gestão e alocação de recursos de ti-,cooperado,0,0,0,0
,,,analista,ensino superior completo,intermediário,,ti - projetos-,"pj/autônomo, clt full",0,0,0,0
,,,sênior,ensino superior incompleto,nenhum,,ti - projetos-,hunting,0,0,0,0
,,,sênior,ensino médio completo,fluente,,ti - sap-,hunting,0,0,0,0
,,,analista,ensino superior completo,básico,,ti - desenvolvimento/programação-,hunting,0,0,0,0
,ensino superior completo,,analista,ensino superior completo,avançado,"ti - desenvolvimento/programação, ti - infraestrutura, ti - telecom",ti - desenvolvimento/programação-,clt full,0,1,0,0
,,,pleno,ensino superior completo,básico,,ti - projetos-,"clt full, pj/autônomo",0,0,0,0
,,,analista,ensino superior completo,intermediário,,ti - projetos-,"clt full, pj/autônomo",0,0,0,0
,,,sênior,ensino médio completo,nenhum,,ti - sistemas e ferramentas-,hunting,0,0,0,0
,,,sênior,ensino superior completo,avançado,,ti - telecom-,hunting,0,0,0,0
,,,coordenador,ensino superior completo,fluente,,ti - suporte-,hunting,0,0,0,0
,,,analista,ensino superior completo,básico,,ti - sap-,pj/autônomo,0,0,0,0
,,,pleno,ensino técnico completo,nenhum,,gestão e alocação de recursos de ti-,pj/autônomo,0,0,0,0
,pós graduação completo,intermediário,sênior,ensino superior completo,intermediário,marketing,ti - sistemas e ferramentas-,hunting,0,0,1,0
,,,gerente,ensino superior completo,fluente,,ti - qualidade/testes-,cooperado,0,0,0,0
,,,analista,ensino superior completo,fluente,,ti - sap-,pj/autônomo,0,0,0,0
,,,analista,ensino superior completo,básico,,ti - projetos-,"clt full, pj/autônomo",0,0,0,0
,,,pleno,ensino técnico completo,nenhum,,gestão e alocação de recursos de ti-,pj/autônomo,0,0,0,0
,,,analista,ensino superior completo,avançado,,ti - projetos-,"clt full, pj/autônomo",0,0,0,0
,,,sênior,ensino superior completo,nenhum,,ti - sap-,clt full,0,0,0,0
,,,júnior,ensino técnico completo,nenhum,,ti - telecom-,cooperado,0,0,0,0
,,,sênior,ensino superior completo,fluente,,ti - qualidade/testes-,pj/autônomo,0,0,0,0
,,,analista,ensino superior completo,básico,,ti - sap-,pj/autônomo,0,0,0,0
,,,sênior,ensino superior completo,básico,,ti - sap-,"pj/autônomo, clt full",0,0,0,0
,,,pleno,ensino superior completo,básico,,ti - sap-,pj/autônomo,0,0,0,0
,,,analista,ensino superior completo,básico,,ti - projetos-,"clt full, pj/autônomo",0,0,0,0
,,,sênior,ensino superior completo,básico,,ti - projetos-,"pj/autônomo, clt full",0,0,0,0
,,,sênior,ensino superior completo,intermediário,,ti - sistemas e ferramentas-,hunting,0,0,0,0
,mestrado cursando,intermediário,pleno,ensino técnico completo,fluente,"comercial, gestão e alocação de recursos de ti, marketing, novos negócios e parcerias, ti - governança, ti - processos e negócios, ti - projetos, ti - sap, ti - suporte",gestão e alocação de recursos de ti-,pj/autônomo,0,0,0,0
,,,sênior,ensino superior completo,fluente,,ti - projetos-,pj/autônomo,0,0,0,0
,,,especialista,ensino superior completo,básico,,recursos humanos-,clt full,0,0,0,0
,,,analista,ensino superior completo,básico,,ti - desenvolvimento/mobile-,hunting,0,0,0,0
,,,sênior,ensino superior completo,intermediário,,gestão e alocação de recursos de ti-,hunting,0,0,0,0
,,,pleno,ensino técnico completo,nenhum,,gestão e alocação de recursos de ti-,pj/autônomo,0,0,0,0
,,,assistente,ensino médio completo,nenhum,,administrativa-,clt full,0,0,0,0
,,,analista,ensino superior completo,básico,,ti - projetos-,hunting,0,0,0,0
,mestrado cursando,avançado,sênior,ensino superior completo,avançado,"ti - processos e negócios, ti - projetos, ti - qualidade/testes, ti - sap",ti - projetos-,pj/autônomo,0,0,1,0
,pós graduação completo,avançado,sênior,ensino superior completo,nenhum,,ti - sap-,cooperado,0,0,0,0
,,,analista,ensino superior completo,intermediário,,ti - projetos-,"clt full, pj/autônomo",0,0,0,0
,,,pleno,ensino técnico completo,nenhum,,gestão e alocação de recursos de ti-,pj/autônomo,0,0,0,0
,,,sênior,ensino superior completo,fluente,,ti - sap-,pj/autônomo,0,0,0,0
,,,sênior,ensino superior completo,nenhum,,ti - sistemas e ferramentas-,clt full,0,0,0,0
,,,analista,ensino superior completo,fluente,,ti - sap-,"clt full, pj/autônomo",0,0,0,0
,pós graduação completo,intermediário,pleno,ensino superior completo,avançado,"ti - governança, ti - processos e negócios, ti - projetos, ti - qualidade/testes, ti - sap, ti - sistemas e ferramentas, ti - suporte",ti - sap-,hunting,0,0,0,0
,pós graduação completo,intermediário,analista,ensino superior completo,básico,ti - processos e negócios,ti - qualidade/testes-,hunting,0,0,0,0
,,,analista,ensino superior completo,básico,,ti - projetos-,pj/autônomo,0,0,0,0
,pós graduação completo,avançado,sênior,ensino superior cursando,avançado,marketing,ti - sistemas e ferramentas-,pj/autônomo,0,0,1,0
,,,analista,ensino superior completo,básico,,ti - projetos-,hunting,0,0,0,0
,,,pleno,ensino técnico completo,nenhum,,gestão e alocação de recursos de ti-,pj/autônomo,0,0,0,0
,,,pleno,ensino superior completo,nenhum,,gestão e alocação de recursos de ti-,hunting,0,0,0,0
,ensino superior cursando,básico,analista,ensino superior completo,básico,recursos humanos,ti - projetos-,"clt full, pj/autônomo",0,0,1,0
,,,analista,ensino superior completo,básico,,ti - sap-,clt full,0,0,0,0
,,,assistente,ensino superior cursando,nenhum,,administrativa-,clt full,0,0,0,0
,,,sênior,ensino superior completo,nenhum,,ti - sap-,"pj/autônomo, cooperado",0,0,0,0
,,,pleno,ensino técnico completo,nenhum,,gestão e alocação de recursos de ti-,pj/autônomo,0,0,0,0
,,,sênior,ensino superior completo,nenhum,,ti - sistemas e ferramentas-,clt full,0,0,0,0
,ensino superior incompleto,avançado,analista,ensino superior completo,fluente,ti - desenvolvimento/programação,ti - projetos-,"clt full, pj/autônomo",0,0,0,0
,,,analista,ensino superior completo,básico,,ti - desenvolvimento/programação-,clt full,0,0,0,0
,,,analista,ensino superior completo,básico,,ti - sap-,pj/autônomo,0,0,0,0
,,,analista,ensino superior completo,básico,,ti - projetos-,"pj/autônomo, clt full",0,0,0,0
,,,pleno,ensino técnico completo,nenhum,,gestão e alocação de recursos de ti-,hunting,0,0,0,0
,,,sênior,ensino superior completo,nenhum,,ti - sap-,cooperado,0,0,0,0
,,,sênior,ensino superior completo,avançado,,ti - sap-,pj/autônomo,0,0,0,0
,,,pleno,ensino superior completo,nenhum,,ti - desenvolvimento/programação-,pj/autônomo,0,0,0,0
,,,gerente,ensino superior completo,avançado,,ti - projetos-,hunting,0,0,0,0
,,,analista,ensino superior completo,básico,,ti - projetos-,"clt full, pj/autônomo",0,0,0,0
,,,gerente,ensino superior completo,básico,,ti - projetos-,"pj/autônomo, clt full",0,0,0,0
,,,pleno,ensino técnico completo,nenhum,,gestão e alocação de recursos de ti-,pj/autônomo,0,0,0,0
,,,analista,ensino superior completo,básico,,ti - projetos-,hunting,0,0,0,0
especialista,,,analista,ensino superior completo,intermediário,,ti - sap-,clt cotas,0,0,0,0
,,,sênior,ensino médio completo,nenhum,,ti - projetos-,cooperado,0,0,0,0
,,,sênior,ensino superior completo,básico,,ti - projetos-,"cooperado, pj/autônomo",0,0,0,0
,,,júnior,ensino superior completo,avançado,,ti - desenvolvimento/programação-,clt full,0,0,0,0
,,,analista,ensino superior completo,básico,,ti - sap-,pj/autônomo,0,0,0,0
,,,júnior,ensino técnico cursando,nenhum,,ti - infraestrutura-,pj/autônomo,0,0,0,0
,,,analista,ensino superior completo,nenhum,,recursos humanos-,clt cotas,0,0,0,0
,pós graduação completo,intermediário,analista,ensino superior completo,básico,ti - desenvolvimento/programação,ti - projetos-,pj/autônomo,0,0,0,0
,,,sênior,ensino superior completo,avançado,,ti - sap-,"pj/autônomo, clt full",0,0,0,0
,,,sênior,ensino superior completo,básico,,ti - projetos-,"cooperado, pj/autônomo",0,0,0,0
,ensino superior completo,avançado,pleno,ensino superior completo,nenhum,ti - desenvolvimento/programação,ti - sistemas e ferramentas-,clt full,0,1,0,0
,,,pleno,ensino superior completo,nenhum,,gestão e alocação de recursos de ti-ti - desenvolvimento/programação-,pj/autônomo,0,0,0,0
,,,sênior,ensino médio incompleto,nenhum,,financeira/controladoria-,cooperado,0,0,0,0
,,,sênior,ensino superior completo,avançado,,ti - projetos-,"clt full, pj/autônomo",0,0,0,0
,,,sênior,ensino superior completo,avançado,,ti - desenvolvimento/programação-,,0,0,0,0
,,,analista,ensino superior completo,fluente,,administrativa-,clt full,0,0,0,0
,pós graduação completo,avançado,analista,ensino superior completo,intermediário,ti - desenvolvimento/programação,ti - projetos-,"clt full, pj/autônomo",0,0,0,0
,,,pleno,ensino superior completo,básico,,ti - sap-,clt full,0,0,0,0
,,,analista,ensino superior completo,básico,,ti - projetos-,clt full,0,0,0,0
,,,analista,ensino superior completo,básico,,ti - projetos-,"pj/autônomo, clt full",0,0,0,0
,,,sênior,ensino superior completo,fluente,,ti - projetos-,"clt full, pj/autônomo",0,0,0,0
,ensino superior completo,,pleno,pós graduação completo,nenhum,,ti - desenvolvimento/programação-,cooperado,0,0,0,0
,,,pleno,ensino superior completo,intermediário,,ti - sap-,pj/autônomo,0,0,0,0
,ensino superior cursando,intermediário,analista,ensino superior completo,fluente,"administrativa, comercial, marketing, qualidade corporativa",ti - projetos-,"pj/autônomo, clt full",0,0,0,0
,,,sênior,ensino superior completo,intermediário,,ti - projetos-,hunting,0,0,0,0
,,,analista,ensino superior completo,básico,,ti - sap-,"pj/autônomo, cooperado",0,0,0,0
,,,analista,ensino superior completo,básico,,ti - sap-,pj/autônomo,0,0,0,0
,,,sênior,ensino superior completo,intermediário,,ti - projetos-,"clt full, pj/autônomo",0,0,0,0
,,,pleno,ensino superior completo,intermediário,,marketing-,clt full,0,0,0,0
,mestrado completo,avançado,sênior,ensino superior completo,avançado,"ti - processos e negócios, ti - projetos, ti - segurança da informação, ti - sistemas e ferramentas",ti - projetos-,pj/autônomo,0,0,1,0
,,,analista,ensino superior completo,básico,,ti - suporte-,"clt full, pj/autônomo",0,0,0,0
,,,assistente,ensino médio completo,nenhum,,administrativa-,clt full,0,0,0,0
,,,analista,ensino superior completo,básico,,ti - projetos-,"pj/autônomo, clt full",0,0,0,0
,,,sênior,ensino superior completo,nenhum,,ti - projetos-,pj/autônomo,0,0,0,0
,ensino superior cursando,intermediário,pleno,ensino superior cursando,nenhum,ti - sap,ti - sistemas e ferramentas-,clt full,0,1,0,0
,,,analista,ensino superior completo,básico,,ti - projetos-,"clt full, pj/autônomo",0,0,0,0
,ensino superior incompleto,avançado,analista,ensino superior completo,básico,ti - desenvolvimento/programação,ti - projetos-,estagiário,0,0,0,0
,,,sênior,ensino médio completo,avançado,,ti - projetos-,pj/autônomo,0,0,0,0
,,,pleno,ensino superior completo,intermediário,,ti - projetos-,pj/autônomo,0,0,0,0
,pós graduação incompleto,fluente,sênior,ensino superior completo,avançado,"ti - desenvolvimento/design, ti - desenvolvimento/mobile, ti - desenvolvimento/programação, ti - projetos",ti - projetos-,pj/autônomo,0,0,0,0
,ensino superior completo,básico,sênior,ensino superior completo,intermediário,ti - sap,ti - projetos-,pj/autônomo,0,1,0,0
,,,sênior,ensino médio completo,nenhum,,ti - sap-,hunting,0,0,0,0
,pós graduação completo,avançado,sênior,ensino superior completo,fluente,ti - sap,ti - sap-,cooperado,0,0,0,0
,pós graduação completo,intermediário,sênior,ensino superior completo,intermediário,ti - sistemas e ferramentas,ti - sistemas e ferramentas-,pj/autônomo,0,0,1,0
,,,júnior,ensino médio completo,nenhum,,administrativa-,clt full,0,0,0,0
,pós graduação completo,,sênior,ensino superior completo,avançado,,ti - sap-,hunting,0,0,0,0
,,,pleno,ensino superior cursando,nenhum,,ti - sistemas e ferramentas-,clt full,0,0,0,0
,,,analista,ensino superior completo,básico,,ti - sap-,"clt full, pj/autônomo",0,0,0,0
,,,analista,ensino superior completo,fluente,,ti - sap-,"clt full, pj/autônomo",0,0,0,0
,,,analista,ensino superior completo,básico,,ti - projetos-,clt full,0,0,0,0
,,,sênior,ensino médio completo,nenhum,,financeira/controladoria-,clt cotas,0,0,0,0
,,,especialista,ensino superior completo,básico,,ti - projetos-,hunting,0,0,0,0
,,,analista,ensino superior completo,básico,,ti - projetos-,"cooperado, pj/autônomo",0,0,0,0
,,,pleno,ensino médio completo,nenhum,,administrativa-,clt full,0,0,0,0
,,,sênior,ensino médio completo,nenhum,,financeira/controladoria-,hunting,0,0,0,0
,,,pleno,ensino superior completo,nenhum,,gestão e alocação de recursos de ti-,pj/autônomo,0,0,0,0
,,,pleno,ensino superior completo,fluente,,ti - projetos-,pj/autônomo,0,0,0,0
,pós graduação completo,avançado,pleno,ensino técnico completo,nenhum,"administrativa, financeira/controladoria",gestão e alocação de recursos de ti-,pj/autônomo,0,0,0,0
,,,analista,ensino superior completo,básico,,ti - sap-,"pj/autônomo, clt full",0,0,0,0
,ensino superior completo,básico,sênior,ensino médio completo,nenhum,ti - processos e negócios,financeira/controladoria-,pj/autônomo,0,0,0,0
,,,sênior,ensino superior completo,básico,,ti - sap-,pj/autônomo,0,0,0,0
,,,líder,ensino superior completo,nenhum,,ti - projetos-,pj/autônomo,0,0,0,0
,,,analista,ensino superior completo,básico,,ti - projetos-,"clt full, pj/autônomo",0,0,0,0
,,,sênior,ensino superior completo,fluente,,ti - desenvolvimento/mobile-,pj/autônomo,0,0,0,0
,ensino superior completo,avançado,pleno,ensino médio completo,básico,ti - desenvolvimento/programação,financeira/controladoria-,cooperado,0,0,0,0
,pós graduação completo,fluente,analista,ensino superior cursando,básico,financeira/controladoria,ti - projetos-,"pj/autônomo, clt full",0,0,0,0
,ensino superior completo,intermediário,júnior,ensino superior completo,básico,ti - sap,ti - sap-,pj/autônomo,0,1,0,0
sênior,ensino superior completo,intermediário,pleno,ensino superior cursando,avançado,ti - sap,ti - sap-,clt full,0,0,0,0
,,,sênior,ensino superior completo,intermediário,,ti - desenvolvimento/programação-,hunting,0,0,0,0
,ensino superior completo,básico,sênior,ensino superior completo,básico,ti - sap,ti - sap-,"pj/autônomo, cooperado",0,1,1,0
,,,analista,ensino superior completo,intermediário,,ti - sap-,cooperado,0,0,0,0
,,,analista,ensino superior completo,básico,,ti - projetos-,"pj/autônomo, clt full",0,0,0,0
,,,analista,ensino superior completo,intermediário,,ti - projetos-,"clt full, pj/autônomo",0,0,0,0
,,,analista,ensino superior completo,fluente,,ti - sap-,clt full,0,0,0,0
,,,pleno,ensino médio incompleto,nenhum,,comercial-,cooperado,0,0,0,0
,,,analista,ensino superior completo,básico,,ti - projetos-,clt full,0,0,0,0
,,,sênior,ensino médio completo,nenhum,,gestão e alocação de recursos de ti-,pj/autônomo,0,0,0,0
,,,analista,ensino superior completo,básico,,ti - projetos-,"pj/autônomo, clt full",0,0,0,0
,,,analista,ensino superior completo,intermediário,,ti - projetos-,"clt full, pj/autônomo",0,0,0,0
,,,sênior,ensino técnico completo,nenhum,,ti - sap-,,0,0,0,0
,,,sênior,ensino superior completo,avançado,,ti - sap-,"pj/autônomo, clt full",0,0,0,0
,,,pleno,ensino superior completo,avançado,,ti - projetos-,pj/autônomo,0,0,0,0
,,,sênior,ensino médio completo,avançado,,ti - projetos-,pj/autônomo,0,0,0,0
,,,pleno,ensino superior completo,avançado,,ti - projetos-,pj/autônomo,0,0,0,0
,ensino superior completo,básico,júnior,pós graduação cursando,intermediário,administrativa,recursos humanos-,clt full,0,0,0,0
,,,júnior,ensino superior cursando,intermediário,,ti - desenvolvimento/programação-,clt full,0,0,0,0
,,,sênior,ensino superior cursando,avançado,,ti - desenvolvimento/programação-,pj/autônomo,0,0,0,0
,,,sênior,ensino superior completo,fluente,,ti - sap-,hunting,0,0,0,0
,,,sênior,ensino superior completo,avançado,,marketing-,"clt full, clt cotas, pj/autônomo",0,0,0,0
,,,sênior,ensino superior completo,intermediário,,ti - desenvolvimento/programação-,clt full,0,0,0,0
,,,sênior,ensino médio completo,técnico,,gestão e alocação de recursos de ti-,pj/autônomo,0,0,0,0
,,,analista,ensino superior completo,avançado,,ti - sap-,pj/autônomo,0,0,0,0
,ensino superior completo,intermediário,sênior,ensino médio completo,avançado,recursos humanos,financeira/controladoria-,pj/autônomo,0,0,0,0
,ensino superior completo,fluente,analista,ensino superior completo,avançado,recursos humanos,recursos humanos-,clt full,0,1,0,0
,,,analista,ensino superior completo,básico,,ti - suporte-,,0,0,0,0
,,,sênior,ensino superior completo,avançado,,ti - sap-,"pj/autônomo, clt full",0,0,0,0
,,,sênior,ensino superior completo,intermediário,,ti - desenvolvimento/programação-,,0,0,0,0
,,,assistente,ensino superior cursando,nenhum,,administrativa-recursos humanos-,clt full,0,0,0,0
,,,sênior,ensino superior completo,fluente,,ti - sap-,pj/autônomo,0,0,0,0
,,,analista,ensino superior completo,avançado,,ti - sap-,pj/autônomo,0,0,0,0
,,,analista,ensino superior cursando,intermediário,,financeira/controladoria-,clt full,0,0,0,0
,,,analista,ensino superior completo,básico,,ti - projetos-,clt full,0,0,0,0
,,,júnior,ensino superior completo,nenhum,,ti - projetos-,pj/autônomo,0,0,0,0
,,,sênior,ensino superior completo,intermediário,,ti - desenvolvimento/programação-,,0,0,0,0
,,,sênior,ensino médio completo,fluente,,gestão e alocação de recursos de ti-,pj/autônomo,0,0,0,0
,,,especialista,ensino superior completo,avançado,,ti - desenvolvimento/programação-,clt full,0,0,0,0
,ensino superior cursando,básico,pleno,ensino médio completo,nenhum,"ti - banco de dados, ti - infraestrutura, ti - projetos, ti - qualidade/testes, ti - segurança da informação, ti - sistemas e ferramentas, ti - suporte",ti - suporte-,cooperado,0,0,0,0
,,,analista,ensino médio completo,avançado,,ti - desenvolvimento/design-,clt full,0,0,0,0
,,,sênior,ensino superior completo,básico,,ti - projetos-,pj/autônomo,0,0,0,0
,pós graduação cursando,intermediário,analista,ensino superior completo,básico,recursos humanos,ti - projetos-,"clt full, pj/autônomo",0,0,0,0
,,,sênior,ensino superior completo,fluente,,ti - projetos-,hunting,0,0,0,0
,,,sênior,ensino superior completo,intermediário,,ti - sistemas e ferramentas-,,0,0,0,0
,,,sênior,ensino superior completo,avançado,,ti - sap-,"pj/autônomo, clt full",0,0,0,0
,,,sênior,ensino superior completo,nenhum,,administrativa-,cooperado,0,0,0,0
,ensino superior completo,intermediário,especialista,ensino superior completo,avançado,"ti - processos e negócios, ti - projetos, ti - qualidade/testes, ti - sap",ti - sap-,pj/autônomo,0,1,0,0
,,,sênior,ensino superior completo,nenhum,,gestão e alocação de recursos de ti-,clt full,0,0,0,0
,ensino superior completo,fluente,sênior,ensino superior completo,básico,"administrativa, ti - desenvolvimento/design, ti - projetos, ti - sistemas e ferramentas, ti - telecom",ti - sistemas e ferramentas-,,0,1,0,0
,,,analista,ensino superior completo,básico,,ti - projetos-,"clt full, pj/autônomo",0,0,0,0
,ensino superior completo,,analista,ensino superior cursando,intermediário,,ti - desenvolvimento/programação-,clt full,0,0,0,0
,,,analista,ensino superior completo,básico,,ti - projetos-,"pj/autônomo, clt full",0,0,0,0
,,,pleno,ensino técnico completo,nenhum,,gestão e alocação de recursos de ti-,pj/autônomo,0,0,0,0
,ensino superior completo,avançado,assistente,ensino superior completo,básico,recursos humanos,recursos humanos-,pj/autônomo,0,1,0,0
,,,pleno,ensino técnico completo,nenhum,,gestão e alocação de recursos de ti-,pj/autônomo,0,0,0,0
,,,sênior,ensino médio completo,nenhum,,gestão e alocação de recursos de ti-,cooperado,0,0,0,0
,,,sênior,ensino superior completo,avançado,,ti - desenvolvimento/programação-,clt full,0,0,0,0
,pós graduação cursando,básico,analista,ensino superior completo,básico,ti - sistemas e ferramentas,ti - projetos-,clt full,0,0,1,0
,ensino superior incompleto,intermediário,pleno,ensino técnico completo,avançado,ti - desenvolvimento/programação,gestão e alocação de recursos de ti-,hunting,0,0,0,0
,pós graduação cursando,fluente,analista,ensino superior completo,básico,"ti - projetos, ti - sap",ti - sap-,pj/autônomo,0,0,0,0
,mestrado incompleto,avançado,sênior,ensino médio completo,fluente,"ti - desenvolvimento/programação, ti - governança, ti - infraestrutura, ti - processos e negócios, ti - projetos, ti - qualidade/testes, ti - sap",gestão e alocação de recursos de ti-,pj/autônomo,0,0,0,0
,,,sênior,ensino superior completo,fluente,,ti - projetos-,"clt full, pj/autônomo",0,0,0,0
,,,analista,ensino superior completo,básico,,ti - projetos-,"pj/autônomo, clt full",0,0,0,0
,,,pleno,ensino superior completo,nenhum,,gestão e alocação de recursos de ti-,pj/autônomo,0,0,0,0
,,,analista,ensino superior completo,básico,,ti - projetos-,"clt full, pj/autônomo",0,0,0,0
,,,analista,ensino superior completo,básico,,ti - projetos-,hunting,0,0,0,0
,ensino superior completo,avançado,analista,ensino superior completo,intermediário,ti - infraestrutura,ti - infraestrutura-,clt full,0,1,0,0
,,,pleno,ensino técnico completo,nenhum,,gestão e alocação de recursos de ti-,pj/autônomo,0,0,0,0
,,,sênior,ensino médio completo,nenhum,,gestão e alocação de recursos de ti-,cooperado,0,0,0,0
,,,gerente,ensino superior completo,básico,,ti - projetos-,"clt full, pj/autônomo",0,0,0,0
,,,pleno,ensino técnico completo,nenhum,,gestão e alocação de recursos de ti-,clt cotas,0,0,0,0
,,,pleno,ensino superior completo,avançado,,ti - projetos-,hunting,0,0,0,0
,,,analista,ensino superior completo,básico,,ti - projetos-,clt full,0,0,0,0
,,,analista,ensino superior completo,básico,,ti - projetos-,"clt full, pj/autônomo",0,0,0,0
,,,analista,ensino superior completo,básico,,ti - projetos-,clt cotas,0,0,0,0
,,,pleno,ensino técnico completo,nenhum,,gestão e alocação de recursos de ti-,pj/autônomo,0,0,0,0
,,,sênior,ensino superior completo,avançado,,ti - projetos-,pj/autônomo,0,0,0,0
,ensino superior incompleto,básico,analista,ensino superior completo,básico,"ti - infraestrutura, ti - sistemas e ferramentas, ti - suporte",ti - projetos-,"clt full, pj/autônomo",0,0,1,0
,,,sênior,ensino técnico completo,nenhum,,administrativa-,cooperado,0,0,0,0
,ensino superior completo,avançado,analista,ensino superior completo,básico,ti - desenvolvimento/programação,ti - sap-,"clt full, pj/autônomo",0,1,0,0
,,,sênior,ensino médio completo,nenhum,,ti - projetos-,cooperado,0,0,0,0
,pós graduação incompleto,intermediário,analista,ensino superior completo,básico,ti - processos e negócios,ti - projetos-,"clt full, pj/autônomo",0,0,0,0
,,,pleno,ensino superior completo,intermediário,,ti - projetos-,pj/autônomo,0,0,0,0
,,,analista,ensino superior completo,básico,,ti - projetos-,"clt full, pj/autônomo",0,0,0,0
,,,analista,ensino superior completo,básico,,ti - projetos-,"cooperado, clt full",0,0,0,0
,,,pleno,ensino técnico completo,nenhum,,gestão e alocação de recursos de ti-,pj/autônomo,0,0,0,0
,,,especialista,ensino superior completo,básico,,ti - sap-,pj/autônomo,0,0,0,0
,,,sênior,ensino superior incompleto,intermediário,,ti - sap-,pj/autônomo,0,0,0,0
,,,pleno,ensino superior completo,avançado,,ti - sap-,hunting,0,0,0,0
,pós graduação completo,básico,analista,ensino superior completo,básico,ti - sistemas e ferramentas,ti - projetos-,clt full,0,0,1,0
,,,sênior,ensino superior completo,avançado,,ti - projetos-,pj/autônomo,0,0,0,0
,,,pleno,ensino médio completo,nenhum,,ti - sap-,cooperado,0,0,0,0
,,,analista,ensino médio completo,fluente,,ti - projetos-,hunting,0,0,0,0
,ensino superior completo,avançado,analista,ensino superior completo,básico,ti - sap,ti - sap-,clt full,0,1,0,0
,,,analista,ensino superior completo,básico,,ti - projetos-,"cooperado, pj/autônomo",0,0,0,0
,,,sênior,ensino superior completo,fluente,,ti - projetos-,pj/autônomo,0,0,0,0
,,,líder,ensino superior cursando,fluente,,ti - projetos-,pj/autônomo,0,0,0,0
,,,analista,ensino superior completo,básico,,ti - projetos-,"clt full, pj/autônomo",0,0,0,0
,,,pleno,ensino técnico completo,nenhum,,gestão e alocação de recursos de ti-,pj/autônomo,0,0,0,0
,pós graduação cursando,avançado,pleno,ensino superior completo,avançado,ti - arquitetura,ti - projetos-,pj/autônomo,0,0,1,0
,mestrado completo,fluente,analista,ensino superior completo,básico,,ti - sap-,pj/autônomo,0,0,0,0
,ensino superior completo,básico,analista,ensino superior completo,intermediário,ti - infraestrutura,ti - projetos-,"clt full, pj/autônomo",0,1,0,0
,,,assistente,ensino superior cursando,nenhum,,administrativa-,clt full,0,0,0,0
,,,pleno,ensino médio completo,avançado,,ti - desenvolvimento/programação-,clt full,0,0,0,0
,,,sênior,ensino superior completo,avançado,,ti - desenvolvimento/programação-,pj/autônomo,0,0,0,0
,,,analista,ensino superior completo,básico,,ti - projetos-,"clt full, pj/autônomo",0,0,0,0
,,,sênior,ensino superior completo,nenhum,,ti - sap-,clt full,0,0,0,0
,,,analista,ensino superior completo,básico,,ti - projetos-,"clt full, pj/autônomo",0,0,0,0
,,,sênior,ensino superior completo,avançado,,ti - sistemas e ferramentas-,clt full,0,0,0,0
,pós graduação completo,avançado,pleno,ensino superior completo,avançado,"gestão e alocação de recursos de ti, ti - infraestrutura, ti - projetos",ti - projetos-,hunting,0,0,1,0
,,,sênior,ensino médio completo,avançado,,gestão e alocação de recursos de ti-,pj/autônomo,0,0,0,0
,,,analista,ensino superior completo,intermediário,,ti - projetos-,"clt full, pj/autônomo",0,0,0,0
,,,júnior,ensino superior completo,avançado,,marketing-,"clt full, clt cotas, pj/autônomo",0,0,0,0
,,,analista,ensino superior cursando,básico,,ti - projetos-,clt full,0,0,0,0
,,,analista,ensino superior completo,básico,,ti - projetos-,"clt full, pj/autônomo",0,0,0,0
,pós graduação completo,avançado,analista,ensino superior completo,básico,"gestão e alocação de recursos de ti, ti - projetos, ti - sap",ti - sap-,clt full,0,0,0,0
,ensino superior completo,intermediário,pleno,ensino superior completo,nenhum,ti - segurança da informação,ti - projetos-,pj/autônomo,0,1,0,0
,,,pleno,ensino técnico completo,nenhum,,gestão e alocação de recursos de ti-,pj/autônomo,0,0,0,0
,,,sênior,ensino médio completo,nenhum,,financeira/controladoria-,cooperado,0,0,0,0
,,,sênior,ensino médio completo,nenhum,,ti - projetos-,cooperado,0,0,0,0
,ensino superior completo,avançado,analista,ensino superior completo,básico,ti - projetos,ti - projetos-,"clt full, pj/autônomo",0,1,0,0
,ensino superior completo,básico,sênior,ensino superior completo,nenhum,"administrativa, financeira/controladoria, ti - governança, ti - processos e negócios, ti - projetos, ti - sap, ti - segurança da informação",ti - processos e negócios-,clt full,0,1,0,0
,,,analista,ensino superior completo,básico,,ti - sap-,hunting,0,0,0,0
,,,analista,ensino superior completo,básico,,ti - projetos-,"clt full, pj/autônomo",0,0,0,0
,ensino superior completo,nenhum,pleno,ensino técnico completo,nenhum,ti - processos e negócios,gestão e alocação de recursos de ti-,pj/autônomo,0,0,1,0
,,,pleno,ensino superior completo,avançado,,ti - sap-,clt full,0,0,0,0
,,,sênior,ensino superior completo,fluente,,ti - sistemas e ferramentas-,,0,0,0,0
,,,sênior,ensino superior completo,básico,,ti - sap-,pj/autônomo,0,0,0,0
,ensino superior cursando,básico,analista,ensino superior cursando,básico,"gestão e alocação de recursos de ti, ti - banco de dados, ti - desenvolvimento/design, ti - desenvolvimento/mobile",ti - suporte-,clt full,0,1,1,0
,,,analista,ensino superior completo,básico,,ti - projetos-,"pj/autônomo, clt full",0,0,0,0
,,,júnior,ensino médio completo,nenhum,,administrativa-,clt full,0,0,0,0
,,,pleno,ensino superior completo,básico,,ti - sistemas e ferramentas-,"pj/autônomo, cooperado",0,0,0,0
,,,sênior,ensino médio completo,avançado,,gestão e alocação de recursos de ti-,pj/autônomo,0,0,0,0
,pós graduação completo,intermediário,sênior,ensino técnico incompleto,nenhum,ti - suporte,administrativa-,cooperado,0,0,0,0
,,,analista,ensino superior completo,básico,,ti - projetos-,"pj/autônomo, clt full",0,0,0,0
,ensino superior completo,intermediário,analista,ensino superior completo,básico,ti - sap,ti - sap-,"pj/autônomo, clt full",0,1,0,0
,,,analista,ensino superior completo,básico,,ti - projetos-,"clt full, pj/autônomo",0,0,0,0
,mestrado incompleto,intermediário,pleno,ensino técnico completo,nenhum,ti - governança,gestão e alocação de recursos de ti-,pj/autônomo,0,0,0,0
,,,analista,ensino superior completo,básico,,ti - sap-,hunting,0,0,0,0
,,,analista,ensino superior completo,avançado,,ti - sap-,pj/autônomo,0,0,0,0
,,,analista,ensino superior completo,básico,,ti - projetos-,"pj/autônomo, clt full",0,0,0,0
,pós graduação completo,intermediário,sênior,ensino médio completo,avançado,recursos humanos,gestão e alocação de recursos de ti-,pj/autônomo,0,0,0,0
,,,sênior,ensino superior completo,avançado,,ti - sap-,pj/autônomo,0,0,0,0
,,,sênior,ensino superior completo,avançado,,ti - projetos-,pj/autônomo,0,0,0,0
,,,analista,ensino superior completo,básico,,ti - projetos-,"pj/autônomo, clt full",0,0,0,0
,,,analista,ensino superior completo,básico,,ti - projetos-,pj/autônomo,0,0,0,0
,,,sênior,ensino superior completo,básico,,ti - projetos-,"cooperado, pj/autônomo",0,0,0,0
,,,pleno,ensino técnico completo,nenhum,,gestão e alocação de recursos de ti-,pj/autônomo,0,0,0,0
,pós graduação completo,básico,sênior,ensino superior completo,básico,,ti - projetos-,"pj/autônomo, clt full",0,0,1,0
,,,sênior,ensino superior completo,nenhum,,ti - sap-,pj/autônomo,0,0,0,0
,,,pleno,ensino técnico completo,nenhum,,gestão e alocação de recursos de ti-,clt cotas,0,0,0,0
,,,pleno,ensino técnico completo,nenhum,,gestão e alocação de recursos de ti-,pj/autônomo,0,0,0,0
,,,analista,ensino superior completo,básico,,ti - desenvolvimento/programação-,clt full,0,0,0,0
,,,analista,ensino superior completo,básico,,ti - projetos-,"pj/autônomo, clt full",0,0,0,0
,,,sênior,ensino superior completo,básico,,ti - sap-,"clt full, pj/autônomo",0,0,0,0
,ensino superior cursando,intermediário,analista,ensino superior completo,básico,ti - desenvolvimento/programação,ti - desenvolvimento/programação-,clt full,0,0,0,0
,,,sênior,ensino superior completo,avançado,,ti - sap-,"pj/autônomo, clt full",0,0,0,0
,ensino superior completo,básico,analista,ensino superior completo,básico,recursos humanos,recursos humanos-,clt full,0,1,1,0
,ensino superior completo,básico,gerente,ensino superior completo,intermediário,"ti - processos e negócios, ti - projetos, ti - qualidade/testes",ti - projetos-,clt full,0,1,0,0
,,,analista,ensino médio completo,básico,,ti - projetos-,cooperado,0,0,0,0
,ensino superior completo,,sênior,ensino superior completo,fluente,"ti - desenvolvimento/programação, ti - infraestrutura, ti - telecom",ti - desenvolvimento/programação-,pj/autônomo,0,1,0,0
,,,analista,ensino superior completo,básico,,ti - desenvolvimento/programação-,clt full,0,0,0,0
,ensino superior completo,básico,sênior,ensino superior completo,avançado,ti - processos e negócios,ti - projetos-,hunting,0,1,0,0
,ensino superior cursando,básico,pleno,ensino superior completo,intermediário,ti - desenvolvimento/mobile,ti - desenvolvimento/programação-,hunting,0,0,0,0
,,,sênior,ensino superior completo,nenhum,,ti - sap-,pj/autônomo,0,0,0,0
,,,sênior,ensino superior completo,intermediário,,ti - sap-,"clt full, pj/autônomo",0,0,0,0
,,,júnior,ensino superior completo,intermediário,,ti - projetos-,pj/autônomo,0,0,0,0
,pós graduação cursando,fluente,sênior,ensino superior completo,intermediário,ti - segurança da informação,ti - sistemas e ferramentas-,clt full,0,0,0,0
,pós graduação completo,avançado,pleno,ensino técnico completo,nenhum,ti - sap,gestão e alocação de recursos de ti-,pj/autônomo,0,0,0,0
,pós graduação completo,intermediário,sênior,ensino médio completo,nenhum,ti - desenvolvimento/programação,ti - infraestrutura-,cooperado,0,0,0,0
,pós graduação completo,,analista,ensino superior completo,básico,,ti - projetos-,"clt full, pj/autônomo",0,0,0,0
,,,sênior,ensino médio completo,avançado,,ti - projetos-,pj/autônomo,0,0,0,0
,,,sênior,ensino superior completo,avançado,,ti - projetos-,pj/autônomo,0,0,0,0
,,,sênior,ensino técnico completo,nenhum,,administrativa-,cooperado,0,0,0,0
,,,sênior,ensino médio completo,nenhum,,administrativa-,pj/autônomo,0,0,0,0
,ensino superior completo,intermediário,pleno,ensino superior completo,intermediário,ti - desenvolvimento/programação,ti - desenvolvimento/programação-,clt full,0,1,1,0
,pós graduação completo,básico,analista,ensino superior completo,básico,ti - suporte,ti - suporte-,clt cotas,0,0,1,0
,,,analista,ensino superior completo,básico,,ti - projetos-,"pj/autônomo, clt full",0,0,0,0
,,,sênior,ensino superior completo,fluente,,ti - projetos-,pj/autônomo,0,0,0,0
,,,analista,ensino superior completo,básico,,ti - projetos-,"clt full, pj/autônomo",0,0,0,0
,ensino superior completo,intermediário,pleno,ensino superior completo,fluente,ti - qualidade/testes,ti - projetos-,pj/autônomo,0,1,0,0
,pós graduação completo,intermediário,analista,ensino superior completo,básico,recursos humanos,ti - projetos-,"clt full, pj/autônomo",0,0,0,0
,,,pleno,ensino superior completo,avançado,,ti - projetos-,pj/autônomo,0,0,0,0
,,,pleno,ensino técnico completo,intermediário,,gestão e alocação de recursos de ti-,hunting,0,0,0,0
,,,especialista,ensino superior completo,básico,,ti - sap-,"clt full, pj/autônomo",0,0,0,0
,,,sênior,ensino médio completo,nenhum,,administrativa-,pj/autônomo,0,0,0,0
,,,pleno,ensino superior cursando,nenhum,,ti - desenvolvimento/programação-,clt full,0,0,0,0
,,,sênior,ensino superior completo,básico,,ti - sap-,"clt full, pj/autônomo",0,0,0,0
,pós graduação completo,fluente,sênior,ensino superior completo,avançado,ti - sap,ti - sap-,pj/autônomo,0,0,0,0
,pós graduação cursando,avançado,analista,ensino superior completo,básico,ti - desenvolvimento/programação,ti - desenvolvimento/programação-,hunting,0,0,0,0
,,,analista,ensino superior completo,básico,,ti - sap-,pj/autônomo,0,0,0,0
,ensino superior completo,básico,analista,ensino superior completo,básico,"administrativa, financeira/controladoria, ti - governança, ti - processos e negócios, ti - projetos, ti - sap, ti - segurança da informação",ti - projetos-,"pj/autônomo, clt full",0,1,1,0
,,,analista,ensino superior completo,básico,,ti - projetos-,clt full,0,0,0,0
,,,analista,ensino superior completo,avançado,,ti - projetos-,pj/autônomo,0,0,0,0
,pós graduação cursando,intermediário,pleno,ensino técnico completo,nenhum,ti - desenvolvimento/programação,gestão e alocação de recursos de ti-,pj/autônomo,0,0,0,0
,,,sênior,ensino médio completo,avançado,,ti - projetos-,pj/autônomo,0,0,0,0
,ensino superior completo,intermediário,analista,ensino superior completo,básico,ti - desenvolvimento/programação,ti - desenvolvimento/design-,clt full,0,1,0,0
,pós graduação completo,avançado,sênior,ensino superior completo,nenhum,ti - desenvolvimento/programação,gestão e alocação de recursos de ti-,cooperado,0,0,0,0
,ensino superior completo,intermediário,gerente,ensino superior completo,avançado,ti - projetos,ti - sap-,pj/autônomo,0,1,0,0
,,,sênior,ensino médio completo,nenhum,,financeira/controladoria-,hunting,0,0,0,0
,ensino superior completo,intermediário,sênior,ensino superior completo,nenhum,"ti - arquitetura, ti - banco de dados, ti - desenvolvimento/programação, ti - projetos",ti - projetos-,pj/autônomo,0,1,0,0
,,,analista,ensino superior completo,avançado,,ti - sap-,pj/autônomo,0,0,0,0
,,,pleno,ensino médio completo,avançado,,ti - projetos-,pj/autônomo,0,0,0,0
,,,sênior,ensino superior completo,básico,,ti - projetos-,clt full,0,0,0,0
,,,sênior,ensino superior completo,avançado,,ti - projetos-,hunting,0,0,0,0
,,,especialista,ensino superior completo,nenhum,,ti - projetos-,hunting,0,0,0,0
,,,analista,ensino superior completo,básico,,ti - projetos-,"clt full, pj/autônomo",0,0,0,0
,ensino superior completo,intermediário,pleno,ensino superior completo,avançado,ti - qualidade/testes,novos negócios e parcerias-,pj/autônomo,0,1,0,0
,,,analista,ensino superior completo,básico,,ti - projetos-,"clt full, pj/autônomo",0,0,0,0
,ensino superior incompleto,básico,analista,ensino superior completo,fluente,ti - sap,ti - sap-,pj/autônomo,0,0,0,0
,,,analista,ensino superior completo,básico,,ti - projetos-,pj/autônomo,0,0,0,0
,pós graduação completo,avançado,analista,ensino superior completo,básico,financeira/controladoria,ti - projetos-,"clt full, pj/autônomo",0,0,0,0
,ensino superior cursando,avançado,pleno,ensino superior completo,nenhum,ti - sap,ti - sap-,pj/autônomo,0,0,0,0
,,,pleno,ensino superior cursando,nenhum,,ti - desenvolvimento/programação-,hunting,0,0,0,0
,,,analista,ensino superior completo,básico,,ti - sap-,pj/autônomo,0,0,0,0
,,,analista,ensino superior completo,básico,,ti - sap-,"pj/autônomo, clt full",0,0,0,0
,ensino superior completo,básico,sênior,ensino superior completo,básico,ti - sap,ti - sap-,"clt full, pj/autônomo",0,1,1,0
,,,analista,ensino superior completo,básico,,ti - projetos-,hunting,0,0,0,0
,,,analista,ensino superior cursando,nenhum,,ti - sap-,clt cotas,0,0,0,0
,,,sênior,ensino superior completo,básico,,ti - sap-,pj/autônomo,0,0,0,0
,ensino superior incompleto,intermediário,especialista,ensino superior completo,avançado,ti - sap,ti - sap-,pj/autônomo,0,0,0,0
,ensino superior completo,intermediário,júnior,ensino superior cursando,nenhum,ti - desenvolvimento/programação,ti - qualidade/testes-,clt full,0,0,0,0
,,,sênior,ensino superior completo,fluente,,ti - sap-,pj/autônomo,0,0,0,0
,ensino superior completo,fluente,sênior,ensino superior completo,avançado,,ti - projetos-,pj/autônomo,0,1,0,0
,,,sênior,ensino superior completo,fluente,,ti - sap-,hunting,0,0,0,0
,,,sênior,ensino superior cursando,nenhum,,ti - sap-,clt full,0,0,0,0
,,,assistente,ensino médio completo,nenhum,,administrativa-,clt full,0,0,0,0
,ensino superior completo,básico,sênior,ensino superior completo,fluente,ti - desenvolvimento/programação,ti - projetos-,pj/autônomo,0,1,0,0
,ensino superior completo,fluente,sênior,ensino superior completo,avançado,financeira/controladoria,ti - sap-,"clt full, pj/autônomo",0,1,0,0
,ensino superior completo,básico,pleno,ensino superior completo,nenhum,ti - desenvolvimento/programação,ti - projetos-,pj/autônomo,0,1,0,0
,,,analista,ensino superior completo,intermediário,,ti - projetos-,"clt full, pj/autônomo",0,0,0,0
,,,sênior,mestrado cursando,nenhum,,ti - sistemas e ferramentas-,clt full,0,0,0,0
,ensino superior incompleto,nenhum,júnior,ensino superior cursando,básico,ti - sap,financeira/controladoria-,cooperado,0,0,0,0
,,,analista,ensino superior completo,básico,,ti - projetos-,"clt full, hunting",0,0,0,0
,,,sênior,ensino superior completo,intermediário,,ti - arquitetura-ti - banco de dados-ti - projetos-ti - segurança da informação-,"cooperado, pj/autônomo",0,0,0,0
,,,sênior,ensino superior completo,básico,,ti - projetos-,clt full,0,0,0,0
,ensino superior completo,avançado,sênior,ensino médio completo,fluente,ti - sap,ti - sap-,hunting,0,0,0,0
,,,pleno,ensino técnico completo,nenhum,,gestão e alocação de recursos de ti-,pj/autônomo,0,0,0,0
,pós graduação completo,intermediário,sênior,ensino superior cursando,básico,ti - desenvolvimento/programação,ti - desenvolvimento/programação-,"clt full, pj/autônomo",0,0,0,0
,ensino superior completo,avançado,pleno,ensino técnico completo,nenhum,ti - sistemas e ferramentas,gestão e alocação de recursos de ti-,pj/autônomo,0,0,0,0
,pós graduação completo,nenhum,analista,ensino superior completo,básico,recursos humanos,ti - projetos-,"clt full, pj/autônomo",0,0,0,0
,,,analista,ensino superior completo,intermediário,,ti - desenvolvimento/programação-,clt full,0,0,0,0
,,,sênior,ensino superior completo,avançado,,ti - projetos-,hunting,0,0,0,0
,,,sênior,ensino médio completo,intermediário,,administrativa-,cooperado,0,0,0,0
,,,analista,ensino superior completo,fluente,,ti - sap-,pj/autônomo,0,0,0,0
,,,sênior,ensino superior completo,avançado,,ti - projetos-,pj/autônomo,0,0,0,0
,,,sênior,ensino médio completo,nenhum,,ti - projetos-,pj/autônomo,0,0,0,0
,,,júnior,ensino médio completo,nenhum,,ti - sistemas e ferramentas-,clt full,0,0,0,0
,,,sênior,ensino superior completo,básico,,ti - projetos-,"clt full, pj/autônomo",0,0,0,0
,pós graduação completo,avançado,sênior,ensino superior completo,fluente,"ti - arquitetura, ti - desenvolvimento/design, ti - governança, ti - infraestrutura, ti - processos e negócios, ti - projetos, ti - sistemas e ferramentas, ti - suporte, ti - telecom, ti - ux",gestão e alocação de recursos de ti-,cooperado,0,0,0,0
,,,analista,ensino superior completo,básico,,ti - suporte-,clt full,0,0,0,0
,,,supervisor,ensino médio completo,intermediário,,ti - projetos-,pj/autônomo,0,0,0,0
,,,analista,ensino superior completo,básico,,ti - projetos-,hunting,0,0,0,0
,ensino superior completo,,analista,ensino superior completo,básico,,ti - sap-,pj/autônomo,0,1,0,0
,,,júnior,ensino médio completo,nenhum,,administrativa-,clt full,0,0,0,0
,,,analista,ensino superior completo,básico,,ti - projetos-,clt full,0,0,0,0
,,,analista,ensino superior completo,avançado,,ti - projetos-,"cooperado, pj/autônomo",0,0,0,0
,,,sênior,pós graduação completo,fluente,,ti - sap-,clt full,0,0,0,0
,,nenhum,auxiliar,ensino médio completo,nenhum,,administrativa-,hunting,0,0,1,0
,,,analista,ensino superior completo,básico,,ti - projetos-,clt full,0,0,0,0
,pós graduação incompleto,básico,pleno,ensino superior completo,nenhum,"ti - infraestrutura, ti - suporte",ti - projetos-,hunting,0,0,0,0
,,,pleno,ensino superior completo,avançado,,ti - projetos-,pj/autônomo,0,0,0,0
,ensino técnico completo,intermediário,pleno,ensino técnico completo,nenhum,ti - suporte,gestão e alocação de recursos de ti-,hunting,0,1,0,0
,pós graduação cursando,intermediário,analista,ensino superior completo,básico,ti - desenvolvimento/programação,ti - desenvolvimento/programação-,clt full,0,0,0,0
,,,pleno,ensino superior completo,nenhum,,ti - projetos-,cooperado,0,0,0,0
,,,sênior,ensino superior completo,intermediário,,ti - desenvolvimento/programação-,,0,0,0,0
,,,pleno,ensino superior completo,nenhum,,ti - desenvolvimento/programação-,,0,0,0,0
,,,pleno,ensino técnico completo,nenhum,,gestão e alocação de recursos de ti-,pj/autônomo,0,0,0,0
,,,analista,ensino superior completo,básico,,ti - desenvolvimento/programação-,clt full,0,0,0,0
,,,sênior,ensino superior completo,avançado,,ti - arquitetura-,clt cotas,0,0,0,0
,,,analista,ensino superior completo,básico,,ti - projetos-,clt full,0,0,0,0
,,,analista,ensino superior completo,básico,,ti - projetos-,"clt full, cooperado, pj/autônomo",0,0,0,0
,ensino superior completo,,sênior,ensino superior completo,avançado,"ti - desenvolvimento/programação, ti - infraestrutura, ti - telecom",ti - desenvolvimento/mobile-,hunting,0,1,0,0
,mestrado completo,fluente,analista,ensino superior completo,básico,,ti - sap-,"pj/autônomo, clt full",0,0,0,0
,,,analista,ensino superior completo,básico,,ti - projetos-,"clt full, pj/autônomo",0,0,0,0
,,,sênior,ensino superior completo,intermediário,,ti - desenvolvimento/programação-,,0,0,0,0
,,,sênior,ensino superior completo,intermediário,,ti - sistemas e ferramentas-,,0,0,0,0
,,,pleno,ensino técnico completo,nenhum,,gestão e alocação de recursos de ti-,pj/autônomo,0,0,0,0
,pós graduação cursando,fluente,pleno,ensino superior cursando,nenhum,"ti - arquitetura, ti - banco de dados, ti - desenvolvimento/mobile, ti - desenvolvimento/programação, ti - processos e negócios, ti - projetos, ti - sistemas e ferramentas, ti - telecom",ti - desenvolvimento/programação-,"cooperado, pj/autônomo",0,0,0,0
,,,júnior,ensino médio completo,nenhum,,comercial-,clt full,0,0,0,0
,ensino superior incompleto,avançado,sênior,ensino superior completo,fluente,ti - desenvolvimento/programação,gestão e alocação de recursos de ti-,pj/autônomo,0,0,0,0
,,,supervisor,ensino superior completo,básico,,ti - projetos-,clt full,0,0,0,0
,,,analista,ensino médio completo,nenhum,,ti - infraestrutura-,cooperado,0,0,0,0
,,,analista,ensino superior completo,básico,,ti - projetos-,hunting,0,0,0,0
,,,sênior,ensino superior completo,intermediário,,ti - projetos-,hunting,0,0,0,0
,ensino superior completo,avançado,sênior,ensino superior completo,fluente,ti - desenvolvimento/programação,ti - projetos-,pj/autônomo,0,1,0,0
,,,júnior,ensino superior completo,avançado,,ti - desenvolvimento/programação-,clt full,0,0,0,0
especialista,,,analista,ensino superior completo,básico,,ti - sap-,"clt cotas, pj/autônomo",0,0,0,0
,,,analista,ensino superior completo,básico,,ti - projetos-,"cooperado, pj/autônomo",0,0,0,0
,,,analista,ensino superior completo,avançado,,ti - projetos-,pj/autônomo,0,0,0,0
,ensino superior completo,avançado,pleno,ensino superior completo,avançado,ti - sap,ti - sap-,pj/autônomo,0,1,1,0
,,,assistente,ensino superior completo,nenhum,,recursos humanos-,clt full,0,0,0,0
,,,analista,ensino superior completo,básico,,ti - projetos-,"clt full, pj/autônomo",0,0,0,0
,,,analista,ensino superior completo,básico,,ti - projetos-,"pj/autônomo, cooperado",0,0,0,0
,,,sênior,ensino superior completo,intermediário,,ti - sistemas e ferramentas-,clt full,0,0,0,0
,ensino superior completo,avançado,analista,ensino superior completo,básico,ti - desenvolvimento/programação,ti - projetos-,"clt full, pj/autônomo",0,1,0,0
,,,júnior,ensino médio completo,nenhum,,administrativa-,clt full,0,0,0,0
,,,analista,ensino superior completo,básico,,ti - projetos-,"clt full, pj/autônomo",0,0,0,0
,,,sênior,ensino superior completo,fluente,,ti - sap-,pj/autônomo,0,0,0,0
,,,especialista,ensino superior completo,básico,,ti - projetos-,hunting,0,0,0,0
,,,analista,ensino superior completo,básico,,ti - projetos-,"pj/autônomo, cooperado",0,0,0,0
,pós graduação completo,intermediário,sênior,ensino superior completo,nenhum,administrativa,gestão e alocação de recursos de ti-,clt full,0,0,0,0
,,,sênior,ensino superior completo,avançado,,gestão e alocação de recursos de ti-ti - desenvolvimento/programação-,pj/autônomo,0,0,0,0
,,,sênior,ensino superior completo,fluente,,ti - sap-,pj/autônomo,0,0,0,0
,,,pleno,ensino médio completo,fluente,,gestão e alocação de recursos de ti-,pj/autônomo,0,0,0,0
,,,sênior,ensino superior completo,básico,,ti - projetos-,"cooperado, pj/autônomo",0,0,0,0
,pós graduação completo,avançado,gerente,ensino superior completo,avançado,ti - infraestrutura,ti - projetos-,hunting,0,0,1,0
,,,pleno,ensino técnico completo,nenhum,,gestão e alocação de recursos de ti-,pj/autônomo,0,0,0,0
,,,líder,ensino superior completo,fluente,,novos negócios e parcerias-,clt full,0,0,0,0
,ensino superior completo,avançado,sênior,ensino médio completo,fluente,ti - sistemas e ferramentas,ti - projetos-,hunting,0,0,0,0
,,,analista,ensino superior completo,básico,,ti - projetos-,"pj/autônomo, clt full",0,0,0,0
,,,analista,ensino médio completo,nenhum,,ti - infraestrutura-,cooperado,0,0,0,0
,,,sênior,ensino superior completo,avançado,,gestão e alocação de recursos de ti-,pj/autônomo,0,0,0,0
,,,analista,ensino superior completo,básico,,ti - projetos-,"clt full, pj/autônomo",0,0,0,0
,,,sênior,ensino superior completo,básico,,ti - sap-,pj/autônomo,0,0,0,0
,,,analista,ensino superior completo,básico,,ti - projetos-,"pj/autônomo, cooperado",0,0,0,0
,,,sênior,ensino superior completo,básico,,ti - sistemas e ferramentas-,,0,0,0,0
,,,sênior,ensino médio completo,nenhum,,gestão e alocação de recursos de ti-,pj/autônomo,0,0,0,0
,,,sênior,ensino superior completo,básico,,ti - sap-,"clt full, cooperado, pj/autônomo",0,0,0,0
,,,especialista,ensino superior completo,básico,,ti - sap-,pj/autônomo,0,0,0,0
,,,analista,ensino superior completo,básico,,ti - projetos-,"pj/autônomo, clt full",0,0,0,0
,,,sênior,ensino superior completo,fluente,,novos negócios e parcerias-,hunting,0,0,0,0
,,,analista,ensino superior completo,básico,,ti - sap-,pj/autônomo,0,0,0,0
,,,júnior,ensino superior incompleto,nenhum,,ti - projetos-,hunting,0,0,0,0
,,,pleno,ensino técnico completo,nenhum,,gestão e alocação de recursos de ti-ti - sap-,pj/autônomo,0,0,0,0
,,,analista,ensino superior completo,básico,,ti - desenvolvimento/programação-,hunting,0,0,0,0
,,,analista,ensino superior completo,avançado,,ti - projetos-,"cooperado, pj/autônomo",0,0,0,0
,ensino superior completo,intermediário,pleno,ensino superior completo,nenhum,ti - suporte,ti - projetos-,hunting,0,1,0,0
,,,sênior,ensino superior completo,avançado,,ti - sap-,pj/autônomo,0,0,0,0
,,,sênior,ensino superior completo,fluente,,ti - sap-,pj/autônomo,0,0,0,0
,,,sênior,ensino superior completo,fluente,,ti - sistemas e ferramentas-,hunting,0,0,0,0
,,intermediário,analista,ensino superior completo,avançado,,ti - projetos-,"clt full, pj/autônomo",0,0,0,0
,,,analista,ensino superior completo,básico,,ti - projetos-,"clt full, pj/autônomo",0,0,0,0
,,,sênior,ensino superior completo,básico,,ti - sap-,pj/autônomo,0,0,0,0
,mestrado completo,avançado,pleno,ensino superior completo,avançado,ti - sap,ti - sap-,clt full,0,0,1,0
,,,sênior,ensino superior completo,nenhum,,ti - projetos-,pj/autônomo,0,0,0,0
,,,sênior,ensino superior completo,técnico,,ti - projetos-,pj/autônomo,0,0,0,0
,,,sênior,ensino superior completo,avançado,,ti - telecom-,pj/autônomo,0,0,0,0
,,,analista,ensino superior completo,básico,,ti - projetos-,"clt full, pj/autônomo",0,0,0,0
,,,sênior,ensino superior completo,intermediário,,comercial-,,0,0,0,0
,mestrado completo,fluente,analista,ensino superior completo,básico,,ti - sap-,pj/autônomo,0,0,0,0
,pós graduação completo,intermediário,analista,ensino superior completo,fluente,"ti - arquitetura, ti - banco de dados, ti - desenvolvimento/design, ti - desenvolvimento/mobile, ti - desenvolvimento/programação, ti - governança, ti - processos e negócios, ti - projetos, ti - sap, ti - sistemas e ferramentas, ti - suporte, ti - ux",ti - sap-,hunting,0,0,0,0
,,,sênior,ensino superior completo,avançado,,ti - desenvolvimento/programação-,,0,0,0,0
,,,analista,ensino superior completo,fluente,,ti - sap-,cooperado,0,0,0,0
,ensino superior completo,intermediário,analista,ensino superior completo,intermediário,ti - desenvolvimento/programação,ti - desenvolvimento/programação-,clt full,0,1,1,0
,ensino superior completo,,analista,ensino superior completo,intermediário,,ti - projetos-,clt cotas,0,1,0,0
,,,analista,ensino superior completo,básico,,ti - desenvolvimento/programação-,clt full,0,0,0,0
,,,sênior,ensino superior completo,intermediário,,ti - sap-,hunting,0,0,0,0
,,,sênior,ensino superior completo,nenhum,,ti - sap-,cooperado,0,0,0,0
,,,sênior,ensino superior completo,avançado,,ti - sap-,,0,0,0,0
,,,sênior,ensino médio completo,nenhum,,comercial-,clt cotas,0,0,0,0
,pós graduação completo,fluente,analista,ensino superior completo,básico,financeira/controladoria,ti - projetos-,"pj/autônomo, clt full",0,0,0,0
,,,sênior,ensino superior completo,nenhum,,ti - desenvolvimento/programação-,clt full,0,0,0,0
,pós graduação completo,básico,analista,ensino superior completo,básico,ti - projetos,ti - projetos-,"clt full, pj/autônomo",0,0,1,0
,ensino superior incompleto,avançado,analista,ensino superior completo,básico,ti - qualidade/testes,ti - desenvolvimento/programação-,clt full,0,0,0,0
,,,analista,ensino superior completo,básico,,ti - projetos-,"clt full, pj/autônomo",0,0,0,0
,,,pleno,ensino técnico completo,nenhum,,gestão e alocação de recursos de ti-,pj/autônomo,0,0,0,0
,pós graduação completo,,analista,ensino superior completo,básico,,ti - sap-,hunting,0,0,0,0
,,,analista,ensino superior completo,básico,,administrativa-,clt full,0,0,0,0
,,,sênior,ensino superior completo,básico,,ti - sap-,pj/autônomo,0,0,0,0
,ensino superior incompleto,nenhum,analista,ensino superior completo,básico,ti - desenvolvimento/mobile,ti - desenvolvimento/programação-,clt full,0,0,0,0
,,,sênior,ensino superior completo,básico,,ti - projetos-,"clt full, pj/autônomo",0,0,0,0
,,,sênior,ensino superior completo,nenhum,,ti - desenvolvimento/programação-,pj/autônomo,0,0,0,0
,,,sênior,ensino superior completo,fluente,,ti - projetos-,"clt full, pj/autônomo",0,0,0,0
,,,analista,ensino superior completo,básico,,ti - sap-,"pj/autônomo, clt full",0,0,0,0
,ensino superior completo,intermediário,sênior,ensino superior completo,básico,financeira/controladoria,ti - projetos-,"clt full, pj/autônomo",0,1,0,0
,pós graduação completo,,sênior,ensino superior completo,fluente,,ti - sap-,hunting,0,0,0,0
,,,especialista,ensino superior completo,avançado,,ti - sap-,pj/autônomo,0,0,0,0
,,,especialista,ensino superior completo,básico,,ti - projetos-,pj/autônomo,0,0,0,0
,,,sênior,ensino superior completo,nenhum,,ti - sap-,cooperado,0,0,0,0
,,,sênior,ensino superior completo,nenhum,,ti - projetos-,pj/autônomo,0,0,0,0
,pós graduação incompleto,básico,analista,ensino superior completo,básico,administrativa,ti - projetos-,"clt full, pj/autônomo",0,0,1,0
,ensino superior completo,intermediário,sênior,ensino superior completo,avançado,ti - sap,ti - sap-,hunting,0,1,0,0
,,,sênior,ensino superior completo,avançado,,ti - projetos-,pj/autônomo,0,0,0,0
,ensino superior completo,nenhum,júnior,ensino superior completo,nenhum,recursos humanos,administrativa-,cooperado,0,1,1,0
,,,analista,ensino superior completo,básico,,ti - projetos-,"clt full, pj/autônomo",0,0,0,0
,,,sênior,ensino médio completo,avançado,,ti - projetos-,pj/autônomo,0,0,0,0
,,,assistente,ensino médio completo,nenhum,,administrativa-,clt full,0,0,0,0
,,,sênior,ensino médio completo,avançado,,ti - projetos-,pj/autônomo,0,0,0,0
,pós graduação completo,intermediário,sênior,ensino superior completo,nenhum,"ti - governança, ti - processos e negócios, ti - projetos, ti - sap, ti - segurança da informação, ti - suporte",ti - sap-,pj/autônomo,0,0,0,0
,,,pleno,ensino superior completo,nenhum,,ti - projetos-,pj/autônomo,0,0,0,0
,,,analista,ensino superior completo,básico,,ti - arquitetura-,clt full,0,0,0,0
,mestrado completo,,pleno,ensino técnico completo,nenhum,,gestão e alocação de recursos de ti-,pj/autônomo,0,0,0,0
,,,analista,ensino superior completo,básico,,ti - projetos-,"pj/autônomo, clt full",0,0,0,0
,pós graduação completo,fluente,analista,ensino superior completo,intermediário,comercial,ti - projetos-,"clt full, pj/autônomo",0,0,0,0
,,,pleno,ensino técnico completo,nenhum,,gestão e alocação de recursos de ti-,pj/autônomo,0,0,0,0
,,,sênior,pós graduação completo,nenhum,,financeira/controladoria-,cooperado,0,0,0,0
,,,analista,ensino superior completo,básico,,ti - projetos-,"pj/autônomo, clt full",0,0,0,0
,,,sênior,ensino médio completo,técnico,,financeira/controladoria-,pj/autônomo,0,0,0,0
,,,analista,ensino superior completo,básico,,ti - projetos-,"pj/autônomo, clt full",0,0,0,0
,,,pleno,ensino técnico completo,nenhum,,gestão e alocação de recursos de ti-,pj/autônomo,0,0,0,0
,,,analista,ensino superior completo,básico,,ti - projetos-,clt full,0,0,0,0
,,,pleno,ensino médio completo,fluente,,gestão e alocação de recursos de ti-,pj/autônomo,0,0,0,0
,,,pleno,ensino técnico completo,nenhum,,gestão e alocação de recursos de ti-,pj/autônomo,0,0,0,0
,,,especialista,ensino superior completo,nenhum,,ti - sistemas e ferramentas-,pj/autônomo,0,0,0,0
,pós graduação completo,intermediário,sênior,ensino superior completo,básico,ti - sap,ti - sap-,pj/autônomo,0,0,0,0
,,,sênior,ensino médio completo,avançado,,ti - sap-,cooperado,0,0,0,0
,,,sênior,ensino superior completo,fluente,,ti - desenvolvimento/mobile-,pj/autônomo,0,0,0,0
,,,analista,ensino superior completo,básico,,ti - projetos-,"clt full, pj/autônomo",0,0,0,0
,,,pleno,ensino médio completo,avançado,,gestão e alocação de recursos de ti-,pj/autônomo,0,0,0,0
,,,sênior,ensino superior completo,avançado,,ti - sap-,pj/autônomo,0,0,0,0
,,,sênior,ensino superior completo,fluente,,ti - sap-,pj/autônomo,0,0,0,0
,,,líder,ensino superior completo,nenhum,,ti - desenvolvimento/programação-ti - processos e negócios-,clt full,0,0,0,0
,,,sênior,ensino superior completo,nenhum,,ti - projetos-,pj/autônomo,0,0,0,0
,,,pleno,ensino técnico completo,nenhum,,gestão e alocação de recursos de ti-,pj/autônomo,0,0,0,0
,,,especialista,ensino superior completo,intermediário,,ti - sap-,,0,0,0,0
,pós graduação cursando,intermediário,analista,ensino superior completo,básico,comercial,ti - projetos-,"pj/autônomo, clt full",0,0,0,0
,pós graduação completo,avançado,analista,ensino superior completo,básico,ti - projetos,ti - projetos-,"pj/autônomo, clt full",0,0,0,0
,pós graduação completo,básico,sênior,ensino superior completo,intermediário,ti - projetos,ti - projetos-,pj/autônomo,0,0,0,0
,,,analista,ensino superior completo,básico,,ti - projetos-,pj/autônomo,0,0,0,0
,,,sênior,ensino superior completo,nenhum,,ti - sap-,pj/autônomo,0,0,0,0
,,,sênior,ensino superior completo,básico,,ti - sap-,hunting,0,0,0,0
,,,sênior,ensino médio completo,nenhum,,gestão e alocação de recursos de ti-,cooperado,0,0,0,0
,,,analista,ensino superior completo,fluente,,ti - projetos-,hunting,0,0,0,0
,,,pleno,ensino superior completo,nenhum,,ti - sap-,pj/autônomo,0,0,0,0
sênior,,,analista,ensino superior completo,básico,,ti - projetos-,"clt full, pj/autônomo",0,0,0,0
,,,analista,ensino médio completo,básico,,ti - projetos-,hunting,0,0,0,0
,,,pleno,ensino superior completo,nenhum,,ti - sistemas e ferramentas-,clt full,0,0,0,0
,,,sênior,ensino superior completo,intermediário,,ti - projetos-,pj/autônomo,0,0,0,0
,ensino superior completo,básico,especialista,ensino superior completo,fluente,ti - sap,ti - sap-,pj/autônomo,0,1,0,0
,,,sênior,ensino superior completo,avançado,,ti - sap-,pj/autônomo,0,0,0,0
,,,pleno,ensino superior completo,nenhum,,ti - projetos-,pj/autônomo,0,0,0,0
,pós graduação completo,avançado,analista,ensino superior completo,fluente,ti - processos e negócios,ti - sap-,"pj/autônomo, clt full",0,0,0,0
,pós graduação completo,avançado,sênior,ensino superior completo,fluente,ti - desenvolvimento/programação,ti - projetos-,,0,0,0,0
,,,sênior,ensino superior completo,técnico,,ti - sap-,clt full,0,0,0,0
,pós graduação completo,avançado,analista,ensino superior completo,avançado,ti - sap,ti - sap-,pj/autônomo,0,0,1,0
,,,sênior,ensino médio completo,nenhum,,gestão e alocação de recursos de ti-,cooperado,0,0,0,0
,,,sênior,ensino superior completo,avançado,,ti - sistemas e ferramentas-,hunting,0,0,0,0
,ensino superior completo,básico,analista,ensino superior completo,básico,recursos humanos,ti - projetos-,"clt full, pj/autônomo",0,1,1,0
,,,analista,ensino superior completo,fluente,,ti - sap-,pj/autônomo,0,0,0,0
,pós graduação completo,avançado,sênior,ensino superior completo,intermediário,ti - projetos,ti - projetos-,pj/autônomo,0,0,0,0
,ensino superior completo,intermediário,pleno,ensino técnico completo,nenhum,ti - projetos,ti - projetos-,pj/autônomo,0,0,0,0
,,,sênior,ensino médio completo,avançado,,gestão e alocação de recursos de ti-,pj/autônomo,0,0,0,0
,,,sênior,ensino superior completo,nenhum,,administrativa-,clt full,0,0,0,0
,,,sênior,ensino médio completo,nenhum,,gestão e alocação de recursos de ti-,cooperado,0,0,0,0
,pós graduação completo,avançado,sênior,ensino superior completo,intermediário,"ti - desenvolvimento/programação, ti - sistemas e ferramentas",ti - projetos-,"clt full, pj/autônomo",0,0,0,0
,,,sênior,ensino superior completo,avançado,,ti - sap-,pj/autônomo,0,0,0,0
,,,sênior,ensino superior completo,básico,,ti - projetos-,pj/autônomo,0,0,0,0
,ensino superior incompleto,básico,analista,ensino superior completo,básico,ti - infraestrutura,ti - projetos-,"pj/autônomo, clt full",0,0,1,0
,,,pleno,ensino técnico completo,nenhum,,gestão e alocação de recursos de ti-,pj/autônomo,0,0,0,0
,,,júnior,ensino superior completo,básico,,jurídica-,clt full,0,0,0,0
,,,analista,ensino superior completo,básico,,ti - sap-,"clt cotas, cooperado, estagiário, pj/autônomo",0,0,0,0
,,,sênior,ensino superior completo,nenhum,,ti - projetos-,pj/autônomo,0,0,0,0
,ensino superior completo,avançado,pleno,ensino técnico completo,nenhum,ti - sap,gestão e alocação de recursos de ti-,pj/autônomo,0,0,0,0
,,,sênior,ensino superior completo,fluente,,ti - projetos-,hunting,0,0,0,0
,,,analista,ensino superior completo,básico,,ti - suporte-,"clt full, pj/autônomo",0,0,0,0
,,,sênior,ensino superior completo,fluente,,ti - projetos-,"clt full, pj/autônomo",0,0,0,0
,ensino superior completo,nenhum,analista,ensino superior completo,básico,"administrativa, comercial",ti - projetos-,"clt full, pj/autônomo",0,1,0,0
,ensino superior incompleto,avançado,analista,ensino superior completo,intermediário,administrativa,ti - projetos-,"clt full, pj/autônomo",0,0,0,0
,,,pleno,ensino superior completo,intermediário,,gestão e alocação de recursos de ti-,pj/autônomo,0,0,0,0
,,,pleno,ensino superior completo,nenhum,,ti - sap-,pj/autônomo,0,0,0,0
,,,sênior,ensino superior completo,intermediário,,ti - desenvolvimento/mobile-,,0,0,0,0
,,,pleno,ensino superior completo,avançado,,ti - projetos-,pj/autônomo,0,0,0,0
,,,sênior,ensino superior completo,básico,,ti - projetos-,hunting,0,0,0,0
,,,sênior,ensino superior completo,técnico,,ti - projetos-,pj/autônomo,0,0,0,0
,,,analista,ensino superior completo,básico,,ti - projetos-,"clt full, pj/autônomo",0,0,0,0
,,,analista,ensino superior completo,básico,,ti - projetos-,"clt full, pj/autônomo",0,0,0,0
,pós graduação completo,nenhum,sênior,ensino superior completo,nenhum,financeira/controladoria,ti - projetos-,clt full,0,0,1,0
,pós graduação completo,intermediário,sênior,ensino superior completo,intermediário,ti - projetos,ti - projetos-,pj/autônomo,0,0,1,0
,,,sênior,ensino superior completo,avançado,,ti - projetos-,hunting,0,0,0,0
,,,pleno,ensino superior completo,nenhum,,ti - desenvolvimento/programação-,pj/autônomo,0,0,0,0
,ensino superior completo,básico,analista,ensino superior completo,básico,recursos humanos,ti - projetos-,"clt full, pj/autônomo",0,1,1,0
,pós graduação incompleto,básico,analista,ensino superior completo,básico,recursos humanos,ti - projetos-,"pj/autônomo, clt full",0,0,1,0
,,,sênior,ensino superior completo,nenhum,,gestão e alocação de recursos de ti-,clt full,0,0,0,0
,,,analista,ensino superior completo,básico,,ti - infraestrutura-,clt full,0,0,0,0
,,,analista,ensino superior completo,fluente,,ti - projetos-,pj/autônomo,0,0,0,0
,,,sênior,ensino superior completo,básico,,ti - sap-,"clt full, pj/autônomo",0,0,0,0
,,,analista,ensino superior completo,básico,,ti - sap-,cooperado,0,0,0,0
,pós graduação completo,intermediário,analista,ensino superior completo,avançado,ti - desenvolvimento/programação,ti - projetos-,"clt full, pj/autônomo",0,0,0,0
,,,assistente,ensino superior incompleto,nenhum,,administrativa-,clt full,0,0,0,0
,,,sênior,ensino superior completo,nenhum,,gestão e alocação de recursos de ti-ti - sap-,pj/autônomo,0,0,0,0
,mestrado completo,intermediário,analista,ensino superior completo,fluente,novos negócios e parcerias,ti - projetos-,"pj/autônomo, clt full",0,0,0,0
,,,analista,ensino superior completo,básico,,ti - projetos-,"pj/autônomo, clt full",0,0,0,0
,pós graduação incompleto,básico,analista,ensino superior completo,básico,administrativa,ti - processos e negócios-,clt cotas,0,0,1,0
,,,sênior,ensino médio completo,intermediário,,ti - projetos-,hunting,0,0,0,0
,,,analista,ensino superior completo,básico,,ti - sap-,clt cotas,0,0,0,0
,,,pleno,ensino técnico completo,nenhum,,gestão e alocação de recursos de ti-,pj/autônomo,0,0,0,0
,,,analista,pós graduação completo,básico,,ti - sap-,"clt full, pj/autônomo",0,0,0,0
,ensino superior completo,básico,analista,ensino superior completo,básico,financeira/controladoria,ti - projetos-,"pj/autônomo, clt full",0,1,1,0
,pós graduação cursando,fluente,sênior,ensino superior completo,intermediário,administrativa,ti - projetos-,pj/autônomo,0,0,0,0
analista,ensino superior completo,básico,sênior,ensino médio completo,nenhum,ti - desenvolvimento/programação,gestão e alocação de recursos de ti-,clt cotas,0,0,0,0
,,,sênior,ensino médio completo,avançado,,financeira/controladoria-,pj/autônomo,0,0,0,0
,,,sênior,ensino superior completo,nenhum,,ti - desenvolvimento/programação-,clt full,0,0,0,0
,,,assistente,ensino superior incompleto,básico,,administrativa-,,0,0,0,0
,,,pleno,ensino técnico completo,nenhum,,gestão e alocação de recursos de ti-ti - desenvolvimento/programação-,pj/autônomo,0,0,0,0
,pós graduação cursando,intermediário,sênior,ensino superior completo,fluente,"ti - arquitetura, ti - banco de dados, ti - desenvolvimento/design, ti - desenvolvimento/mobile, ti - desenvolvimento/programação, ti - governança, ti - infraestrutura, ti - processos e negócios, ti - projetos, ti - qualidade/testes, ti - sap, ti - sistemas e ferramentas, ti - suporte, ti - telecom, ti - ux",ti - sistemas e ferramentas-,,0,0,0,0
,,,analista,ensino superior completo,básico,,ti - sap-,clt full,0,0,0,0
,,,analista,ensino superior completo,básico,,ti - projetos-,"clt full, pj/autônomo",0,0,0,0
,,,sênior,ensino superior completo,fluente,,gestão e alocação de recursos de ti-ti - projetos-,pj/autônomo,0,0,0,0
,ensino superior completo,intermediário,sênior,ensino médio completo,fluente,ti - banco de dados,ti - projetos-,pj/autônomo,0,0,0,0
,,,analista,ensino superior completo,básico,,ti - projetos-,"pj/autônomo, clt full",0,0,0,0
,,,sênior,ensino médio completo,nenhum,,ti - sap-,pj/autônomo,0,0,0,0
,ensino superior completo,intermediário,pleno,ensino médio completo,básico,ti - sap,ti - sap-,hunting,0,0,0,0
,,,pleno,ensino superior cursando,nenhum,,ti - sap-,clt cotas,0,0,0,0
,,,sênior,ensino superior completo,básico,,ti - projetos-,clt full,0,0,0,0
,ensino superior completo,intermediário,sênior,ensino médio completo,nenhum,ti - qualidade/testes,gestão e alocação de recursos de ti-,cooperado,0,0,0,0
,,,sênior,ensino superior completo,avançado,,ti - projetos-,hunting,0,0,0,0
,pós graduação cursando,básico,analista,ensino superior completo,básico,ti - infraestrutura,ti - projetos-,"clt full, pj/autônomo",0,0,1,0
,ensino superior completo,básico,sênior,ensino médio completo,nenhum,"administrativa, financeira/controladoria, qualidade corporativa, recursos humanos",ti - sap-,pj/autônomo,0,0,0,0
,,,analista,ensino superior completo,básico,,ti - desenvolvimento/programação-,clt full,0,0,0,0
,,,sênior,ensino superior completo,avançado,,ti - sap-,pj/autônomo,0,0,0,0
,,,analista,ensino superior completo,básico,,ti - projetos-,"pj/autônomo, clt full",0,0,0,0
,,,sênior,ensino médio completo,fluente,,administrativa-,hunting,0,0,0,0
,,,analista,ensino superior completo,básico,,ti - projetos-,"clt full, pj/autônomo",0,0,0,0
,,,analista,ensino superior completo,básico,,ti - sap-,pj/autônomo,0,0,0,0
,,,sênior,ensino superior completo,nenhum,,ti - projetos-,hunting,0,0,0,0
,,,pleno,ensino superior completo,nenhum,,ti - projetos-,hunting,0,0,0,0
,,,analista,ensino superior completo,básico,,ti - desenvolvimento/programação-,clt full,0,0,0,0
,,,pleno,ensino técnico completo,nenhum,,gestão e alocação de recursos de ti-,pj/autônomo,0,0,0,0
,mestrado incompleto,intermediário,pleno,ensino técnico completo,nenhum,ti - sap,gestão e alocação de recursos de ti-,pj/autônomo,0,0,0,0
,,,sênior,ensino superior cursando,básico,,ti - sap-,,0,0,0,0
,,,analista,ensino superior completo,básico,,ti - projetos-,"pj/autônomo, clt full",0,0,0,0
,pós graduação completo,avançado,pleno,ensino superior completo,avançado,ti - sap,ti - sap-,cooperado,0,0,1,0
,,,pleno,ensino superior completo,intermediário,,ti - sap-,pj/autônomo,0,0,0,0
,,,sênior,ensino médio completo,avançado,,ti - projetos-,pj/autônomo,0,0,0,0
,,,sênior,ensino superior completo,básico,,ti - sap-,"clt full, pj/autônomo",0,0,0,0
,,,analista,ensino superior completo,básico,,ti - projetos-,"cooperado, pj/autônomo",0,0,0,0
,,,pleno,ensino superior completo,básico,,ti - projetos-,"pj/autônomo, cooperado",0,0,0,0
,,,pleno,ensino superior completo,nenhum,,ti - desenvolvimento/programação-,hunting,0,0,0,0
,,,analista,ensino superior cursando,básico,,ti - sap-,"clt cotas, cooperado, estagiário, pj/autônomo",0,0,0,0
,,,analista,ensino superior completo,básico,,ti - projetos-,pj/autônomo,0,0,0,0
,,,sênior,ensino superior completo,avançado,,financeira/controladoria-,pj/autônomo,0,0,0,0
,,,pleno,ensino técnico completo,nenhum,,gestão e alocação de recursos de ti-,pj/autônomo,0,0,0,0
,,,pleno,ensino superior completo,básico,,ti - projetos-,"clt full, clt cotas, pj/autônomo",0,0,0,0
,,,analista,ensino superior completo,básico,,ti - suporte-,"cooperado, pj/autônomo",0,0,0,0
,,,analista,ensino superior completo,básico,,ti - projetos-,"clt full, pj/autônomo",0,0,0,0
,,,líder,ensino superior completo,fluente,,gestão e alocação de recursos de ti-,clt cotas,0,0,0,0
,,,júnior,ensino médio completo,nenhum,,administrativa-,clt full,0,0,0,0
,pós graduação completo,avançado,sênior,ensino superior completo,fluente,"ti - arquitetura, ti - processos e negócios, ti - projetos, ti - sap, ti - suporte",ti - sap-,pj/autônomo,0,0,0,0
,,,analista,ensino superior completo,básico,,ti - projetos-,clt full,0,0,0,0
,,,pleno,ensino técnico completo,nenhum,,gestão e alocação de recursos de ti-,clt cotas,0,0,0,0
,,,pleno,ensino superior completo,intermediário,,relacionamento técnico-,,0,0,0,0
,,,pleno,ensino superior completo,básico,,ti - projetos-,pj/autônomo,0,0,0,0
,,,analista,ensino superior completo,básico,,ti - projetos-,"pj/autônomo, clt full",0,0,0,0
,pós graduação completo,avançado,sênior,ensino superior completo,básico,"gestão e alocação de recursos de ti, ti - projetos, ti - sap",ti - sap-,"clt full, pj/autônomo",0,0,0,0
,pós graduação completo,avançado,sênior,ensino superior completo,avançado,ti - sap,ti - sap-,pj/autônomo,0,0,1,0
,,,sênior,ensino superior completo,nenhum,,ti - projetos-,hunting,0,0,0,0
,ensino superior cursando,intermediário,assistente,ensino médio completo,nenhum,marketing,ti - projetos-,clt full,0,0,0,0
,ensino superior cursando,intermediário,júnior,ensino superior cursando,intermediário,recursos humanos,ti - projetos-,clt full,0,1,1,0
,ensino superior completo,básico,sênior,ensino superior completo,nenhum,ti - desenvolvimento/programação,ti - projetos-,clt full,0,1,0,0
,,,sênior,ensino superior completo,avançado,,ti - sap-,hunting,0,0,0,0
,,,sênior,ensino superior completo,avançado,,ti - desenvolvimento/programação-,,0,0,0,0
,,,gerente,ensino superior completo,intermediário,,ti - sap-,"clt cotas, cooperado, estagiário, pj/autônomo",0,0,0,0
,pós graduação completo,intermediário,analista,ensino superior completo,básico,"ti - governança, ti - processos e negócios, ti - projetos, ti - sap, ti - segurança da informação, ti - suporte",ti - sap-,"pj/autônomo, clt full",0,0,0,0
,ensino superior completo,,analista,ensino superior completo,avançado,,ti - projetos-,"pj/autônomo, clt full",0,1,0,0
,,,sênior,ensino superior completo,fluente,,ti - projetos-,pj/autônomo,0,0,0,0
,,,sênior,ensino superior completo,fluente,,ti - projetos-,clt full,0,0,0,0
,,,pleno,ensino superior completo,avançado,,ti - projetos-,pj/autônomo,0,0,0,0
,,,sênior,ensino médio completo,técnico,,administrativa-,hunting,0,0,0,0
,ensino superior completo,intermediário,sênior,ensino superior cursando,básico,ti - sap,ti - sap-,cooperado,0,0,0,0
,,,pleno,ensino superior completo,nenhum,,ti - desenvolvimento/programação-,clt full,0,0,0,0
,,,pleno,ensino técnico completo,nenhum,,gestão e alocação de recursos de ti-,pj/autônomo,0,0,0,0
,,,sênior,ensino médio completo,nenhum,,financeira/controladoria-,hunting,0,0,0,0
,ensino superior completo,básico,júnior,ensino superior completo,intermediário,ti - suporte,ti - suporte-,hunting,0,1,0,0
,,,sênior,ensino superior completo,fluente,,gestão e alocação de recursos de ti-,pj/autônomo,0,0,0,0
,pós graduação cursando,intermediário,pleno,ensino superior cursando,nenhum,"administrativa, comercial, gestão e alocação de recursos de ti, novos negócios e parcerias, qualidade corporativa, relacionamento técnico",gestão e alocação de recursos de ti-,pj/autônomo,0,0,0,0
,mestrado completo,básico,sênior,ensino superior completo,nenhum,ti - desenvolvimento/programação,ti - sistemas e ferramentas-,clt full,0,0,0,0
,,,pleno,ensino médio completo,nenhum,,administrativa-,clt full,0,0,0,0
,ensino superior completo,avançado,analista,ensino superior completo,básico,"ti - arquitetura, ti - infraestrutura, ti - projetos, ti - suporte",ti - desenvolvimento/programação-,"pj/autônomo, clt full",0,1,0,0
,,,analista,ensino superior completo,básico,,ti - projetos-,"clt full, pj/autônomo",0,0,0,0
,ensino superior completo,intermediário,sênior,ensino médio completo,avançado,recursos humanos,gestão e alocação de recursos de ti-,pj/autônomo,0,0,0,0
,,,sênior,ensino superior completo,nenhum,,ti - sap-,pj/autônomo,0,0,0,0
,,,analista,ensino superior completo,básico,,ti - sap-,"clt full, pj/autônomo",0,0,0,0
,,,sênior,ensino superior completo,avançado,,ti - projetos-,pj/autônomo,0,0,0,0
,pós graduação cursando,avançado,analista,ensino superior completo,básico,ti - sap,ti - sap-,pj/autônomo,0,0,0,0
,,,júnior,ensino médio completo,nenhum,,administrativa-,clt full,0,0,0,0
,,,pleno,ensino superior completo,avançado,,ti - projetos-,pj/autônomo,0,0,0,0
,,,analista,ensino superior completo,básico,,ti - projetos-,"clt full, pj/autônomo",0,0,0,0
,,,pleno,ensino técnico completo,nenhum,,gestão e alocação de recursos de ti-,pj/autônomo,0,0,0,0
,ensino superior completo,avançado,analista,ensino superior completo,avançado,,ti - sap-,"pj/autônomo, clt full",0,1,1,0
,ensino superior completo,básico,analista,ensino superior completo,básico,"administrativa, comercial, recursos humanos",administrativa-,clt full,0,1,1,0
,,,pleno,ensino superior completo,avançado,,ti - projetos-,pj/autônomo,0,0,0,0
,,,sênior,ensino médio completo,nenhum,,ti - projetos-,cooperado,0,0,0,0
,,,sênior,ensino superior completo,intermediário,,ti - projetos-,"pj/autônomo, clt full",0,0,0,0
,,,sênior,ensino médio completo,nenhum,,administrativa-,cooperado,0,0,0,0
,,,analista,ensino superior completo,básico,,ti - desenvolvimento/programação-,clt full,0,0,0,0
,,,sênior,ensino superior completo,nenhum,,ti - desenvolvimento/programação-,clt full,0,0,0,0
júnior,ensino superior cursando,nenhum,analista,ensino superior completo,básico,ti - banco de dados,ti - projetos-,"pj/autônomo, clt full",0,0,0,0
,pós graduação completo,fluente,analista,ensino superior completo,avançado,financeira/controladoria,ti - projetos-,"pj/autônomo, clt full",0,0,0,0
,,,sênior,ensino superior completo,intermediário,,ti - desenvolvimento/programação-,hunting,0,0,0,0
,pós graduação completo,avançado,sênior,ensino superior completo,nenhum,ti - sap,ti - sistemas e ferramentas-,pj/autônomo,0,0,0,0
,,,sênior,ensino médio completo,nenhum,,ti - sap-,cooperado,0,0,0,0
,,,analista,ensino superior completo,fluente,,ti - projetos-,"clt full, pj/autônomo",0,0,0,0
,,,sênior,ensino médio completo,técnico,,administrativa-,hunting,0,0,0,0
,,,pleno,ensino superior completo,técnico,,ti - desenvolvimento/programação-,hunting,0,0,0,0
,,,sênior,ensino médio completo,avançado,,ti - projetos-,pj/autônomo,0,0,0,0
,,,sênior,ensino médio completo,avançado,,ti - projetos-,pj/autônomo,0,0,0,0
,,,pleno,ensino superior completo,básico,,ti - projetos-,"clt full, pj/autônomo",0,0,0,0
,,,sênior,ensino médio completo,avançado,,financeira/controladoria-,pj/autônomo,0,0,0,0
,ensino superior cursando,básico,analista,ensino superior cursando,intermediário,ti - suporte,administrativa-,clt full,0,1,0,0
,,,analista,ensino superior completo,fluente,,ti - sap-,pj/autônomo,0,0,0,0
,,,sênior,ensino médio completo,nenhum,,gestão e alocação de recursos de ti-,pj/autônomo,0,0,0,0
,,,sênior,ensino superior completo,fluente,,ti - projetos-,hunting,0,0,0,0
,,,pleno,ensino superior completo,nenhum,,ti - projetos-,hunting,0,0,0,0
,,,sênior,ensino superior completo,fluente,,ti - projetos-,pj/autônomo,0,0,0,0
,pós graduação completo,avançado,analista,ensino superior completo,fluente,ti - sap,ti - sap-,"pj/autônomo, clt cotas",0,0,0,0
,,,pleno,ensino superior completo,avançado,,ti - projetos-,pj/autônomo,0,0,0,0
,ensino superior completo,básico,analista,ensino superior completo,básico,administrativa,ti - projetos-,clt full,0,1,1,0
,,,sênior,ensino superior completo,intermediário,,ti - desenvolvimento/programação-,clt full,0,0,0,0
,ensino médio completo,avançado,sênior,ensino superior completo,fluente,ti - sap,ti - sap-,hunting,0,0,0,0
,ensino superior completo,nenhum,sênior,ensino médio completo,nenhum,recursos humanos,financeira/controladoria-,pj/autônomo,0,0,1,0
,,,sênior,ensino superior completo,fluente,,ti - sap-,pj/autônomo,0,0,0,0
,pós graduação completo,avançado,analista,ensino superior completo,básico,"financeira/controladoria, novos negócios e parcerias",ti - projetos-,"pj/autônomo, clt full",0,0,0,0
,,,analista,ensino superior completo,fluente,,ti - sap-,clt full,0,0,0,0
,ensino superior completo,básico,analista,ensino superior completo,básico,ti - desenvolvimento/programação,ti - desenvolvimento/programação-,clt full,0,1,1,0
,ensino superior cursando,fluente,sênior,ensino superior completo,avançado,"ti - arquitetura, ti - desenvolvimento/design, ti - desenvolvimento/mobile, ti - desenvolvimento/programação, ti - sistemas e ferramentas",ti - desenvolvimento/programação-,clt full,0,0,0,0
,,,pleno,ensino técnico completo,nenhum,,gestão e alocação de recursos de ti-,clt full,0,0,0,0
,,,pleno,ensino superior completo,avançado,,ti - projetos-,pj/autônomo,0,0,0,0
,,,sênior,ensino superior completo,básico,,ti - projetos-,"clt full, pj/autônomo",0,0,0,0
,,,sênior,ensino superior completo,intermediário,,ti - sistemas e ferramentas-,hunting,0,0,0,0
,,,sênior,ensino superior completo,avançado,,ti - sap-,hunting,0,0,0,0
,,,analista,ensino superior completo,básico,,ti - sap-,"pj/autônomo, clt full",0,0,0,0
,pós graduação completo,avançado,sênior,ensino superior completo,fluente,,ti - sap-,pj/autônomo,0,0,0,0
,,,pleno,ensino técnico completo,nenhum,,gestão e alocação de recursos de ti-,pj/autônomo,0,0,0,0
,ensino superior completo,básico,sênior,ensino médio completo,avançado,ti - sap,ti - sap-,pj/autônomo,0,0,0,0
,pós graduação completo,fluente,sênior,ensino superior completo,avançado,ti - sap,ti - sap-,pj/autônomo,0,0,0,0
,,,sênior,ensino superior completo,fluente,,ti - projetos-,hunting,0,0,0,0
,,,sênior,ensino superior completo,intermediário,,ti - desenvolvimento/programação-,,0,0,0,0
,,,sênior,ensino médio completo,fluente,,gestão e alocação de recursos de ti-,pj/autônomo,0,0,0,0
,ensino superior completo,básico,analista,ensino superior cursando,básico,ti - infraestrutura,ti - suporte-,hunting,0,0,1,0
,,,sênior,ensino superior completo,básico,,ti - sap-,clt full,0,0,0,0
,,,pleno,ensino superior completo,nenhum,,ti - desenvolvimento/programação-,cooperado,0,0,0,0
,,,analista,ensino superior completo,básico,,ti - sap-,clt full,0,0,0,0
,,,analista,ensino superior completo,básico,,ti - projetos-,"clt full, pj/autônomo",0,0,0,0
,,,analista,ensino superior completo,básico,,ti - sap-,"clt full, pj/autônomo",0,0,0,0
,,,pleno,ensino superior completo,intermediário,,ti - desenvolvimento/programação-,,0,0,0,0
,,,sênior,ensino superior completo,nenhum,,gestão e alocação de recursos de ti-,clt full,0,0,0,0
,,,analista,pós graduação completo,básico,,ti - projetos-,clt full,0,0,0,0
,,,sênior,ensino superior completo,avançado,,ti - projetos-,pj/autônomo,0,0,0,0
,,,sênior,ensino superior completo,intermediário,,ti - desenvolvimento/programação-,hunting,0,0,0,0
,,,analista,ensino superior completo,básico,,ti - projetos-,"clt full, pj/autônomo",0,0,0,0
,,,analista,ensino superior completo,básico,,ti - projetos-,"clt full, pj/autônomo",0,0,0,0
,,,pleno,ensino médio completo,nenhum,,financeira/controladoria-,pj/autônomo,0,0,0,0
,,,sênior,ensino técnico completo,nenhum,ti - infraestrutura,administrativa-,cooperado,0,0,0,0
,ensino superior incompleto,avançado,analista,ensino superior completo,básico,ti - desenvolvimento/programação,ti - desenvolvimento/programação-,clt full,0,0,0,0
,,,analista,ensino superior completo,básico,,ti - projetos-,"pj/autônomo, clt full",0,0,0,0
,,,assistente,ensino médio completo,nenhum,,administrativa-,clt full,0,0,0,0
,,,analista,ensino superior completo,básico,,ti - projetos-,"pj/autônomo, clt full",0,0,0,0
,ensino superior completo,,sênior,ensino superior completo,avançado,,ti - projetos-,hunting,0,1,0,0
,,,sênior,ensino médio completo,nenhum,,financeira/controladoria-,hunting,0,0,0,0
,,,analista,ensino superior completo,fluente,,ti - sap-,pj/autônomo,0,0,0,0
,,,pleno,ensino médio completo,nenhum,,gestão e alocação de recursos de ti-,cooperado,0,0,0,0
,ensino superior completo,básico,pleno,ensino médio completo,intermediário,ti - sap,ti - sap-,cooperado,0,0,0,0
,ensino superior cursando,nenhum,assistente,ensino médio completo,nenhum,administrativa,ti - projetos-,clt full,0,0,1,0
,,,sênior,ensino superior completo,avançado,,ti - projetos-ti - sap-,"clt full, pj/autônomo",0,0,0,0
,,,sênior,ensino médio completo,avançado,,gestão e alocação de recursos de ti-,pj/autônomo,0,0,0,0
,,,sênior,ensino médio completo,intermediário,,administrativa-,pj/autônomo,0,0,0,0
,,,sênior,ensino superior completo,nenhum,,gestão e alocação de recursos de ti-ti - sap-,pj/autônomo,0,0,0,0
,ensino superior completo,básico,sênior,ensino superior completo,nenhum,ti - processos e negócios,ti - projetos-,pj/autônomo,0,1,0,0
,,,pleno,ensino superior completo,básico,,ti - projetos-,"clt full, clt cotas, pj/autônomo",0,0,0,0
,,,analista,ensino superior completo,básico,,ti - desenvolvimento/programação-,clt full,0,0,0,0
,,,sênior,ensino superior cursando,avançado,,ti - sap-,"clt full, pj/autônomo",0,0,0,0
,,,analista,ensino superior completo,básico,,ti - projetos-,"pj/autônomo, clt full",0,0,0,0
,,,analista,ensino superior completo,intermediário,,ti - sap-,"clt cotas, cooperado, estagiário, pj/autônomo",0,0,0,0
,,,analista,ensino superior completo,intermediário,,ti - desenvolvimento/programação-,"clt cotas, clt full",0,0,0,0
,,,júnior,ensino superior completo,básico,,jurídica-,clt full,0,0,0,0
,,,analista,ensino superior completo,fluente,,administrativa-,clt full,0,0,0,0
,,,sênior,ensino superior completo,fluente,,ti - projetos-,pj/autônomo,0,0,0,0
,,,sênior,ensino superior completo,nenhum,,ti - sap-,hunting,0,0,0,0
,,,analista,ensino superior completo,avançado,,ti - projetos-,"cooperado, pj/autônomo",0,0,0,0
,,,sênior,ensino superior completo,nenhum,,ti - sap-,cooperado,0,0,0,0
,,,sênior,ensino superior completo,básico,,ti - sap-,pj/autônomo,0,0,0,0
,,,sênior,ensino superior completo,avançado,,ti - desenvolvimento/design-,clt full,0,0,0,0
,,,sênior,ensino superior completo,fluente,,ti - sap-,pj/autônomo,0,0,0,0
,,,sênior,ensino superior completo,nenhum,,gestão e alocação de recursos de ti-ti - sap-,pj/autônomo,0,0,0,0
,,,pleno,ensino superior completo,avançado,,gestão e alocação de recursos de ti-,hunting,0,0,0,0
,,,especialista,ensino superior cursando,intermediário,,ti - sistemas e ferramentas-,,0,0,0,0
,,,sênior,ensino superior completo,avançado,,ti - sap-,"pj/autônomo, clt full",0,0,0,0
,,,analista,ensino médio completo,básico,,ti - infraestrutura-ti - suporte-,cooperado,0,0,0,0
,,,sênior,ensino superior completo,nenhum,,ti - banco de dados-ti - projetos-,"pj/autônomo, cooperado",0,0,0,0
,pós graduação incompleto,intermediário,pleno,ensino médio completo,nenhum,financeira/controladoria,financeira/controladoria-,cooperado,0,0,0,0
,pós graduação completo,intermediário,pleno,ensino superior completo,básico,"ti - banco de dados, ti - desenvolvimento/programação, ti - projetos",ti - projetos-,"pj/autônomo, clt cotas",0,0,0,0
,mestrado completo,avançado,gerente,ensino superior completo,básico,"ti - processos e negócios, ti - projetos, ti - segurança da informação, ti - sistemas e ferramentas",ti - projetos-,"clt full, pj/autônomo",0,0,0,0
,,,pleno,ensino superior completo,nenhum,,gestão e alocação de recursos de ti-ti - sap-,pj/autônomo,0,0,0,0
,,,pleno,ensino superior completo,avançado,,ti - projetos-,pj/autônomo,0,0,0,0
,,,analista,ensino superior completo,intermediário,,ti - sap-,"clt full, pj/autônomo",0,0,0,0
,,,pleno,ensino superior completo,nenhum,,ti - projetos-,pj/autônomo,0,0,0,0
,ensino superior completo,fluente,pleno,ensino técnico completo,nenhum,financeira/controladoria,gestão e alocação de recursos de ti-,pj/autônomo,0,0,0,0
,,,pleno,ensino superior completo,avançado,,ti - desenvolvimento/programação-,pj/autônomo,0,0,0,0
,ensino superior completo,intermediário,especialista,ensino superior completo,avançado,ti - sap,ti - sap-,pj/autônomo,0,1,0,0
,,,analista,ensino superior completo,intermediário,,ti - projetos-,"cooperado, pj/autônomo",0,0,0,0
,,,especialista,ensino superior completo,intermediário,,ti - sap-,pj/autônomo,0,0,0,0
,,,sênior,ensino médio completo,avançado,,financeira/controladoria-,cooperado,0,0,0,0
,pós graduação completo,avançado,sênior,ensino superior completo,nenhum,ti - sap,ti - sap-,pj/autônomo,0,0,0,0
,pós graduação completo,,analista,ensino superior completo,intermediário,,ti - sap-,clt cotas,0,0,0,0
,,,sênior,ensino superior completo,nenhum,,ti - projetos-,hunting,0,0,0,0
,,,pleno,ensino médio completo,avançado,,gestão e alocação de recursos de ti-,pj/autônomo,0,0,0,0
,,,analista,ensino superior completo,básico,,ti - projetos-,"clt full, pj/autônomo",0,0,0,0
,,,analista,ensino superior completo,básico,,ti - projetos-,"clt full, pj/autônomo",0,0,0,0
,,,pleno,ensino superior completo,fluente,,ti - projetos-,pj/autônomo,0,0,0,0
,,,pleno,ensino médio completo,fluente,,ti - projetos-,cooperado,0,0,0,0
,,,júnior,ensino médio completo,nenhum,,gestão e alocação de recursos de ti-,cooperado,0,0,0,0
,,,sênior,ensino técnico completo,nenhum,,ti - desenvolvimento/programação-,clt full,0,0,0,0
,,,analista,ensino superior completo,básico,,ti - projetos-,"clt full, pj/autônomo",0,0,0,0
,,,pleno,ensino superior completo,nenhum,,ti - desenvolvimento/programação-,clt full,0,0,0,0
,pós graduação completo,fluente,sênior,ensino superior completo,nenhum,ti - sap,ti - sap-,hunting,0,0,0,0
,,,analista,ensino superior completo,básico,,ti - projetos-,"cooperado, pj/autônomo",0,0,0,0
,,,sênior,ensino superior completo,fluente,,ti - projetos-,pj/autônomo,0,0,0,0
,pós graduação completo,avançado,pleno,ensino técnico completo,nenhum,ti - sap,gestão e alocação de recursos de ti-,pj/autônomo,0,0,0,0
,,,pleno,ensino técnico completo,nenhum,,gestão e alocação de recursos de ti-,pj/autônomo,0,0,0,0
,ensino superior completo,nenhum,sênior,ensino superior completo,básico,financeira/controladoria,ti - projetos-,"pj/autônomo, clt full",0,1,0,0
,pós graduação cursando,avançado,sênior,ensino superior completo,avançado,novos negócios e parcerias,ti - processos e negócios-,clt full,0,0,1,0
,,,assistente,ensino superior completo,intermediário,,administrativa-,clt full,0,0,0,0
,,,pleno,ensino técnico completo,nenhum,,gestão e alocação de recursos de ti-,pj/autônomo,0,0,0,0
,,,sênior,ensino superior completo,intermediário,,ti - desenvolvimento/programação-,,0,0,0,0
,ensino médio completo,intermediário,analista,ensino superior completo,intermediário,comercial,ti - projetos-,"pj/autônomo, clt full",0,0,1,0
,,,pleno,ensino superior completo,avançado,,ti - desenvolvimento/programação-,clt full,0,0,0,0
,pós graduação completo,intermediário,analista,ensino superior cursando,básico,financeira/controladoria,ti - projetos-,"pj/autônomo, clt full",0,0,0,0
,,,analista,ensino superior completo,nenhum,,ti - sistemas e ferramentas-,pj/autônomo,0,0,0,0
,ensino superior completo,intermediário,sênior,ensino médio completo,avançado,ti - sistemas e ferramentas,gestão e alocação de recursos de ti-,pj/autônomo,0,0,0,0
,,,analista,ensino superior completo,básico,,ti - desenvolvimento/programação-,"pj/autônomo, clt full",0,0,0,0
,,,analista,ensino superior completo,básico,,ti - qualidade/testes-,"pj/autônomo, estagiário, cooperado, clt cotas, clt full",0,0,0,0
,,,sênior,ensino superior completo,nenhum,,ti - desenvolvimento/programação-,pj/autônomo,0,0,0,0
,ensino técnico completo,avançado,júnior,ensino superior completo,fluente,"administrativa, financeira/controladoria, ti - desenvolvimento/design, ti - desenvolvimento/programação, ti - governança, ti - infraestrutura, ti - projetos, ti - qualidade/testes, ti - sistemas e ferramentas, ti - suporte",ti - suporte-,hunting,0,0,0,0
,,,sênior,ensino superior completo,fluente,,ti - qualidade/testes-,pj/autônomo,0,0,0,0
,,,pleno,ensino técnico completo,nenhum,,gestão e alocação de recursos de ti-,pj/autônomo,0,0,0,0
,,,sênior,ensino superior completo,fluente,,ti - projetos-,pj/autônomo,0,0,0,0
,,,sênior,ensino superior cursando,nenhum,,qualidade corporativa-,,0,0,0,0
,ensino superior completo,fluente,analista,ensino superior completo,básico,"ti - processos e negócios, ti - projetos, ti - qualidade/testes, ti - sap",ti - projetos-,"pj/autônomo, clt full",0,1,0,0
,,,pleno,ensino médio completo,nenhum,,financeira/controladoria-,pj/autônomo,0,0,0,0
,,,pleno,ensino técnico completo,nenhum,,ti - projetos-,clt full,0,0,0,0
,,,analista,ensino superior completo,básico,,ti - projetos-,"pj/autônomo, clt full",0,0,0,0
,,,sênior,ensino médio completo,fluente,,gestão e alocação de recursos de ti-,pj/autônomo,0,0,0,0
,ensino superior incompleto,básico,sênior,ensino médio completo,nenhum,ti - desenvolvimento/programação,gestão e alocação de recursos de ti-,clt full,0,0,0,0
,,,pleno,ensino superior completo,nenhum,,gestão e alocação de recursos de ti-ti - sap-,pj/autônomo,0,0,0,0
,,,analista,ensino superior completo,básico,,ti - projetos-,"clt full, pj/autônomo",0,0,0,0
,ensino superior incompleto,básico,sênior,ensino superior completo,fluente,"ti - arquitetura, ti - desenvolvimento/programação, ti - sap",ti - sap-,clt full,0,0,0,0
,,,sênior,ensino superior completo,básico,,ti - desenvolvimento/programação-,clt full,0,0,0,0
,,fluente,sênior,ensino superior completo,nenhum,,ti - sap-,pj/autônomo,0,0,0,0
,,,especialista,pós graduação completo,básico,,ti - projetos-,"pj/autônomo, clt full",0,0,0,0
,,,sênior,ensino superior completo,avançado,,ti - sap-,"clt full, pj/autônomo",0,0,0,0
,,,assistente,ensino médio completo,nenhum,,administrativa-,clt full,0,0,0,0
,,,sênior,ensino superior completo,intermediário,,ti - projetos-,"pj/autônomo, clt full",0,0,0,0
,,,sênior,ensino superior completo,intermediário,,ti - projetos-,pj/autônomo,0,0,0,0
,,,sênior,ensino médio completo,nenhum,,ti - projetos-,pj/autônomo,0,0,0,0
,,,sênior,ensino superior completo,intermediário,,ti - sistemas e ferramentas-,clt full,0,0,0,0
,,,sênior,ensino superior completo,avançado,,ti - projetos-,pj/autônomo,0,0,0,0
,pós graduação incompleto,básico,sênior,ensino superior completo,básico,ti - sap,ti - sap-,"clt full, pj/autônomo",0,0,1,0
,,,analista,ensino superior completo,básico,,ti - projetos-,hunting,0,0,0,0
,pós graduação completo,básico,analista,ensino superior completo,básico,"ti - desenvolvimento/mobile, ti - desenvolvimento/programação",ti - projetos-,clt full,0,0,1,0
,,,analista,ensino superior completo,básico,,ti - projetos-,"cooperado, pj/autônomo",0,0,0,0
,,,analista,ensino superior completo,básico,,ti - projetos-,"clt full, pj/autônomo",0,0,0,0
,,,analista,ensino superior completo,básico,ti - banco de dados,ti - projetos-,clt full,0,0,0,0
,,,sênior,ensino médio completo,técnico,,gestão e alocação de recursos de ti-,pj/autônomo,0,0,0,0
,ensino superior cursando,nenhum,analista,ensino superior completo,básico,recursos humanos,ti - projetos-,"clt full, pj/autônomo",0,0,0,0
,,,sênior,ensino superior completo,avançado,,ti - projetos-,pj/autônomo,0,0,0,0
,,,analista,ensino superior completo,básico,,ti - projetos-,"clt full, pj/autônomo",0,0,0,0
,,,sênior,ensino superior completo,intermediário,,ti - sap-,hunting,0,0,0,0
,,,sênior,ensino superior completo,avançado,,ti - projetos-,hunting,0,0,0,0
,,,pleno,ensino técnico completo,nenhum,,gestão e alocação de recursos de ti-,pj/autônomo,0,0,0,0
,pós graduação completo,avançado,sênior,ensino superior completo,avançado,,ti - sap-,"pj/autônomo, clt full",0,0,1,0
,,,analista,ensino superior completo,avançado,,ti - sap-,"pj/autônomo, clt cotas",0,0,0,0
,,,sênior,ensino médio completo,fluente,,ti - sap-,pj/autônomo,0,0,0,0
,,,analista,ensino superior completo,básico,,ti - projetos-,"pj/autônomo, clt full",0,0,0,0
,,,pleno,ensino superior completo,nenhum,,ti - banco de dados-,clt full,0,0,0,0
,,,analista,ensino superior completo,básico,,ti - projetos-,"pj/autônomo, clt full",0,0,0,0
,,,sênior,ensino superior completo,fluente,,ti - sap-,pj/autônomo,0,0,0,0
,,,gerente,ensino superior completo,avançado,,ti - infraestrutura-ti - projetos-,pj/autônomo,0,0,0,0
,,,pleno,ensino técnico completo,fluente,,gestão e alocação de recursos de ti-,pj/autônomo,0,0,0,0
,,,analista,ensino superior completo,básico,,ti - projetos-,hunting,0,0,0,0
,,,gerente,ensino superior completo,avançado,,ti - projetos-,hunting,0,0,0,0
,,,pleno,ensino médio completo,avançado,,ti - desenvolvimento/programação-,pj/autônomo,0,0,0,0
,ensino superior completo,intermediário,analista,ensino superior completo,básico,financeira/controladoria,administrativa-,"pj/autônomo, clt full",0,1,0,0
,ensino superior completo,básico,analista,ensino médio completo,básico,ti - infraestrutura,ti - infraestrutura-ti - suporte-,cooperado,0,0,1,0
,,,sênior,ensino superior completo,avançado,,ti - projetos-,pj/autônomo,0,0,0,0
,ensino superior cursando,básico,sênior,ensino superior completo,básico,ti - sistemas e ferramentas,ti - projetos-,"pj/autônomo, clt full",0,0,1,0
,,,analista,ensino superior completo,básico,,ti - projetos-,"pj/autônomo, clt full",0,0,0,0
sênior,,,sênior,ensino superior cursando,nenhum,,ti - desenvolvimento/programação-,clt full,1,0,0,0
,,,sênior,ensino superior completo,nenhum,,gestão e alocação de recursos de ti-ti - sap-,pj/autônomo,0,0,0,0
,,,analista,ensino superior completo,intermediário,,ti - projetos-,"clt full, pj/autônomo",0,0,0,0
,mestrado completo,fluente,sênior,ensino superior completo,nenhum,"novos negócios e parcerias, ti - arquitetura, ti - processos e negócios, ti - qualidade/testes, ti - sap, ti - sistemas e ferramentas, ti - suporte",gestão e alocação de recursos de ti-ti - sap-,pj/autônomo,0,0,0,0
,,,sênior,ensino superior completo,básico,,ti - sap-,"pj/autônomo, clt full",0,0,0,0
,,,pleno,ensino técnico completo,nenhum,,gestão e alocação de recursos de ti-,cooperado,0,0,0,0
,ensino superior completo,intermediário,analista,ensino superior completo,intermediário,administrativa,ti - projetos-,"clt full, pj/autônomo",0,1,1,0
,,,assistente,ensino médio completo,nenhum,,administrativa-recursos humanos-,clt full,0,0,0,0
,ensino superior cursando,avançado,sênior,ensino superior completo,avançado,ti - sap,ti - sap-,pj/autônomo,0,0,1,0
,ensino superior completo,básico,sênior,ensino médio completo,técnico,ti - desenvolvimento/programação,gestão e alocação de recursos de ti-,pj/autônomo,0,0,0,0
,,,sênior,ensino superior completo,nenhum,,ti - sap-,cooperado,0,0,0,0
,,,pleno,ensino superior completo,básico,,ti - sap-,"pj/autônomo, clt full",0,0,0,0
,,,sênior,ensino superior completo,fluente,,ti - sap-,"hunting, pj/autônomo, cooperado",0,0,0,0
,,,analista,ensino superior completo,básico,,ti - projetos-,"pj/autônomo, clt full",0,0,0,0
,pós graduação completo,avançado,sênior,pós graduação completo,intermediário,ti - segurança da informação,ti - projetos-,clt full,0,1,0,0
,,,sênior,ensino superior completo,intermediário,,recursos humanos-,clt full,0,0,0,0
,,,sênior,ensino superior completo,avançado,,ti - projetos-,pj/autônomo,0,0,0,0
,,,pleno,ensino médio completo,avançado,,gestão e alocação de recursos de ti-,pj/autônomo,0,0,0,0
,,,pleno,ensino superior completo,básico,,gestão e alocação de recursos de ti-ti - sap-,pj/autônomo,0,0,0,0
,,,sênior,ensino superior completo,avançado,,ti - arquitetura-,pj/autônomo,0,0,0,0
,,,sênior,ensino superior completo,avançado,,ti - projetos-,pj/autônomo,0,0,0,0
,,,sênior,ensino médio completo,nenhum,,ti - sap-,cooperado,0,0,0,0
,,,analista,ensino superior completo,avançado,,ti - sap-,pj/autônomo,0,0,0,0
,,,gerente,ensino superior completo,avançado,,ti - projetos-,hunting,0,0,0,0
,,,sênior,ensino médio completo,avançado,,financeira/controladoria-,pj/autônomo,0,0,0,0
,,,analista,ensino superior completo,básico,,ti - desenvolvimento/programação-,clt full,0,0,0,0
,,,analista,ensino superior completo,fluente,,ti - projetos-,"pj/autônomo, clt full",0,0,0,0
,,,supervisor,ensino superior completo,intermediário,,ti - projetos-,"pj/autônomo, clt full",0,0,0,0
,,,sênior,ensino superior completo,avançado,,ti - sap-,pj/autônomo,0,0,0,0
,,,pleno,ensino médio completo,avançado,,ti - desenvolvimento/programação-,pj/autônomo,0,0,0,0
,,,analista,ensino superior completo,básico,,ti - projetos-,"clt full, pj/autônomo",0,0,0,0
,,,sênior,ensino superior completo,nenhum,,gestão e alocação de recursos de ti-,clt full,0,0,0,0
,,,analista,ensino superior completo,básico,,ti - sap-,pj/autônomo,0,0,0,0
,ensino superior cursando,avançado,sênior,ensino superior completo,fluente,"ti - desenvolvimento/mobile, ti - desenvolvimento/programação",ti - projetos-,pj/autônomo,0,0,0,0
,,,assistente,ensino médio completo,básico,,administrativa-,clt full,0,0,0,0
,,,sênior,ensino médio completo,nenhum,,ti - sap-,pj/autônomo,0,0,0,0
,ensino superior completo,básico,analista,ensino superior completo,básico,ti - desenvolvimento/programação,ti - projetos-,"pj/autônomo, clt full",0,1,1,0
,pós graduação completo,avançado,analista,ensino superior completo,intermediário,ti - arquitetura,ti - desenvolvimento/programação-,clt full,0,0,0,0
,,,analista,ensino superior completo,básico,,ti - sap-,pj/autônomo,0,0,0,0
,,,sênior,ensino superior completo,avançado,,ti - infraestrutura-,pj/autônomo,0,0,0,0
,,,pleno,ensino superior completo,nenhum,,ti - projetos-,clt cotas,0,0,0,0
,pós graduação completo,avançado,analista,ensino superior completo,fluente,"administrativa, comercial, novos negócios e parcerias",ti - projetos-,"pj/autônomo, clt full",0,0,0,0
,,,sênior,ensino superior completo,fluente,,ti - projetos-,pj/autônomo,0,0,0,0
,,,pleno,ensino superior completo,avançado,,ti - sistemas e ferramentas-,clt full,0,0,0,0
,ensino superior completo,fluente,analista,ensino superior completo,básico,ti - banco de dados,ti - projetos-,clt full,0,1,0,0
,ensino médio completo,intermediário,júnior,ensino superior completo,básico,ti - desenvolvimento/programação,ti - projetos-,"clt full, pj/autônomo",0,0,0,0
,,,analista,ensino superior completo,avançado,,ti - sap-,pj/autônomo,0,0,0,0
,,,pleno,ensino técnico completo,nenhum,,gestão e alocação de recursos de ti-,pj/autônomo,0,0,0,0
,,,sênior,ensino médio completo,básico,,financeira/controladoria-,pj/autônomo,0,0,0,0
,,,sênior,ensino superior completo,básico,,ti - projetos-,"pj/autônomo, clt full",0,0,0,0
,,,especialista,ensino superior completo,avançado,,administrativa-,clt full,0,0,0,0
,pós graduação completo,intermediário,analista,ensino superior completo,básico,recursos humanos,ti - projetos-,"pj/autônomo, clt full",0,0,0,0
,,,analista,ensino superior completo,avançado,,ti - sap-,"clt full, pj/autônomo",0,0,0,0
,,,pleno,ensino médio completo,avançado,,gestão e alocação de recursos de ti-,pj/autônomo,0,0,0,0
,,,sênior,ensino superior completo,fluente,,gestão e alocação de recursos de ti-ti - sap-,pj/autônomo,0,0,0,0
,ensino superior completo,avançado,sênior,ensino superior completo,nenhum,administrativa,ti - projetos-,pj/autônomo,0,1,0,0
,,,analista,ensino superior completo,básico,,ti - projetos-,"clt full, pj/autônomo",0,0,0,0
,,,pleno,ensino médio completo,avançado,,gestão e alocação de recursos de ti-,pj/autônomo,0,0,0,0
,,,sênior,ensino técnico completo,nenhum,,ti - desenvolvimento/programação-,clt cotas,0,0,0,0
,pós graduação completo,fluente,analista,ensino superior completo,básico,ti - sap,ti - sap-,pj/autônomo,0,0,0,0
,,,sênior,ensino superior completo,nenhum,,ti - projetos-,pj/autônomo,0,0,0,0
,ensino superior completo,básico,analista,ensino superior completo,básico,ti - processos e negócios,ti - qualidade/testes-,"pj/autônomo, clt full",0,1,1,0
,,,sênior,ensino superior completo,fluente,,ti - projetos-,pj/autônomo,0,0,0,0
,,,analista,ensino superior completo,básico,,ti - sap-,"clt full, pj/autônomo",0,0,0,0
,,,sênior,ensino superior completo,avançado,,ti - sap-,pj/autônomo,0,0,0,0
,,,pleno,ensino técnico completo,nenhum,,gestão e alocação de recursos de ti-,pj/autônomo,0,0,0,0
,,,sênior,ensino superior completo,avançado,,ti - sap-,hunting,0,0,0,0
,,,assistente,ensino superior cursando,nenhum,,administrativa-,clt full,0,0,0,0
,,,sênior,ensino superior cursando,avançado,,ti - sap-,clt full,0,0,0,0
,,,sênior,ensino superior completo,intermediário,,ti - projetos-,pj/autônomo,0,0,0,0
,,,analista,ensino superior completo,básico,,ti - sap-,pj/autônomo,0,0,0,0
,,,sênior,ensino superior completo,avançado,,gestão e alocação de recursos de ti-,pj/autônomo,0,0,0,0
,ensino superior cursando,intermediário,analista,ensino superior completo,básico,ti - infraestrutura,ti - suporte-,"clt full, pj/autônomo",0,0,0,0
,ensino superior completo,intermediário,pleno,ensino superior completo,intermediário,ti - sap,ti - desenvolvimento/programação-,pj/autônomo,0,1,1,0
,,,sênior,ensino médio completo,técnico,,gestão e alocação de recursos de ti-,pj/autônomo,0,0,0,0
,,,sênior,ensino médio completo,nenhum,,ti - arquitetura-,cooperado,0,0,0,0
,,,pleno,ensino superior completo,avançado,,ti - desenvolvimento/programação-,,0,0,0,0
,,,analista,ensino superior completo,básico,,ti - projetos-,cooperado,0,0,0,0
,,,júnior,ensino médio completo,avançado,,gestão e alocação de recursos de ti-,pj/autônomo,0,0,0,0
,,,pleno,ensino superior completo,avançado,,ti - projetos-,pj/autônomo,0,0,0,0
,,,analista,ensino superior completo,básico,,ti - projetos-,"clt full, pj/autônomo",0,0,0,0
,,,pleno,ensino médio completo,avançado,,ti - desenvolvimento/programação-,clt full,0,0,0,0
,,,analista,ensino superior completo,avançado,,ti - sap-,pj/autônomo,0,0,0,0
,,,analista,ensino superior completo,básico,,ti - desenvolvimento/programação-,"pj/autônomo, clt full",0,0,0,0
,,,sênior,ensino superior completo,fluente,,ti - sap-,"pj/autônomo, clt full",0,0,0,0
,,,sênior,ensino superior completo,básico,,ti - sap-,"clt full, pj/autônomo",0,0,0,0
,ensino superior incompleto,fluente,sênior,ensino superior completo,nenhum,ti - desenvolvimento/programação,ti - sap-,clt full,0,0,0,0
,,,júnior,ensino superior completo,intermediário,,ti - suporte-,hunting,0,0,0,0
,,,pleno,ensino técnico completo,fluente,,gestão e alocação de recursos de ti-,pj/autônomo,0,0,0,0
,,,pleno,ensino superior completo,nenhum,,gestão e alocação de recursos de ti-ti - sap-,pj/autônomo,0,0,0,0
,ensino superior completo,fluente,pleno,ensino técnico completo,avançado,ti - infraestrutura,gestão e alocação de recursos de ti-,clt full,0,0,0,0
,ensino superior completo,básico,sênior,ensino superior completo,nenhum,ti - sap,ti - sap-,pj/autônomo,0,1,0,0
,,,analista,ensino superior completo,fluente,,ti - sap-,pj/autônomo,0,0,0,0
,ensino superior incompleto,intermediário,pleno,ensino técnico completo,nenhum,ti - desenvolvimento/programação,gestão e alocação de recursos de ti-,clt full,0,0,0,0
,,,sênior,ensino médio completo,nenhum,,administrativa-,cooperado,0,0,0,0
,,,sênior,ensino médio completo,nenhum,,administrativa-,cooperado,0,0,0,0
,,,analista,ensino superior completo,básico,,ti - sap-,,0,0,0,0
,,,pleno,ensino superior completo,avançado,,ti - projetos-,pj/autônomo,0,0,0,0
,,,júnior,ensino técnico cursando,nenhum,,ti - infraestrutura-,pj/autônomo,0,0,0,0
,,,sênior,ensino superior completo,nenhum,,gestão e alocação de recursos de ti-ti - sap-,pj/autônomo,0,0,0,0
,,,sênior,ensino superior completo,intermediário,,ti - sap-,,0,0,0,0
,pós graduação completo,avançado,sênior,ensino superior completo,básico,ti - sap,ti - sap-,pj/autônomo,0,0,0,0
,ensino superior completo,básico,analista,ensino superior completo,básico,ti - desenvolvimento/programação,ti - projetos-,clt full,0,1,1,0
,,,sênior,ensino superior completo,nenhum,,gestão e alocação de recursos de ti-,cooperado,0,0,0,0
,pós graduação completo,fluente,pleno,ensino superior completo,nenhum,administrativa,ti - projetos-,pj/autônomo,0,0,0,0
,ensino superior completo,,sênior,ensino superior completo,fluente,,ti - sap-,pj/autônomo,0,1,0,0
,,,sênior,ensino superior completo,nenhum,,ti - sap-,pj/autônomo,0,0,0,0
,ensino superior completo,intermediário,sênior,ensino superior completo,intermediário,administrativa,ti - projetos-,"clt full, pj/autônomo",0,1,1,0
,,,júnior,ensino superior completo,intermediário,,ti - suporte-,hunting,0,0,0,0
,,,analista,ensino superior completo,intermediário,,ti - sap-,"clt full, pj/autônomo",0,0,0,0
,,,sênior,ensino superior completo,intermediário,,ti - sap-,,0,0,0,0
,,,analista,ensino superior completo,avançado,,ti - sap-,"clt full, pj/autônomo",0,0,0,0
,ensino superior cursando,básico,júnior,ensino superior completo,básico,ti - desenvolvimento/programação,ti - projetos-,"clt full, pj/autônomo",0,0,1,0
,,,analista,ensino superior completo,básico,,ti - sap-,hunting,0,0,0,0
,,,pleno,ensino superior incompleto,nenhum,,ti - sap-,hunting,0,0,0,0
,,,sênior,ensino superior completo,nenhum,,ti - projetos-,pj/autônomo,0,0,0,0
,,,analista,ensino superior completo,básico,,ti - projetos-,pj/autônomo,0,0,0,0
,,,pleno,ensino médio completo,fluente,,ti - projetos-,pj/autônomo,0,0,0,0
,,,sênior,ensino superior completo,básico,,ti - sap-,pj/autônomo,0,0,0,0
,,,sênior,ensino superior completo,básico,,ti - projetos-,"clt full, pj/autônomo",0,0,0,0
,,,assistente,ensino superior cursando,nenhum,,administrativa-financeira/controladoria-,clt full,0,0,0,0
,ensino superior incompleto,básico,sênior,ensino superior completo,nenhum,"ti - desenvolvimento/programação, ti - sap",ti - sap-,pj/autônomo,0,0,0,0
,,,sênior,ensino superior completo,nenhum,,ti - projetos-,pj/autônomo,0,0,0,0
,,,analista,ensino superior completo,básico,,ti - projetos-,"clt full, pj/autônomo",0,0,0,0
,,,pleno,ensino superior completo,avançado,,ti - projetos-,pj/autônomo,0,0,0,0
,,,pleno,ensino médio completo,fluente,,ti - projetos-,hunting,0,0,0,0
,,,analista,ensino superior completo,básico,,ti - projetos-,"pj/autônomo, clt full",0,0,0,0
,,,sênior,ensino superior completo,avançado,,ti - sap-,clt full,0,0,0,0
,,,analista,ensino superior completo,básico,,ti - desenvolvimento/programação-,clt full,0,0,0,0
,,,analista,ensino superior completo,avançado,,ti - sap-,hunting,0,0,0,0
,,,sênior,ensino superior completo,básico,,ti - projetos-,pj/autônomo,0,0,0,0
,,,assistente,ensino superior incompleto,básico,,administrativa-,clt full,0,0,0,0
,,,júnior,ensino superior cursando,intermediário,,ti - sap-,hunting,0,0,0,0
,,,pleno,ensino técnico completo,nenhum,,gestão e alocação de recursos de ti-,pj/autônomo,0,0,0,0
,,,sênior,ensino superior completo,nenhum,,ti - sap-,,0,0,0,0
,,,pleno,ensino médio completo,avançado,,ti - projetos-,pj/autônomo,0,0,0,0
,ensino superior completo,avançado,analista,ensino superior completo,fluente,administrativa,administrativa-,clt full,0,1,0,0
,ensino superior completo,intermediário,sênior,ensino superior completo,fluente,ti - desenvolvimento/programação,ti - projetos-,pj/autônomo,0,1,0,0
,,,pleno,ensino técnico completo,nenhum,,gestão e alocação de recursos de ti-,pj/autônomo,0,0,0,0
,mestrado completo,fluente,sênior,ensino superior completo,fluente,,ti - desenvolvimento/programação-,clt full,0,0,1,0
,,,pleno,ensino superior completo,nenhum,,ti - sap-,cooperado,0,0,0,0
,ensino superior incompleto,fluente,sênior,ensino superior completo,nenhum,ti - desenvolvimento/programação,ti - banco de dados-,pj/autônomo,0,0,0,0
,,,analista,ensino superior completo,básico,,ti - sistemas e ferramentas-,"clt full, cooperado",0,0,0,0
,,,analista,ensino superior completo,básico,,administrativa-,clt full,0,0,0,0
,,,pleno,ensino técnico completo,nenhum,,gestão e alocação de recursos de ti-,pj/autônomo,0,0,0,0
,,,analista,ensino superior cursando,fluente,,ti - sap-,clt full,0,0,0,0
,,,analista,ensino superior cursando,intermediário,,gestão e alocação de recursos de ti-,clt full,0,0,0,0
,ensino superior completo,intermediário,analista,ensino superior completo,básico,ti - desenvolvimento/design,ti - projetos-,"pj/autônomo, clt full",0,1,0,0
,pós graduação completo,fluente,sênior,ensino superior completo,avançado,ti - desenvolvimento/programação,ti - projetos-,hunting,0,0,0,0
,,,sênior,ensino superior completo,intermediário,,ti - sap-,,0,0,0,0
,,,assistente,ensino superior cursando,nenhum,,administrativa-,clt full,0,0,0,0
,,,analista,ensino superior completo,fluente,,ti - projetos-,"clt full, pj/autônomo",0,0,0,0
,ensino superior completo,avançado,sênior,ensino superior completo,avançado,ti - sap,ti - projetos-,pj/autônomo,0,1,1,0
,,,sênior,ensino superior completo,fluente,,ti - sap-,pj/autônomo,0,0,0,0
,,,analista,ensino superior completo,básico,,ti - projetos-,"cooperado, clt full",0,0,0,0
,,,pleno,ensino superior completo,intermediário,,ti - desenvolvimento/programação-,hunting,0,0,0,0
,mestrado completo,básico,sênior,ensino superior completo,técnico,qualidade corporativa,ti - projetos-,pj/autônomo,0,0,0,0
,,,analista,ensino superior completo,avançado,,ti - sap-,pj/autônomo,0,0,0,0
,ensino superior completo,intermediário,sênior,ensino superior completo,intermediário,ti - sistemas e ferramentas,ti - projetos-,hunting,0,1,1,0
,,,sênior,ensino superior completo,avançado,,ti - projetos-,pj/autônomo,0,0,0,0
,,,júnior,ensino médio completo,nenhum,,administrativa-,clt full,0,0,0,0
,ensino superior completo,básico,analista,ensino superior completo,nenhum,"ti - banco de dados, ti - desenvolvimento/programação, ti - suporte",ti - suporte-,cooperado,0,1,0,0
,,,pleno,ensino técnico completo,nenhum,,gestão e alocação de recursos de ti-,pj/autônomo,0,0,0,0
,,,pleno,ensino técnico completo,nenhum,,gestão e alocação de recursos de ti-ti - qualidade/testes-,pj/autônomo,0,0,0,0
,ensino superior completo,,sênior,ensino médio completo,avançado,,financeira/controladoria-,pj/autônomo,0,0,0,0
,,,sênior,ensino médio completo,avançado,,financeira/controladoria-,pj/autônomo,0,0,0,0
,ensino superior cursando,avançado,pleno,ensino superior completo,avançado,ti - desenvolvimento/programação,ti - projetos-,pj/autônomo,0,0,1,0
,,,pleno,ensino técnico completo,nenhum,,gestão e alocação de recursos de ti-,pj/autônomo,0,0,0,0
,,,analista,ensino superior completo,básico,,ti - desenvolvimento/programação-,clt full,0,0,0,0
,,,pleno,ensino técnico completo,nenhum,,gestão e alocação de recursos de ti-,pj/autônomo,0,0,0,0
,ensino superior completo,básico,pleno,ensino superior completo,técnico,ti - desenvolvimento/programação,ti - banco de dados-,cooperado,0,1,0,0
,ensino superior completo,básico,pleno,ensino superior completo,nenhum,"administrativa, comercial, recursos humanos",recursos humanos-,clt full,0,1,0,0
,,,analista,ensino superior completo,básico,,ti - sap-,"pj/autônomo, cooperado",0,0,0,0
,ensino superior completo,avançado,sênior,ensino superior completo,nenhum,ti - desenvolvimento/programação,ti - projetos-,pj/autônomo,0,1,0,0
,,,assistente,ensino superior cursando,intermediário,,administrativa-,clt full,0,0,0,0
,pós graduação completo,intermediário,sênior,ensino médio completo,nenhum,ti - desenvolvimento/programação,gestão e alocação de recursos de ti-,cooperado,0,0,0,0
,pós graduação completo,fluente,sênior,ensino superior cursando,avançado,ti - projetos,ti - sap-,"clt full, pj/autônomo",0,0,0,0
,,,sênior,ensino superior completo,avançado,,ti - sap-,pj/autônomo,0,0,0,0
,pós graduação completo,avançado,pleno,ensino técnico completo,nenhum,ti - sap,gestão e alocação de recursos de ti-,pj/autônomo,0,0,0,0
,,,sênior,ensino superior completo,avançado,,ti - projetos-,hunting,0,0,0,0
,,,analista,ensino superior completo,básico,,ti - projetos-,"clt full, pj/autônomo",0,0,0,0
,,,analista,ensino superior completo,nenhum,,ti - projetos-,hunting,0,0,0,0
,,,pleno,ensino técnico completo,nenhum,,gestão e alocação de recursos de ti-,clt cotas,0,0,0,0
,,,analista,ensino superior completo,avançado,,ti - projetos-,"clt full, pj/autônomo",0,0,0,0
,,,analista,ensino superior completo,básico,,ti - projetos-,"clt full, pj/autônomo",0,0,0,0
,ensino superior completo,intermediário,sênior,ensino médio completo,nenhum,ti - sap,ti - sap-,cooperado,0,0,0,0
,pós graduação completo,básico,analista,ensino superior completo,básico,"administrativa, financeira/controladoria",ti - projetos-,"pj/autônomo, clt full",0,0,1,0
,,,sênior,ensino superior completo,nenhum,,ti - desenvolvimento/programação-,clt full,0,0,0,0
,pós graduação completo,intermediário,júnior,ensino superior completo,básico,ti - sap,ti - sap-,pj/autônomo,0,0,0,0
,ensino superior completo,,pleno,ensino superior completo,nenhum,,ti - desenvolvimento/programação-,clt cotas,0,1,0,0
,,,pleno,ensino superior completo,avançado,,ti - projetos-,hunting,0,0,0,0
,,,sênior,ensino médio completo,avançado,,financeira/controladoria-,pj/autônomo,0,0,0,0
,,,analista,ensino superior completo,básico,,ti - suporte-,clt cotas,0,0,0,0
,pós graduação completo,avançado,pleno,ensino técnico completo,nenhum,ti - processos e negócios,gestão e alocação de recursos de ti-,pj/autônomo,0,0,0,0
,ensino superior cursando,avançado,sênior,ensino superior completo,avançado,ti - sap,ti - sap-,pj/autônomo,0,0,1,0
,,,sênior,ensino superior completo,fluente,,ti - sap-,pj/autônomo,0,0,0,0
,,,analista,ensino superior completo,básico,,ti - projetos-,"clt full, pj/autônomo",0,0,0,0
,ensino superior completo,fluente,sênior,ensino superior completo,fluente,ti - sap,gestão e alocação de recursos de ti-ti - sap-,pj/autônomo,0,1,1,0
,,,sênior,ensino superior completo,básico,,ti - projetos-,"pj/autônomo, clt cotas, clt full",0,0,0,0
,,,analista,ensino superior completo,básico,,ti - sap-,clt full,0,0,0,0
,,,pleno,ensino superior completo,básico,,ti - projetos-,"clt full, pj/autônomo",0,0,0,0
,,,analista,ensino médio completo,básico,,ti - infraestrutura-ti - suporte-,cooperado,0,0,0,0
,,,analista,ensino superior completo,básico,,ti - projetos-,"clt full, pj/autônomo",0,0,0,0
,,,analista,ensino superior completo,avançado,,ti - sap-,pj/autônomo,0,0,0,0
,,,analista,ensino superior completo,básico,,ti - sap-,pj/autônomo,0,0,0,0
,,,sênior,ensino superior incompleto,fluente,,ti - infraestrutura-,hunting,0,0,0,0
,,,analista,ensino superior completo,básico,,ti - projetos-,"clt full, pj/autônomo",0,0,0,0
,,,analista,ensino superior completo,básico,,ti - projetos-,"pj/autônomo, clt full",0,0,0,0
,,,pleno,ensino técnico completo,nenhum,,gestão e alocação de recursos de ti-,pj/autônomo,0,0,0,0
,ensino superior cursando,intermediário,analista,ensino superior completo,básico,ti - desenvolvimento/programação,ti - projetos-,"pj/autônomo, clt full",0,0,0,0
,,,analista,ensino superior completo,básico,,ti - projetos-,"clt full, pj/autônomo",0,0,0,0
,,,pleno,ensino técnico completo,nenhum,,gestão e alocação de recursos de ti-,pj/autônomo,0,0,0,0
,,,pleno,ensino médio completo,nenhum,,gestão e alocação de recursos de ti-,pj/autônomo,0,0,0,0
,,,sênior,ensino superior completo,fluente,,ti - projetos-,pj/autônomo,0,0,0,0
,doutorado cursando,avançado,sênior,ensino médio completo,nenhum,gestão e alocação de recursos de ti,financeira/controladoria-,cooperado,0,0,0,0
,,,sênior,ensino superior completo,intermediário,,ti - sap-,"clt full, pj/autônomo",0,0,0,0
,,,analista,ensino superior completo,avançado,,administrativa-,clt full,0,0,0,0
,,,sênior,ensino médio completo,nenhum,,financeira/controladoria-ti - desenvolvimento/programação-ti - projetos-,cooperado,0,0,0,0
,ensino superior completo,intermediário,analista,ensino superior completo,básico,ti - desenvolvimento/programação,ti - projetos-,"pj/autônomo, clt full",0,1,0,0
,ensino superior incompleto,básico,analista,ensino superior completo,básico,"ti - governança, ti - projetos, ti - sap, ti - suporte",ti - sap-,"clt full, pj/autônomo",0,0,1,0
,,,gerente,ensino superior completo,básico,,ti - projetos-,"pj/autônomo, clt full",0,0,0,0
,ensino superior completo,intermediário,pleno,ensino técnico completo,nenhum,ti - infraestrutura,gestão e alocação de recursos de ti-,pj/autônomo,0,0,0,0
,,,pleno,ensino superior completo,básico,,ti - sap-,pj/autônomo,0,0,0,0
,,,pleno,ensino superior cursando,nenhum,,ti - sap-,clt full,0,0,0,0
,ensino médio completo,básico,sênior,ensino médio completo,nenhum,"ti - arquitetura, ti - banco de dados, ti - desenvolvimento/design, ti - desenvolvimento/mobile, ti - desenvolvimento/programação, ti - sistemas e ferramentas, ti - ux",gestão e alocação de recursos de ti-,cooperado,0,1,0,0
,,,analista,ensino superior completo,básico,,ti - projetos-,"cooperado, pj/autônomo",0,0,0,0
,ensino superior completo,fluente,analista,ensino superior completo,básico,ti - sap,ti - sap-,"pj/autônomo, clt full",0,1,0,0
,ensino superior cursando,avançado,pleno,ensino superior incompleto,básico,ti - desenvolvimento/programação,gestão e alocação de recursos de ti-,pj/autônomo,0,0,0,0
,pós graduação completo,básico,sênior,ensino superior completo,fluente,ti - projetos,ti - projetos-,pj/autônomo,0,0,0,0
,,,sênior,ensino médio completo,nenhum,,ti - projetos-,cooperado,0,0,0,0
,,,analista,ensino superior completo,básico,,ti - projetos-,"clt full, pj/autônomo",0,0,0,0
,,,pleno,ensino superior completo,avançado,,gestão e alocação de recursos de ti-,pj/autônomo,0,0,0,0
,ensino superior completo,intermediário,pleno,ensino superior completo,nenhum,ti - desenvolvimento/programação,ti - desenvolvimento/programação-,hunting,0,1,0,0
,,,analista,ensino superior completo,fluente,,ti - sap-,hunting,0,0,0,0
,,,sênior,ensino superior completo,avançado,,ti - projetos-,pj/autônomo,0,0,0,0
,,,sênior,ensino superior completo,básico,,ti - sap-,pj/autônomo,0,0,0,0
,,,sênior,ensino médio completo,avançado,,administrativa-,pj/autônomo,0,0,0,0
,,,analista,ensino superior cursando,básico,,ti - suporte-,"clt full, clt cotas, pj/autônomo",0,0,0,0
,,,pleno,ensino técnico completo,nenhum,,gestão e alocação de recursos de ti-,pj/autônomo,0,0,0,0
,,fluente,pleno,ensino superior completo,intermediário,,ti - desenvolvimento/programação-,clt full,0,0,0,0
,,,analista,ensino superior completo,avançado,,ti - sap-,pj/autônomo,0,0,0,0
,,,analista,ensino superior completo,avançado,,ti - projetos-,"pj/autônomo, clt full",0,0,0,0
,ensino superior completo,intermediário,sênior,ensino superior completo,avançado,"gestão e alocação de recursos de ti, ti - banco de dados, ti - desenvolvimento/programação, ti - governança, ti - infraestrutura, ti - processos e negócios, ti - projetos, ti - qualidade/testes, ti - segurança da informação, ti - sistemas e ferramentas, ti - suporte",ti - projetos-,pj/autônomo,0,1,0,0
,,,analista,ensino superior completo,básico,,ti - projetos-,"clt full, pj/autônomo",0,0,0,0
,mestrado incompleto,intermediário,sênior,ensino superior completo,avançado,ti - governança,ti - sap-,pj/autônomo,0,0,0,0
,,,sênior,ensino superior completo,fluente,,ti - projetos-,"clt full, pj/autônomo",0,0,0,0
,pós graduação completo,,analista,ensino superior completo,avançado,,ti - sap-,"clt full, pj/autônomo",0,0,0,0
,,,pleno,ensino superior completo,nenhum,,ti - qualidade/testes-,pj/autônomo,0,0,0,0
,,,júnior,ensino superior completo,intermediário,,ti - suporte-,hunting,0,0,0,0
,,,sênior,ensino médio completo,avançado,,ti - projetos-,pj/autônomo,0,0,0,0
,,,sênior,ensino médio completo,nenhum,,ti - processos e negócios-,pj/autônomo,0,0,0,0
,ensino superior cursando,fluente,analista,ensino superior completo,intermediário,"ti - desenvolvimento/design, ti - desenvolvimento/mobile, ti - desenvolvimento/programação",ti - desenvolvimento/programação-,clt full,0,0,0,0
,,,pleno,ensino superior completo,intermediário,,ti - desenvolvimento/programação-,clt full,0,0,0,0
,,,sênior,ensino superior completo,fluente,,ti - projetos-,"clt full, pj/autônomo",0,0,0,0
,ensino superior completo,básico,pleno,ensino superior completo,nenhum,financeira/controladoria,ti - sap-,pj/autônomo,0,1,0,0
,,,sênior,ensino técnico completo,técnico,,ti - segurança da informação-,clt full,0,0,0,0
,ensino superior completo,avançado,sênior,ensino médio completo,nenhum,ti - desenvolvimento/programação,administrativa-,cooperado,0,0,0,0
,,,pleno,ensino superior completo,intermediário,,ti - sap-,pj/autônomo,0,0,0,0
,,,pleno,ensino superior completo,nenhum,,ti - desenvolvimento/programação-,clt full,0,0,0,0
,,,analista,ensino superior completo,básico,,ti - sap-,pj/autônomo,0,0,0,0
,,,sênior,ensino superior completo,nenhum,,ti - processos e negócios-,"clt full, clt cotas, cooperado, pj/autônomo",0,0,0,0
,,,pleno,ensino superior completo,básico,,ti - sap-,"clt full, pj/autônomo",0,0,0,0
,,,pleno,ensino técnico completo,fluente,,gestão e alocação de recursos de ti-,pj/autônomo,0,0,0,0
,ensino superior cursando,intermediário,júnior,ensino médio completo,nenhum,ti - desenvolvimento/programação,gestão e alocação de recursos de ti-,cooperado,0,0,0,0
,,,sênior,ensino superior cursando,nenhum,,ti - desenvolvimento/programação-,clt full,0,0,0,0
,,,sênior,ensino superior completo,básico,,ti - sap-,"clt full, pj/autônomo",0,0,0,0
,,,sênior,ensino superior completo,nenhum,,gestão e alocação de recursos de ti-ti - sap-,pj/autônomo,0,0,0,0
,ensino superior completo,,pleno,ensino superior completo,avançado,,ti - desenvolvimento/programação-,,0,1,0,0
,,,pleno,pós graduação cursando,nenhum,,gestão e alocação de recursos de ti-ti - segurança da informação-,pj/autônomo,0,0,0,0
,,,sênior,ensino superior completo,básico,,ti - sap-,"cooperado, pj/autônomo",0,0,0,0
,,,analista,ensino superior completo,fluente,,ti - sap-,hunting,0,0,0,0
,,,sênior,ensino superior completo,básico,,ti - sap-,pj/autônomo,0,0,0,0
,,,analista,ensino superior completo,básico,,ti - desenvolvimento/programação-,clt full,0,0,0,0
,pós graduação completo,intermediário,analista,ensino superior completo,básico,ti - infraestrutura,ti - sistemas e ferramentas-,clt full,0,0,0,0
,pós graduação completo,avançado,sênior,ensino superior completo,intermediário,"ti - processos e negócios, ti - projetos, ti - sap",ti - projetos-,pj/autônomo,0,0,0,0
,,,sênior,ensino superior completo,fluente,,ti - projetos-,pj/autônomo,0,0,0,0
,ensino superior completo,intermediário,analista,ensino superior completo,intermediário,ti - sap,ti - sap-,"clt full, clt cotas, cooperado, estagiário, pj/autônomo",0,1,1,0
,,,sênior,ensino superior completo,básico,,ti - projetos-,"cooperado, pj/autônomo",0,0,0,0
,,,sênior,ensino superior completo,intermediário,,ti - sap-,clt full,0,0,0,0
,,,sênior,ensino superior completo,básico,,ti - projetos-,"cooperado, pj/autônomo",0,0,0,0
,,,analista,ensino superior completo,básico,,ti - projetos-,clt full,0,0,0,0
,,,pleno,ensino técnico completo,básico,,gestão e alocação de recursos de ti-,hunting,0,0,0,0
,,,sênior,ensino superior completo,fluente,,ti - projetos-,pj/autônomo,0,0,0,0
,,,analista,ensino superior completo,básico,,ti - projetos-,pj/autônomo,0,0,0,0
,,,pleno,ensino superior completo,nenhum,,ti - desenvolvimento/programação-,hunting,0,0,0,0
,,,assistente,ensino médio completo,nenhum,,administrativa-,clt full,0,0,0,0
,,,gerente,ensino superior completo,avançado,,ti - projetos-,hunting,0,0,0,0
,,,sênior,ensino superior completo,avançado,,ti - projetos-,pj/autônomo,0,0,0,0
,,,pleno,ensino médio completo,avançado,,gestão e alocação de recursos de ti-,pj/autônomo,0,0,0,0
,,,sênior,ensino superior cursando,nenhum,,ti - projetos-,hunting,0,0,0,0
,ensino superior completo,básico,analista,ensino superior completo,básico,financeira/controladoria,financeira/controladoria-,cooperado,0,1,1,0
,,,sênior,ensino superior completo,básico,,ti - projetos-,"pj/autônomo, clt full",0,0,0,0
,,,analista,ensino superior completo,intermediário,,ti - projetos-,"pj/autônomo, clt full",0,0,0,0
,,,sênior,ensino superior completo,avançado,,ti - sap-,clt full,0,0,0,0
,,,pleno,ensino técnico completo,nenhum,,gestão e alocação de recursos de ti-,pj/autônomo,0,0,0,0
,,,analista,pós graduação completo,básico,,ti - projetos-,"clt full, pj/autônomo",0,0,0,0
,ensino superior cursando,intermediário,assistente,ensino superior completo,nenhum,administrativa,administrativa-,clt full,0,0,0,0
,ensino superior completo,avançado,júnior,ensino médio completo,básico,ti - desenvolvimento/programação,financeira/controladoria-,cooperado,0,0,0,0
,,,sênior,ensino superior completo,nenhum,,ti - sistemas e ferramentas-,pj/autônomo,0,0,0,0
,ensino superior completo,básico,pleno,ensino médio completo,nenhum,ti - desenvolvimento/programação,comercial-,cooperado,0,0,0,0
,,,sênior,ensino superior completo,nenhum,,ti - desenvolvimento/programação-,,0,0,0,0
,,,pleno,ensino superior completo,intermediário,,ti - projetos-,pj/autônomo,0,0,0,0
,,,analista,ensino médio completo,básico,,ti - projetos-,hunting,0,0,0,0
,ensino superior cursando,avançado,sênior,ensino superior completo,nenhum,ti - sap,ti - sap-,pj/autônomo,0,0,0,0
,ensino superior cursando,básico,analista,ensino superior completo,básico,administrativa,administrativa-,clt full,0,0,1,0
,,,pleno,ensino superior completo,intermediário,,ti - desenvolvimento/programação-,,0,0,0,0
,ensino superior cursando,avançado,sênior,ensino superior completo,básico,ti - sap,ti - sap-,clt full,0,0,0,0
,pós graduação completo,avançado,analista,ensino superior completo,básico,financeira/controladoria,ti - projetos-,"clt full, pj/autônomo",0,0,0,0
,,,pleno,ensino superior completo,nenhum,,gestão e alocação de recursos de ti-,pj/autônomo,0,0,0,0
,mestrado completo,básico,sênior,ensino médio completo,básico,ti - desenvolvimento/programação,financeira/controladoria-,pj/autônomo,0,0,1,0
,,,sênior,ensino superior cursando,nenhum,,ti - projetos-,hunting,0,0,0,0
,,,pleno,ensino superior completo,avançado,,ti - projetos-,pj/autônomo,0,0,0,0
,,,analista,ensino médio completo,nenhum,,ti - sistemas e ferramentas-,cooperado,0,0,0,0
,,,analista,ensino superior completo,básico,,ti - desenvolvimento/programação-,hunting,0,0,0,0
,,,sênior,ensino médio completo,fluente,,ti - projetos-,pj/autônomo,0,0,0,0
,,,sênior,ensino superior completo,nenhum,,ti - sap-,pj/autônomo,0,0,0,0
,ensino superior completo,avançado,pleno,ensino técnico completo,nenhum,ti - qualidade/testes,gestão e alocação de recursos de ti-,pj/autônomo,0,0,0,0
,,,sênior,ensino superior completo,nenhum,,ti - desenvolvimento/programação-,pj/autônomo,0,0,0,0
,,,analista,ensino superior completo,básico,,ti - sap-,clt full,0,0,0,0
,,,sênior,ensino superior completo,básico,,ti - projetos-,"pj/autônomo, clt full",0,0,0,0
,,,sênior,ensino superior completo,intermediário,,ti - sistemas e ferramentas-,pj/autônomo,0,0,0,0
,mestrado cursando,avançado,sênior,ensino técnico completo,nenhum,ti - desenvolvimento/programação,ti - desenvolvimento/mobile-,clt full,0,0,0,0
,,,analista,ensino superior completo,básico,,ti - projetos-,"clt full, pj/autônomo",0,0,0,0
,,,analista,ensino superior completo,básico,,ti - projetos-,clt full,0,0,0,0
,,,analista,ensino superior completo,fluente,,ti - sap-,pj/autônomo,0,0,0,0
,pós graduação completo,avançado,sênior,ensino superior completo,nenhum,ti - sap,ti - sap-,pj/autônomo,0,0,0,0
,,,júnior,ensino superior completo,básico,,ti - projetos-,clt full,0,0,0,0
,,,sênior,ensino superior completo,nenhum,,ti - arquitetura-,clt full,0,0,0,0
,,,pleno,ensino médio completo,nenhum,,administrativa-,clt full,0,0,0,0
,,,especialista,ensino superior completo,avançado,,ti - projetos-,cooperado,0,0,0,0
,,,pleno,ensino técnico completo,nenhum,,gestão e alocação de recursos de ti-,pj/autônomo,0,0,0,0
,ensino superior completo,intermediário,sênior,ensino superior completo,avançado,,ti - desenvolvimento/mobile-,hunting,0,1,0,0
,ensino superior cursando,avançado,júnior,pós graduação cursando,intermediário,"administrativa, comercial, financeira/controladoria",recursos humanos-,clt full,0,0,0,0
,ensino superior completo,avançado,analista,ensino superior completo,avançado,"ti - projetos, ti - sap, ti - suporte",ti - sap-,"clt full, pj/autônomo",0,1,1,0
,ensino superior cursando,básico,pleno,ensino técnico completo,nenhum,"ti - infraestrutura, ti - suporte",gestão e alocação de recursos de ti-,pj/autônomo,0,0,0,0
,,,analista,ensino superior completo,básico,,ti - qualidade/testes-,"pj/autônomo, clt full",0,0,0,0
sênior,pós graduação completo,avançado,analista,ensino superior completo,avançado,"ti - processos e negócios, ti - projetos, ti - sistemas e ferramentas, ti - suporte",ti - projetos-,pj/autônomo,0,0,1,0
,,,sênior,ensino superior completo,básico,,ti - sap-,pj/autônomo,0,0,0,0
,pós graduação incompleto,avançado,sênior,ensino superior completo,básico,ti - sap,ti - sap-,pj/autônomo,0,0,0,0
,,,sênior,ensino superior completo,fluente,,ti - desenvolvimento/mobile-,pj/autônomo,0,0,0,0
,,,analista,ensino superior completo,básico,,ti - projetos-,"pj/autônomo, clt full",0,0,0,0
,,,pleno,ensino superior completo,nenhum,,ti - sap-,pj/autônomo,0,0,0,0
,,,analista,ensino superior completo,básico,,ti - projetos-,"clt full, pj/autônomo",0,0,0,0
,,,sênior,ensino superior completo,nenhum,,ti - sap-,cooperado,0,0,0,0
,,,sênior,ensino superior completo,nenhum,,ti - sap-,clt full,0,0,0,0
,,,pleno,ensino técnico completo,nenhum,,gestão e alocação de recursos de ti-,pj/autônomo,0,0,0,0
,ensino superior completo,avançado,sênior,ensino médio completo,nenhum,ti - projetos,gestão e alocação de recursos de ti-,pj/autônomo,0,0,0,0
,,,analista,ensino superior completo,básico,,ti - desenvolvimento/programação-,clt full,0,0,0,0
,ensino superior cursando,intermediário,sênior,ensino superior completo,avançado,ti - desenvolvimento/programação,ti - projetos-,pj/autônomo,0,0,0,0
,,,pleno,ensino superior completo,avançado,,ti - sap-,pj/autônomo,0,0,0,0
,,,analista,ensino superior completo,básico,,ti - projetos-,"clt full, pj/autônomo",0,0,0,0
,,,pleno,ensino técnico completo,nenhum,,gestão e alocação de recursos de ti-,clt full,0,0,0,0
,,,júnior,ensino superior cursando,nenhum,,ti - desenvolvimento/programação-,clt cotas,0,0,0,0
,ensino superior completo,avançado,analista,ensino superior completo,básico,gestão e alocação de recursos de ti,ti - projetos-,"pj/autônomo, clt full",0,1,0,0
,ensino superior completo,,especialista,ensino superior completo,básico,,ti - sap-,"clt full, pj/autônomo",0,1,0,0
,,,pleno,ensino médio completo,avançado,,gestão e alocação de recursos de ti-,pj/autônomo,0,0,0,0
,,,sênior,ensino superior completo,avançado,,ti - projetos-,hunting,0,0,0,0
,,,pleno,ensino técnico completo,nenhum,,gestão e alocação de recursos de ti-,hunting,0,0,0,0
,,,analista,ensino superior completo,fluente,,ti - sap-,"clt full, pj/autônomo",0,0,0,0
,pós graduação cursando,avançado,sênior,ensino técnico completo,nenhum,ti - projetos,ti - projetos-,pj/autônomo,0,0,0,0
,,,analista,ensino superior completo,avançado,,ti - projetos-,"clt full, pj/autônomo",0,0,0,0
,,,analista,ensino superior completo,nenhum,,administrativa-,clt full,0,0,0,0
,,,analista,ensino superior completo,avançado,,ti - projetos-,hunting,0,0,0,0
,,,analista,ensino superior completo,básico,,ti - processos e negócios-,clt full,0,0,0,0
,,,analista,ensino superior completo,básico,,ti - projetos-,clt full,0,0,0,0
,,,analista,ensino superior completo,fluente,,ti - projetos-,pj/autônomo,0,0,0,0
,,,analista,ensino superior completo,básico,,ti - projetos-,"clt full, pj/autônomo",0,0,0,0
,,,sênior,ensino superior completo,básico,,ti - projetos-,pj/autônomo,0,0,0,0
,ensino superior cursando,básico,analista,ensino superior completo,básico,ti - segurança da informação,ti - projetos-,"cooperado, pj/autônomo",0,0,1,0
,,,sênior,ensino superior completo,básico,,ti - projetos-,"pj/autônomo, clt full",0,0,0,0
,,,sênior,ensino superior completo,fluente,,ti - projetos-,pj/autônomo,0,0,0,0
,mestrado completo,avançado,sênior,ensino superior completo,básico,ti - sap,ti - sap-,pj/autônomo,0,0,0,0
,,,analista,ensino superior completo,fluente,,ti - projetos-,hunting,0,0,0,0
,,,pleno,ensino superior completo,avançado,,ti - projetos-,clt cotas,0,0,0,0
,,,pleno,ensino superior completo,nenhum,,gestão e alocação de recursos de ti-,pj/autônomo,0,0,0,0
,,,pleno,ensino superior completo,nenhum,,ti - projetos-,hunting,0,0,0,0
,,,sênior,ensino superior completo,nenhum,,ti - projetos-,hunting,0,0,0,0
,,,sênior,ensino superior completo,avançado,,ti - projetos-,pj/autônomo,0,0,0,0
,ensino superior incompleto,intermediário,sênior,ensino superior completo,fluente,ti - projetos,gestão e alocação de recursos de ti-,pj/autônomo,0,0,0,0
,,,assistente,ensino superior cursando,nenhum,,administrativa-recursos humanos-,clt full,0,0,0,0
,ensino fundamental incompleto,nenhum,sênior,ensino superior completo,básico,marketing,ti - sistemas e ferramentas-,,0,0,0,0
,,,analista,ensino superior completo,básico,,ti - projetos-,"clt full, pj/autônomo",0,0,0,0
,,,analista,ensino superior completo,básico,,ti - projetos-,"clt full, pj/autônomo",0,0,0,0
,pós graduação completo,avançado,pleno,ensino superior completo,avançado,ti - segurança da informação,novos negócios e parcerias-,pj/autônomo,0,0,1,0
,ensino superior incompleto,intermediário,analista,ensino superior completo,básico,ti - desenvolvimento/programação,ti - projetos-,"pj/autônomo, clt full",0,0,0,0
,,,sênior,ensino superior completo,nenhum,,ti - projetos-,hunting,0,0,0,0
,,,analista,ensino superior completo,básico,,ti - projetos-,pj/autônomo,0,0,0,0
,,,analista,ensino superior completo,intermediário,,ti - desenvolvimento/mobile-,,0,0,0,0
,,,analista,ensino superior completo,básico,,ti - projetos-,"clt full, pj/autônomo",0,0,0,0
,pós graduação completo,básico,júnior,ensino superior completo,básico,ti - sap,ti - sap-,clt full,0,0,1,0
,ensino superior completo,nenhum,analista,ensino superior cursando,básico,"administrativa, comercial",ti - projetos-,clt full,0,0,0,0
,,,analista,ensino superior completo,básico,,ti - desenvolvimento/programação-,clt full,0,0,0,0
,,,júnior,ensino médio completo,nenhum,,administrativa-,cooperado,0,0,0,0
,,,analista,ensino médio completo,básico,,ti - projetos-,"pj/autônomo, clt full",0,0,0,0
,,,sênior,ensino superior completo,nenhum,,gestão e alocação de recursos de ti-ti - sap-,pj/autônomo,0,0,0,0
,,,especialista,ensino superior completo,intermediário,,ti - sistemas e ferramentas-,pj/autônomo,0,0,0,0
,,,analista,ensino superior completo,básico,,ti - projetos-,"pj/autônomo, clt full",0,0,0,0
,pós graduação completo,básico,sênior,ensino superior completo,básico,ti - projetos,ti - projetos-,"clt full, pj/autônomo",0,0,1,0
,mestrado completo,fluente,sênior,ensino superior completo,avançado,ti - projetos,ti - sap-,pj/autônomo,0,0,0,0
,mestrado completo,avançado,analista,ensino superior completo,básico,administrativa,ti - projetos-,"clt full, pj/autônomo",0,0,0,0
,,,júnior,ensino superior completo,fluente,,ti - projetos-ti - sap-,cooperado,0,0,0,0
,,,pleno,ensino técnico completo,nenhum,,gestão e alocação de recursos de ti-ti - desenvolvimento/programação-,pj/autônomo,0,0,0,0
,,,analista,ensino superior completo,básico,,ti - projetos-,"pj/autônomo, clt full",0,0,0,0
,ensino superior completo,fluente,sênior,ensino superior completo,avançado,ti - arquitetura,ti - projetos-,hunting,0,1,0,0
,,,pleno,ensino superior completo,nenhum,,ti - sap-,cooperado,0,0,0,0
,ensino superior completo,intermediário,sênior,ensino médio completo,nenhum,ti - desenvolvimento/programação,administrativa-,clt full,0,0,0,0
,,,sênior,ensino superior completo,nenhum,,ti - sap-,pj/autônomo,0,0,0,0
,,,sênior,ensino superior completo,avançado,,ti - projetos-,pj/autônomo,0,0,0,0
,ensino superior cursando,intermediário,analista,ensino superior completo,básico,"gestão e alocação de recursos de ti, ti - desenvolvimento/programação, ti - infraestrutura, ti - suporte",ti - infraestrutura-,clt full,0,0,0,0
,ensino superior incompleto,avançado,pleno,ensino médio completo,intermediário,ti - qualidade/testes,administrativa-,pj/autônomo,0,0,0,0
,,,sênior,ensino superior completo,básico,,ti - projetos-,hunting,0,0,0,0
,,,sênior,ensino superior completo,básico,,ti - projetos-,hunting,0,0,0,0
,,,assistente,ensino médio completo,básico,,administrativa-,,0,0,0,0
,,,pleno,ensino superior completo,fluente,,ti - sap-,,0,0,0,0
,,,sênior,ensino superior completo,básico,,ti - projetos-,"clt full, pj/autônomo",0,0,0,0
,ensino superior completo,básico,sênior,ensino superior completo,avançado,ti - sap,ti - sap-,pj/autônomo,0,1,0,0
,,,sênior,ensino superior completo,básico,,ti - desenvolvimento/programação-,hunting,0,0,0,0
,,,pleno,ensino técnico completo,nenhum,,gestão e alocação de recursos de ti-,pj/autônomo,0,0,0,0
,,,pleno,ensino técnico completo,nenhum,,gestão e alocação de recursos de ti-,pj/autônomo,0,0,0,0
,mestrado completo,fluente,analista,ensino superior completo,avançado,ti - projetos,ti - projetos-,"pj/autônomo, clt full",0,0,0,0
,,,analista,ensino superior completo,básico,,ti - projetos-,"clt full, pj/autônomo",0,0,0,0
,ensino superior completo,básico,sênior,ensino superior completo,nenhum,ti - sap,ti - sap-,clt full,0,1,0,0
,,,analista,ensino superior completo,básico,,ti - sap-,clt full,0,0,0,0
,,,pleno,ensino técnico completo,nenhum,,gestão e alocação de recursos de ti-,pj/autônomo,0,0,0,0
,,,sênior,ensino médio completo,nenhum,,ti - sap-,pj/autônomo,0,0,0,0
,,,analista,ensino superior completo,fluente,,ti - desenvolvimento/programação-,clt full,0,0,0,0
,,,pleno,ensino superior completo,avançado,,ti - projetos-,hunting,0,0,0,0
,,,sênior,ensino médio completo,fluente,,ti - projetos-ti - sap-,pj/autônomo,0,0,0,0
,ensino superior completo,intermediário,sênior,ensino técnico completo,nenhum,ti - projetos,ti - projetos-,pj/autônomo,0,0,0,0
,,,sênior,ensino superior completo,intermediário,,ti - projetos-,clt full,0,0,0,0
,,,pleno,ensino técnico completo,intermediário,,gestão e alocação de recursos de ti-,pj/autônomo,0,0,0,0
,pós graduação completo,avançado,sênior,ensino superior completo,avançado,ti - arquitetura,ti - projetos-ti - sap-,"clt full, pj/autônomo",0,0,1,0
,,,sênior,ensino superior completo,fluente,,ti - projetos-,pj/autônomo,0,0,0,0
,,,analista,ensino superior completo,fluente,,ti - projetos-,pj/autônomo,0,0,0,0
,pós graduação completo,fluente,sênior,ensino médio completo,nenhum,ti - desenvolvimento/programação,financeira/controladoria-,pj/autônomo,0,0,0,0
,,,sênior,ensino superior completo,básico,,ti - sap-,clt full,0,0,0,0
,,,analista,ensino superior completo,avançado,,ti - projetos-,pj/autônomo,0,0,0,0
,pós graduação completo,avançado,analista,ensino superior completo,básico,"comercial, novos negócios e parcerias, ti - processos e negócios, ti - projetos",ti - projetos-,pj/autônomo,0,0,0,0
,pós graduação incompleto,intermediário,pleno,ensino médio completo,fluente,recursos humanos,ti - projetos-,clt full,0,0,0,0
,,,analista,ensino superior completo,básico,,ti - projetos-,"pj/autônomo, clt full",0,0,0,0
,,,sênior,ensino superior completo,avançado,,ti - sap-,pj/autônomo,0,0,0,0
,,,analista,ensino técnico completo,nenhum,,administrativa-financeira/controladoria-,clt full,0,0,0,0
,,,pleno,ensino superior completo,avançado,,ti - desenvolvimento/programação-,clt full,0,0,0,0
,pós graduação completo,intermediário,analista,ensino superior completo,básico,ti - desenvolvimento/programação,ti - projetos-,hunting,0,0,0,0
,ensino técnico completo,intermediário,pleno,ensino técnico completo,nenhum,ti - qualidade/testes,gestão e alocação de recursos de ti-,pj/autônomo,0,1,0,0
,,,analista,ensino superior completo,básico,,ti - projetos-,"pj/autônomo, clt full",0,0,0,0
,,,pleno,ensino superior completo,técnico,,ti - desenvolvimento/programação-,hunting,0,0,0,0
,ensino superior completo,básico,analista,ensino superior completo,intermediário,ti - projetos,ti - sap-,"clt full, clt cotas, cooperado, estagiário",0,1,0,0
,,,pleno,ensino superior cursando,nenhum,,ti - desenvolvimento/programação-,"clt full, clt cotas, cooperado, pj/autônomo",0,0,0,0
,,,sênior,ensino superior completo,fluente,,ti - projetos-,pj/autônomo,0,0,0,0
,,,especialista,ensino médio completo,nenhum,,administrativa-,cooperado,0,0,0,0
,ensino superior completo,intermediário,especialista,pós graduação cursando,básico,ti - desenvolvimento/programação,ti - projetos-,"pj/autônomo, clt full",0,0,0,0
,pós graduação completo,avançado,pleno,ensino superior completo,avançado,"ti - governança, ti - infraestrutura",gestão e alocação de recursos de ti-,pj/autônomo,0,0,1,0
,ensino superior completo,fluente,sênior,ensino médio completo,nenhum,ti - banco de dados,gestão e alocação de recursos de ti-,cooperado,0,0,0,0
,,,analista,ensino superior completo,básico,,ti - desenvolvimento/mobile-,clt full,0,0,0,0
,ensino superior completo,nenhum,analista,ensino superior completo,básico,recursos humanos,recursos humanos-,clt full,0,1,0,0
,,,sênior,ensino superior completo,avançado,,ti - sap-,pj/autônomo,0,0,0,0
,,,sênior,ensino superior completo,avançado,,ti - suporte-,hunting,0,0,0,0
,,,pleno,ensino superior completo,básico,,ti - projetos-,"clt full, pj/autônomo",0,0,0,0
,,,analista,ensino superior completo,básico,,ti - desenvolvimento/programação-,"clt cotas, cooperado",0,0,0,0
,,,sênior,ensino médio completo,avançado,,financeira/controladoria-,pj/autônomo,0,0,0,0
,ensino superior completo,intermediário,sênior,ensino superior completo,nenhum,"ti - desenvolvimento/design, ti - ux",ti - desenvolvimento/design-,,0,1,0,0
,,,sênior,ensino superior cursando,intermediário,,ti - sap-,pj/autônomo,0,0,0,0
,,,sênior,ensino superior completo,fluente,,ti - projetos-,hunting,0,0,0,0
,,,analista,ensino superior completo,fluente,,ti - sap-,"pj/autônomo, clt full",0,0,0,0
,pós graduação completo,intermediário,analista,ensino superior completo,básico,comercial,ti - projetos-,,0,0,0,0
,,,sênior,ensino superior completo,nenhum,,ti - sap-,clt full,0,0,0,0
,,,sênior,ensino superior completo,intermediário,,ti - projetos-,pj/autônomo,0,0,0,0
,,,analista,ensino superior completo,básico,,ti - projetos-,hunting,0,0,0,0
,,,analista,ensino superior completo,básico,,ti - desenvolvimento/programação-,hunting,0,0,0,0
,pós graduação completo,fluente,supervisor,ensino superior completo,básico,ti - governança,ti - projetos-,clt full,0,0,0,0
,,,sênior,ensino superior completo,fluente,,ti - processos e negócios-,,0,0,0,0
,,,sênior,ensino superior completo,intermediário,,ti - sap-,clt full,0,0,0,0
,,,analista,ensino superior completo,básico,,ti - projetos-,"clt full, pj/autônomo",0,0,0,0
,,,pleno,ensino superior completo,básico,,ti - sistemas e ferramentas-,,0,0,0,0
,,,pleno,ensino superior completo,básico,,ti - projetos-,"pj/autônomo, clt full",0,0,0,0
,,,sênior,ensino superior completo,avançado,,ti - processos e negócios-,pj/autônomo,0,0,0,0
,,,pleno,ensino superior completo,nenhum,,ti - sap-,clt full,0,0,0,0
,,,analista,ensino superior completo,básico,,ti - projetos-,"clt full, pj/autônomo",0,0,0,0
,,,analista,ensino superior completo,básico,,ti - projetos-,"clt full, pj/autônomo",0,0,0,0
sênior,ensino superior completo,intermediário,analista,ensino superior completo,básico,,ti - projetos-,"clt full, pj/autônomo",0,1,0,0
,,,sênior,ensino superior completo,avançado,,ti - sistemas e ferramentas-,clt full,0,0,0,0
,,,analista,ensino superior completo,básico,,ti - projetos-,"pj/autônomo, clt full",0,0,0,0
sênior,pós graduação completo,básico,sênior,ensino médio completo,nenhum,ti - desenvolvimento/programação,administrativa-,clt full,1,0,0,0
,,,sênior,ensino superior completo,avançado,,ti - projetos-,hunting,0,0,0,0
,,,sênior,ensino superior cursando,avançado,,ti - sap-,"pj/autônomo, clt full",0,0,0,0
,,,analista,ensino superior completo,básico,,ti - suporte-,"cooperado, pj/autônomo",0,0,0,0
,,,assistente,ensino médio completo,nenhum,,administrativa-,clt full,0,0,0,0
,,,sênior,ensino superior completo,avançado,,ti - sap-,"clt full, pj/autônomo",0,0,0,0
,,,sênior,ensino superior cursando,fluente,,ti - sap-,cooperado,0,0,0,0
,,,analista,ensino superior completo,básico,,ti - sap-,pj/autônomo,0,0,0,0
,,,analista,ensino superior completo,básico,,ti - projetos-,"pj/autônomo, clt full",0,0,0,0
,ensino superior completo,fluente,sênior,ensino superior completo,fluente,ti - projetos,gestão e alocação de recursos de ti-,cooperado,0,1,1,0
,pós graduação completo,avançado,pleno,ensino superior completo,avançado,ti - sap,ti - sap-,pj/autônomo,0,0,1,0
,,,sênior,ensino superior completo,nenhum,,ti - sap-,cooperado,0,0,0,0
,,,sênior,ensino superior completo,avançado,,ti - projetos-,hunting,0,0,0,0
,,,pleno,ensino superior completo,avançado,,ti - projetos-,pj/autônomo,0,0,0,0
,ensino superior incompleto,intermediário,sênior,ensino superior completo,intermediário,ti - sap,ti - sap-,hunting,0,0,1,0
,,,analista,ensino superior completo,básico,,ti - projetos-,"clt full, pj/autônomo",0,0,0,0
,pós graduação completo,avançado,sênior,ensino superior completo,fluente,"ti - arquitetura, ti - banco de dados, ti - desenvolvimento/programação, ti - processos e negócios",ti - sistemas e ferramentas-,,0,0,0,0
,pós graduação completo,básico,pleno,ensino superior cursando,nenhum,"ti - infraestrutura, ti - segurança da informação, ti - suporte",ti - projetos-,hunting,0,0,0,0
,,,analista,ensino superior completo,básico,,ti - sap-,"clt cotas, cooperado, estagiário, pj/autônomo",0,0,0,0
,,,especialista,ensino superior completo,básico,,ti - sap-,pj/autônomo,0,0,0,0
,,,sênior,ensino médio completo,avançado,,ti - projetos-,pj/autônomo,0,0,0,0
,ensino superior completo,básico,pleno,ensino médio completo,nenhum,ti - desenvolvimento/programação,administrativa-,cooperado,0,0,0,0
,,,pleno,ensino superior completo,nenhum,,ti - projetos-,hunting,0,0,0,0
,,,sênior,ensino médio completo,avançado,,gestão e alocação de recursos de ti-,pj/autônomo,0,0,0,0
,ensino superior completo,básico,analista,ensino superior completo,básico,ti - infraestrutura,ti - projetos-,"clt full, pj/autônomo",0,1,1,0
,,,analista,ensino superior completo,básico,,recursos humanos-,clt cotas,0,0,0,0
,,,júnior,ensino superior completo,intermediário,,ti - projetos-,hunting,0,0,0,0
,,,pleno,ensino superior completo,básico,,ti - projetos-,hunting,0,0,0,0
,,,sênior,ensino superior completo,avançado,,ti - projetos-,pj/autônomo,0,0,0,0
,ensino superior completo,intermediário,analista,ensino superior completo,básico,ti - projetos,ti - projetos-,clt full,0,1,0,0
,,,pleno,ensino técnico completo,nenhum,,gestão e alocação de recursos de ti-,pj/autônomo,0,0,0,0
,pós graduação completo,intermediário,analista,ensino superior completo,básico,financeira/controladoria,ti - projetos-,"clt full, pj/autônomo",0,0,0,0
,pós graduação completo,avançado,sênior,ensino superior completo,nenhum,"ti - desenvolvimento/programação, ti - processos e negócios, ti - segurança da informação, ti - sistemas e ferramentas",gestão e alocação de recursos de ti-,clt full,0,0,0,0
,,,especialista,ensino superior completo,intermediário,,ti - sap-,pj/autônomo,0,0,0,0
,mestrado incompleto,intermediário,pleno,ensino técnico completo,nenhum,"ti - governança, ti - infraestrutura, ti - segurança da informação",gestão e alocação de recursos de ti-,clt cotas,0,0,0,0
,,,analista,ensino superior completo,básico,,ti - sap-,"clt full, pj/autônomo",0,0,0,0
,,,analista,ensino médio completo,básico,,ti - projetos-,hunting,0,0,0,0
,,,pleno,ensino superior completo,avançado,,ti - sistemas e ferramentas-,clt full,0,0,0,0
,ensino superior completo,,sênior,ensino médio completo,nenhum,,administrativa-,pj/autônomo,0,0,0,0
,,,analista,ensino superior completo,básico,,ti - desenvolvimento/programação-,clt full,0,0,0,0
,,,analista,ensino superior completo,básico,,ti - projetos-,"pj/autônomo, clt full",0,0,0,0
,pós graduação cursando,fluente,analista,ensino superior completo,básico,ti - segurança da informação,ti - segurança da informação-,"pj/autônomo, clt full",0,0,0,0
,,,sênior,ensino superior completo,fluente,,ti - sap-,"clt full, pj/autônomo",0,0,0,0
,ensino superior incompleto,avançado,pleno,ensino superior completo,avançado,ti - desenvolvimento/design,ti - projetos-,pj/autônomo,0,0,1,0
,,,sênior,ensino médio completo,fluente,,ti - projetos-,pj/autônomo,0,0,0,0
,,,pleno,ensino técnico completo,nenhum,,gestão e alocação de recursos de ti-,pj/autônomo,0,0,0,0
,,,pleno,ensino superior completo,fluente,,ti - desenvolvimento/programação-,clt full,0,0,0,0
,,,pleno,ensino superior completo,técnico,,ti - desenvolvimento/programação-,hunting,0,0,0,0
,ensino superior completo,intermediário,analista,ensino médio completo,nenhum,administrativa,administrativa-financeira/controladoria-,clt full,0,0,0,0
,pós graduação completo,intermediário,pleno,ensino técnico completo,nenhum,financeira/controladoria,gestão e alocação de recursos de ti-,pj/autônomo,0,0,0,0
,,,pleno,ensino superior completo,nenhum,,ti - desenvolvimento/programação-,clt full,0,0,0,0
,ensino superior completo,intermediário,analista,ensino superior completo,básico,"comercial, novos negócios e parcerias",ti - projetos-,,0,1,0,0
,pós graduação completo,avançado,sênior,ensino superior completo,básico,"ti - arquitetura, ti - infraestrutura, ti - ux",ti - projetos-,"clt full, pj/autônomo",0,0,0,0
,,,analista,ensino superior completo,básico,,ti - projetos-,"clt full, pj/autônomo",0,0,0,0
,,,analista,ensino superior completo,básico,,ti - desenvolvimento/programação-,clt full,0,0,0,0
,,,analista,ensino superior completo,básico,,ti - sap-,"clt full, pj/autônomo",0,0,0,0
,ensino superior completo,intermediário,analista,ensino superior completo,básico,ti - desenvolvimento/programação,ti - desenvolvimento/programação-,"pj/autônomo, clt full",0,1,0,0
,,,sênior,ensino superior completo,nenhum,,gestão e alocação de recursos de ti-ti - sap-,pj/autônomo,0,0,0,0
,,,sênior,ensino superior completo,avançado,,ti - projetos-,pj/autônomo,0,0,0,0
,,,sênior,ensino médio completo,avançado,,ti - projetos-,pj/autônomo,0,0,0,0
,,,pleno,ensino superior completo,intermediário,,ti - desenvolvimento/mobile-,clt full,0,0,0,0
,,,pleno,ensino superior completo,nenhum,,gestão e alocação de recursos de ti-,hunting,0,0,0,0
,,,pleno,ensino médio completo,avançado,,financeira/controladoria-,pj/autônomo,0,0,0,0
,,,sênior,ensino superior completo,fluente,,ti - projetos-,pj/autônomo,0,0,0,0
,pós graduação completo,,sênior,ensino superior completo,básico,,ti - projetos-,"pj/autônomo, cooperado",0,0,0,0
,,,sênior,ensino superior completo,básico,,ti - sap-,"clt full, pj/autônomo",0,0,0,0
,,,analista,ensino superior completo,básico,,ti - projetos-,"clt full, pj/autônomo",0,0,0,0
,ensino superior incompleto,avançado,analista,ensino superior completo,básico,ti - sap,ti - sap-,"pj/autônomo, clt full",0,0,0,0
,,,sênior,ensino superior completo,avançado,,ti - projetos-,pj/autônomo,0,0,0,0
,,,sênior,ensino superior completo,avançado,,ti - sap-,pj/autônomo,0,0,0,0
,,,pleno,ensino técnico completo,nenhum,,gestão e alocação de recursos de ti-,pj/autônomo,0,0,0,0
,,,analista,ensino superior completo,avançado,,ti - sap-,pj/autônomo,0,0,0,0
,,,júnior,ensino técnico completo,fluente,,ti - sap-,clt full,0,0,0,0
,,,sênior,ensino superior completo,básico,,ti - projetos-,clt full,0,0,0,0
,,,sênior,ensino superior completo,nenhum,,ti - sap-,pj/autônomo,0,0,0,0
,pós graduação completo,intermediário,analista,ensino superior completo,básico,ti - qualidade/testes,ti - projetos-,"clt full, pj/autônomo",0,0,0,0
,,,assistente,ensino médio completo,nenhum,,administrativa-,clt full,0,0,0,0
,,,pleno,ensino superior completo,avançado,,ti - governança-,"clt full, clt cotas, cooperado, pj/autônomo",0,0,0,0
,pós graduação completo,fluente,pleno,ensino técnico completo,avançado,ti - desenvolvimento/programação,gestão e alocação de recursos de ti-,hunting,0,0,0,0
,,,analista,ensino superior completo,básico,,ti - banco de dados-,clt full,0,0,0,0
,,,pleno,ensino técnico completo,nenhum,,gestão e alocação de recursos de ti-,pj/autônomo,0,0,0,0
,,,sênior,ensino superior completo,intermediário,,ti - sistemas e ferramentas-,,0,0,0,0
,,,pleno,ensino superior completo,avançado,,gestão e alocação de recursos de ti-,hunting,0,0,0,0
,,,analista,ensino superior completo,básico,,ti - projetos-,pj/autônomo,0,0,0,0
,,,pleno,ensino superior completo,nenhum,,ti - sap-,hunting,0,0,0,0
,pós graduação completo,,analista,ensino superior completo,fluente,,ti - sap-,pj/autônomo,0,0,0,0
,,,analista,ensino superior completo,básico,,ti - banco de dados-,"cooperado, pj/autônomo",0,0,0,0
,,,analista,ensino superior completo,básico,,ti - projetos-,"pj/autônomo, clt full",0,0,0,0
,,,analista,ensino superior completo,básico,,ti - projetos-,clt full,0,0,0,0
,,,sênior,ensino superior completo,básico,,ti - sap-,pj/autônomo,0,0,0,0
,,,especialista,ensino superior completo,nenhum,,ti - banco de dados-,clt full,0,0,0,0
,,,sênior,ensino superior completo,intermediário,,ti - projetos-,pj/autônomo,0,0,0,0
,,,pleno,ensino técnico completo,nenhum,,gestão e alocação de recursos de ti-,pj/autônomo,0,0,0,0
,,,analista,ensino superior completo,fluente,,ti - sap-,pj/autônomo,0,0,0,0
,,,sênior,ensino superior completo,básico,,ti - sap-,"pj/autônomo, clt full",0,0,0,0
,,,pleno,ensino técnico completo,nenhum,,gestão e alocação de recursos de ti-,pj/autônomo,0,0,0,0
,ensino superior completo,intermediário,analista,ensino superior completo,básico,administrativa,financeira/controladoria-,clt full,0,1,0,0
,,,pleno,ensino superior completo,fluente,,ti - desenvolvimento/programação-,clt cotas,0,0,0,0
,,,pleno,ensino superior completo,fluente,,gestão e alocação de recursos de ti-,pj/autônomo,0,0,0,0
,,,pleno,ensino superior completo,avançado,,ti - projetos-,pj/autônomo,0,0,0,0
,,,sênior,ensino médio completo,nenhum,,gestão e alocação de recursos de ti-,pj/autônomo,0,0,0,0
,,,sênior,ensino superior completo,fluente,,ti - desenvolvimento/mobile-,pj/autônomo,0,0,0,0
,,,pleno,ensino superior completo,avançado,,ti - sap-,hunting,0,0,0,0
,ensino superior incompleto,intermediário,pleno,ensino técnico completo,avançado,ti - desenvolvimento/programação,gestão e alocação de recursos de ti-,hunting,0,0,0,0
,,,analista,ensino superior completo,básico,,ti - projetos-,"pj/autônomo, clt full",0,0,0,0
,,,analista,ensino superior completo,básico,,ti - projetos-,"pj/autônomo, clt full",0,0,0,0
,,,analista,ensino superior completo,básico,,ti - sap-,pj/autônomo,0,0,0,0
,,,júnior,ensino superior completo,nenhum,,ti - sistemas e ferramentas-,clt full,0,0,0,0
,,,analista,ensino superior completo,básico,,ti - sap-,clt full,0,0,0,0
,,,analista,ensino superior completo,básico,,ti - sap-,"clt full, pj/autônomo",0,0,0,0
,,,analista,ensino superior completo,básico,,ti - projetos-,"clt full, pj/autônomo",0,0,0,0
,,,sênior,ensino superior completo,nenhum,,ti - projetos-,hunting,0,0,0,0
,,,pleno,ensino técnico completo,nenhum,,gestão e alocação de recursos de ti-,pj/autônomo,0,0,0,0
,pós graduação completo,fluente,gerente,ensino superior completo,intermediário,ti - projetos,ti - projetos-,clt full,0,0,0,0
,,,sênior,ensino superior completo,nenhum,,ti - banco de dados-ti - projetos-,"pj/autônomo, cooperado",0,0,0,0
,pós graduação completo,intermediário,sênior,ensino superior completo,fluente,ti - sap,ti - sap-,pj/autônomo,0,0,0,0
,,,pleno,pós graduação completo,intermediário,,ti - sap-,pj/autônomo,0,0,0,0
,,,analista,ensino superior completo,básico,,ti - projetos-,"clt full, pj/autônomo",0,0,0,0
,,,sênior,ensino médio completo,nenhum,,ti - projetos-,pj/autônomo,0,0,0,0
,,,especialista,ensino superior completo,básico,,ti - projetos-,hunting,0,0,0,0
,pós graduação completo,intermediário,pleno,ensino superior completo,intermediário,ti - processos e negócios,ti - desenvolvimento/programação-,,0,0,1,0
,,,analista,ensino superior completo,avançado,,ti - sap-,"clt cotas, cooperado, estagiário, pj/autônomo, hunting",0,0,0,0
,,,sênior,ensino médio completo,técnico,,administrativa-,pj/autônomo,0,0,0,0
,,,pleno,ensino superior completo,nenhum,,ti - projetos-,pj/autônomo,0,0,0,0
,ensino superior incompleto,fluente,especialista,ensino superior completo,básico,ti - desenvolvimento/mobile,ti - projetos-,hunting,0,0,0,0
,,,sênior,ensino superior completo,intermediário,,ti - projetos-,"pj/autônomo, clt full",0,0,0,0
,pós graduação completo,avançado,sênior,ensino médio completo,nenhum,ti - desenvolvimento/programação,gestão e alocação de recursos de ti-,cooperado,0,0,0,0
,,,sênior,ensino superior completo,avançado,,ti - projetos-,pj/autônomo,0,0,0,0
,,,pleno,ensino técnico completo,nenhum,,gestão e alocação de recursos de ti-,pj/autônomo,0,0,0,0
,,,sênior,ensino médio completo,intermediário,,administrativa-,pj/autônomo,0,0,0,0
,,,especialista,ensino superior completo,nenhum,,ti - sap-,clt full,0,0,0,0
,,,sênior,ensino superior completo,avançado,,ti - projetos-,pj/autônomo,0,0,0,0
,ensino superior completo,avançado,júnior,ensino superior completo,avançado,ti - qualidade/testes,ti - projetos-,pj/autônomo,0,1,1,0
,,,sênior,ensino superior completo,avançado,,ti - sistemas e ferramentas-,clt full,0,0,0,0
,ensino técnico completo,básico,sênior,ensino superior completo,nenhum,ti - projetos,ti - sap-,hunting,0,0,0,0
,,,sênior,ensino médio completo,intermediário,,ti - projetos-,hunting,0,0,0,0
,,,analista,ensino superior completo,fluente,,ti - sap-,"clt full, pj/autônomo",0,0,0,0
,,,sênior,ensino superior completo,fluente,,gestão e alocação de recursos de ti-,clt full,0,0,0,0
,,,sênior,ensino superior completo,avançado,,gestão e alocação de recursos de ti-,pj/autônomo,0,0,0,0
,,,analista,ensino superior completo,básico,,ti - desenvolvimento/programação-,clt full,0,0,0,0
,,,auxiliar,ensino médio completo,nenhum,,administrativa-,hunting,0,0,0,0
,,,analista,ensino superior completo,básico,,ti - projetos-,hunting,0,0,0,0
,,,sênior,ensino superior completo,nenhum,,ti - projetos-,pj/autônomo,0,0,0,0
,,,analista,ensino superior completo,básico,,ti - sap-,cooperado,0,0,0,0
,pós graduação completo,intermediário,analista,ensino superior completo,fluente,ti - processos e negócios,ti - projetos-,"clt full, pj/autônomo",0,0,0,0
,,,sênior,ensino superior completo,nenhum,,ti - projetos-,hunting,0,0,0,0
,ensino superior completo,fluente,sênior,ensino superior completo,avançado,ti - sap,ti - sap-,pj/autônomo,0,1,0,0
,ensino superior cursando,intermediário,júnior,ensino superior completo,avançado,ti - desenvolvimento/programação,ti - desenvolvimento/programação-ti - governança-,clt full,0,0,0,0
,,,sênior,ensino superior completo,avançado,,ti - sap-,pj/autônomo,0,0,0,0
,,,pleno,ensino superior completo,avançado,,ti - desenvolvimento/programação-,clt full,0,0,0,0
,,,analista,ensino superior completo,básico,,ti - projetos-,"pj/autônomo, clt full",0,0,0,0
,,,sênior,ensino médio completo,nenhum,,ti - infraestrutura-,cooperado,0,0,0,0
,,,pleno,ensino superior completo,avançado,,gestão e alocação de recursos de ti-,clt cotas,0,0,0,0
,pós graduação cursando,básico,sênior,ensino médio completo,nenhum,ti - qualidade/testes,administrativa-,clt cotas,0,0,0,0
,pós graduação completo,intermediário,analista,ensino superior completo,básico,"ti - governança, ti - projetos, ti - sap, ti - segurança da informação, ti - sistemas e ferramentas",ti - projetos-,"clt full, cooperado, pj/autônomo",0,0,0,0
,,,sênior,ensino superior completo,fluente,,ti - sap-,pj/autônomo,0,0,0,0
,,,analista,ensino superior completo,avançado,,ti - sap-,pj/autônomo,0,0,0,0
,,,sênior,ensino superior completo,fluente,,ti - sap-,pj/autônomo,0,0,0,0
,,,sênior,ensino superior completo,intermediário,,ti - qualidade/testes-,hunting,0,0,0,0
,ensino superior completo,,analista,ensino superior completo,básico,,ti - projetos-,clt full,0,1,0,0
,,,júnior,ensino médio completo,nenhum,,gestão e alocação de recursos de ti-,cooperado,0,0,0,0
,,,analista,ensino superior completo,básico,,ti - projetos-,hunting,0,0,0,0
,pós graduação completo,intermediário,sênior,ensino superior completo,fluente,"ti - processos e negócios, ti - projetos, ti - sap",ti - sap-,pj/autônomo,0,0,0,0
,ensino superior completo,intermediário,analista,ensino superior completo,avançado,"comercial, ti - sap",ti - sap-,"clt full, pj/autônomo",0,1,0,0
,,,analista,ensino superior completo,básico,,ti - projetos-,"clt full, pj/autônomo",0,0,0,0
,ensino superior completo,intermediário,analista,ensino superior completo,básico,ti - desenvolvimento/programação,ti - desenvolvimento/programação-,clt full,0,1,0,0
,,,pleno,ensino técnico completo,nenhum,,gestão e alocação de recursos de ti-,pj/autônomo,0,0,0,0
,,,sênior,ensino superior completo,fluente,,ti - projetos-,pj/autônomo,0,0,0,0
,ensino superior incompleto,avançado,sênior,ensino superior completo,nenhum,ti - desenvolvimento/programação,ti - desenvolvimento/programação-,pj/autônomo,0,0,0,0
,pós graduação completo,,sênior,ensino superior completo,nenhum,,ti - arquitetura-,clt full,0,0,0,0
,,,analista,ensino superior completo,básico,,ti - sap-,pj/autônomo,0,0,0,0
,,,especialista,ensino superior incompleto,básico,,ti - projetos-,hunting,0,0,0,0
,,,pleno,ensino superior completo,técnico,,ti - sap-,clt cotas,0,0,0,0
,,,pleno,ensino superior completo,fluente,,ti - sap-,pj/autônomo,0,0,0,0
,,,especialista,ensino superior completo,fluente,,ti - processos e negócios-,cooperado,0,0,0,0
,,,analista,ensino superior completo,básico,,ti - sap-,"pj/autônomo, cooperado",0,0,0,0
,,,sênior,ensino superior completo,fluente,,ti - projetos-,pj/autônomo,0,0,0,0
,,,especialista,ensino superior completo,avançado,,ti - desenvolvimento/design-,clt full,0,0,0,0
,,,sênior,ensino superior completo,básico,,ti - projetos-,clt full,0,0,0,0
,ensino superior completo,avançado,analista,ensino superior completo,básico,ti - sap,ti - sap-,pj/autônomo,0,1,0,0
,,,sênior,ensino superior completo,nenhum,,ti - projetos-,pj/autônomo,0,0,0,0
,ensino superior completo,avançado,analista,ensino superior completo,básico,,ti - projetos-,"clt full, pj/autônomo",0,1,0,0
,ensino fundamental completo,avançado,sênior,ensino superior completo,técnico,ti - sap,ti - sap-,"clt full, pj/autônomo",0,0,0,0
,ensino superior cursando,intermediário,júnior,ensino superior cursando,intermediário,ti - suporte,ti - infraestrutura-,hunting,0,1,1,0
,,,especialista,ensino superior completo,avançado,,ti - sap-,pj/autônomo,0,0,0,0
,pós graduação completo,intermediário,analista,ensino superior completo,básico,"administrativa, comercial, financeira/controladoria, jurídica, marketing, novos negócios e parcerias, qualidade corporativa",ti - projetos-,pj/autônomo,0,0,0,0
,,,analista,ensino superior completo,básico,,ti - projetos-,clt full,0,0,0,0
,ensino superior completo,intermediário,pleno,ensino técnico completo,nenhum,ti - sap,gestão e alocação de recursos de ti-,pj/autônomo,0,0,0,0
,,,sênior,ensino médio completo,avançado,,ti - projetos-,pj/autônomo,0,0,0,0
,pós graduação completo,intermediário,júnior,ensino superior completo,nenhum,recursos humanos,administrativa-,cooperado,0,0,0,0
,,,analista,ensino superior completo,básico,,ti - projetos-,"clt full, pj/autônomo",0,0,0,0
,,,pleno,ensino técnico completo,nenhum,,gestão e alocação de recursos de ti-ti - sap-,pj/autônomo,0,0,0,0
,,,sênior,ensino superior completo,avançado,,ti - sap-,pj/autônomo,0,0,0,0
,,,analista,ensino superior completo,fluente,,ti - projetos-,pj/autônomo,0,0,0,0
,,,sênior,ensino superior completo,nenhum,,ti - sap-,cooperado,0,0,0,0
,pós graduação completo,fluente,júnior,ensino superior completo,básico,ti - desenvolvimento/programação,ti - desenvolvimento/programação-,hunting,0,0,0,0
,,,analista,ensino médio completo,básico,,ti - suporte-,cooperado,0,0,0,0
,,,analista,ensino superior completo,básico,,ti - projetos-,"clt full, pj/autônomo",0,0,0,0
,,,pleno,ensino técnico completo,nenhum,,gestão e alocação de recursos de ti-,pj/autônomo,0,0,0,0
,ensino superior cursando,básico,pleno,ensino superior completo,intermediário,"ti - desenvolvimento/mobile, ti - desenvolvimento/programação",ti - desenvolvimento/programação-,,0,0,0,0
,ensino médio completo,básico,analista,ensino médio completo,básico,ti - suporte,ti - suporte-,cooperado,0,1,1,0
,,,sênior,ensino superior completo,avançado,,ti - sap-,pj/autônomo,0,0,0,0
,,,analista,ensino superior completo,básico,,ti - projetos-,hunting,0,0,0,0
,,,analista,ensino superior completo,básico,,ti - projetos-,"pj/autônomo, clt full",0,0,0,0
,pós graduação completo,avançado,analista,ensino superior completo,fluente,"ti - governança, ti - processos e negócios, ti - projetos, ti - sistemas e ferramentas, ti - suporte",ti - sap-,"pj/autônomo, clt cotas",0,0,0,0
,ensino técnico completo,avançado,sênior,ensino superior cursando,básico,financeira/controladoria,ti - desenvolvimento/programação-,"clt full, cooperado, pj/autônomo",0,0,0,0
,ensino superior cursando,intermediário,analista,ensino superior completo,básico,ti - segurança da informação,ti - projetos-,"pj/autônomo, clt full",0,0,0,0
,,,sênior,ensino médio completo,nenhum,,ti - projetos-,cooperado,0,0,0,0
,,,sênior,ensino superior cursando,avançado,,ti - sap-,clt full,0,0,0,0
,,,sênior,ensino superior completo,nenhum,,ti - desenvolvimento/programação-,pj/autônomo,0,0,0,0
,pós graduação completo,intermediário,sênior,ensino superior completo,avançado,"gestão e alocação de recursos de ti, ti - governança, ti - infraestrutura, ti - processos e negócios, ti - projetos, ti - segurança da informação, ti - sistemas e ferramentas, ti - suporte",ti - projetos-,pj/autônomo,0,0,0,0
,,,júnior,ensino médio completo,nenhum,,administrativa-,cooperado,0,0,0,0
,,,analista,ensino superior completo,avançado,,ti - projetos-,"clt full, pj/autônomo",0,0,0,0
,,,sênior,ensino superior completo,intermediário,,ti - projetos-,hunting,0,0,0,0
,ensino superior completo,básico,sênior,ensino superior completo,nenhum,ti - sap,ti - sap-,clt full,0,1,0,0
,,,pleno,ensino médio completo,básico,,financeira/controladoria-,clt full,0,0,0,0
,,,sênior,ensino superior completo,nenhum,,ti - sap-,pj/autônomo,0,0,0,0
,pós graduação completo,básico,sênior,ensino superior completo,nenhum,ti - projetos,ti - projetos-,pj/autônomo,0,0,0,0
,,,analista,ensino superior completo,básico,,ti - projetos-,"clt full, pj/autônomo",0,0,0,0
,,,analista,ensino superior completo,básico,,ti - projetos-,"clt full, pj/autônomo",0,0,0,0
,,,sênior,ensino superior completo,técnico,,ti - sap-,pj/autônomo,0,0,0,0
,ensino superior cursando,intermediário,analista,ensino superior completo,intermediário,ti - sistemas e ferramentas,ti - infraestrutura-,clt full,0,0,1,0
,ensino superior completo,básico,pleno,ensino técnico completo,nenhum,ti - infraestrutura,gestão e alocação de recursos de ti-,pj/autônomo,0,0,0,0
,,,analista,ensino superior completo,básico,,ti - projetos-,"pj/autônomo, cooperado",0,0,0,0
,ensino superior completo,,especialista,ensino superior completo,intermediário,,gestão e alocação de recursos de ti-,hunting,0,1,0,0
,,,analista,ensino superior completo,básico,,ti - sap-,"clt cotas, pj/autônomo",0,0,0,0
,,,analista,ensino superior completo,básico,,ti - projetos-,"clt full, pj/autônomo",0,0,0,0
,,,analista,ensino superior completo,básico,,ti - projetos-,"pj/autônomo, clt full",0,0,0,0
,,,sênior,ensino médio completo,nenhum,,administrativa-,pj/autônomo,0,0,0,0
,,,júnior,ensino médio completo,nenhum,,administrativa-,clt full,0,0,0,0
,ensino superior cursando,nenhum,assistente,ensino médio completo,nenhum,"administrativa, comercial, ti - sap, ti - suporte",administrativa-,clt full,0,0,1,0
,,,sênior,ensino superior completo,intermediário,,ti - sap-,"clt full, pj/autônomo",0,0,0,0
,,,analista,ensino superior completo,básico,,ti - projetos-,clt full,0,0,0,0
,,básico,analista,ensino superior completo,básico,ti - infraestrutura,ti - projetos-,"clt full, pj/autônomo",0,0,1,0
,ensino superior completo,fluente,pleno,pós graduação completo,básico,"ti - desenvolvimento/design, ti - desenvolvimento/programação, ti - projetos, ti - sistemas e ferramentas, ti - ux",ti - desenvolvimento/design-,,0,0,0,0
,ensino superior completo,fluente,pleno,ensino técnico completo,nenhum,ti - sap,gestão e alocação de recursos de ti-,pj/autônomo,0,0,0,0
,,,júnior,ensino técnico completo,nenhum,,administrativa-,cooperado,0,0,0,0
,pós graduação completo,fluente,sênior,ensino superior completo,avançado,ti - sap,ti - sap-,hunting,0,0,0,0
,ensino superior completo,intermediário,analista,ensino superior completo,básico,"ti - banco de dados, ti - desenvolvimento/programação, ti - suporte",ti - projetos-,"pj/autônomo, clt full",0,1,0,0
,ensino superior cursando,avançado,analista,ensino superior completo,intermediário,ti - projetos,ti - desenvolvimento/programação-,clt full,0,0,0,0
,,,sênior,ensino superior completo,avançado,,ti - sistemas e ferramentas-,clt full,0,0,0,0
,,,analista,ensino superior completo,básico,,ti - qualidade/testes-,"pj/autônomo, clt full",0,0,0,0
,,,pleno,ensino superior completo,nenhum,,ti - sap-,pj/autônomo,0,0,0,0
,,,analista,ensino superior completo,fluente,,administrativa-,clt full,0,0,0,0
,,,sênior,ensino médio completo,avançado,,gestão e alocação de recursos de ti-,pj/autônomo,0,0,0,0
,,,sênior,ensino superior completo,nenhum,,ti - projetos-,hunting,0,0,0,0
,,,analista,ensino superior completo,básico,,ti - projetos-,clt full,0,0,0,0
,,,sênior,ensino superior completo,avançado,,ti - desenvolvimento/programação-,,0,0,0,0
,ensino superior completo,avançado,analista,ensino superior completo,nenhum,ti - desenvolvimento/programação,ti - desenvolvimento/programação-,cooperado,0,1,0,0
,,,pleno,ensino superior completo,avançado,,ti - projetos-,clt full,0,0,0,0
,,,especialista,ensino superior completo,básico,,ti - projetos-,"clt full, pj/autônomo",0,0,0,0
,ensino superior completo,intermediário,pleno,ensino técnico completo,nenhum,ti - desenvolvimento/programação,ti - desenvolvimento/programação-,clt cotas,0,0,0,0
,,,pleno,ensino técnico completo,nenhum,,gestão e alocação de recursos de ti-,pj/autônomo,0,0,0,0
,,,sênior,ensino superior completo,nenhum,,ti - projetos-,,0,0,0,0
,pós graduação completo,avançado,sênior,ensino médio completo,nenhum,ti - projetos,administrativa-,clt cotas,0,0,0,0
,,,analista,ensino superior completo,fluente,,ti - sap-,pj/autônomo,0,0,0,0
,ensino superior completo,básico,analista,ensino superior completo,básico,ti - desenvolvimento/programação,ti - desenvolvimento/programação-,clt full,0,1,1,0
,pós graduação completo,avançado,sênior,ensino superior completo,fluente,ti - sap,ti - sap-,pj/autônomo,0,0,0,0
,,,pleno,ensino médio completo,nenhum,,ti - sap-,cooperado,0,0,0,0
,ensino médio completo,intermediário,analista,ensino superior completo,básico,ti - desenvolvimento/programação,ti - projetos-,"pj/autônomo, clt full",0,0,0,0
,,,sênior,ensino superior completo,avançado,,ti - sap-,clt full,0,0,0,0
,,,analista,ensino superior completo,básico,,ti - projetos-,"pj/autônomo, clt full",0,0,0,0
,,,analista,ensino superior completo,básico,,ti - projetos-,"clt full, pj/autônomo",0,0,0,0
,,,pleno,ensino técnico completo,nenhum,,gestão e alocação de recursos de ti-,pj/autônomo,0,0,0,0
,,,sênior,ensino médio completo,nenhum,,gestão e alocação de recursos de ti-,cooperado,0,0,0,0
,,,sênior,ensino superior completo,básico,,ti - projetos-,"pj/autônomo, clt cotas, clt full",0,0,0,0
,ensino superior completo,intermediário,sênior,ensino superior completo,básico,ti - projetos,ti - sap-,pj/autônomo,0,1,0,0
,,,sênior,ensino superior completo,fluente,,ti - projetos-,hunting,0,0,0,0
,,,pleno,ensino técnico completo,nenhum,,gestão e alocação de recursos de ti-,pj/autônomo,0,0,0,0
,,,pleno,ensino técnico completo,nenhum,,gestão e alocação de recursos de ti-,pj/autônomo,0,0,0,0
,,,especialista,ensino superior completo,avançado,,ti - sap-,pj/autônomo,0,0,0,0
,,,pleno,ensino técnico completo,nenhum,,gestão e alocação de recursos de ti-,pj/autônomo,0,0,0,0
,ensino superior cursando,intermediário,sênior,ensino superior completo,intermediário,ti - suporte,ti - sistemas e ferramentas-,hunting,0,0,1,0
,,,analista,ensino superior completo,básico,,ti - desenvolvimento/programação-,hunting,0,0,0,0
,,,assistente,ensino superior cursando,nenhum,,administrativa-,clt full,0,0,0,0
,,,analista,ensino superior completo,fluente,,ti - projetos-,cooperado,0,0,0,0
,,,analista,ensino superior completo,básico,,ti - desenvolvimento/programação-,clt full,0,0,0,0
,,,sênior,ensino superior completo,avançado,,ti - projetos-,pj/autônomo,0,0,0,0
,,,sênior,ensino médio completo,técnico,,gestão e alocação de recursos de ti-,pj/autônomo,0,0,0,0
,,,analista,ensino superior completo,fluente,,administrativa-,clt full,0,0,0,0
,pós graduação completo,avançado,sênior,ensino superior cursando,avançado,financeira/controladoria,ti - sap-,"clt full, pj/autônomo",0,0,1,0
,,,analista,ensino superior completo,básico,,ti - projetos-,cooperado,0,0,0,0
,pós graduação completo,avançado,sênior,ensino superior completo,fluente,,ti - sap-,pj/autônomo,0,0,0,0
,pós graduação completo,básico,analista,ensino superior completo,básico,financeira/controladoria,administrativa-,clt full,0,0,1,0
,ensino superior incompleto,intermediário,sênior,ensino médio completo,nenhum,"ti - desenvolvimento/design, ti - desenvolvimento/mobile, ti - desenvolvimento/programação",administrativa-,,0,0,0,0
,,,analista,ensino superior completo,avançado,,ti - projetos-,hunting,0,0,0,0
,,,pleno,ensino técnico completo,nenhum,,gestão e alocação de recursos de ti-,pj/autônomo,0,0,0,0
,,,analista,ensino superior completo,intermediário,,ti - projetos-,pj/autônomo,0,0,0,0
,,,assistente,ensino médio completo,nenhum,,administrativa-,clt full,0,0,0,0
,,,pleno,ensino técnico completo,nenhum,,gestão e alocação de recursos de ti-,pj/autônomo,0,0,0,0
,,,sênior,ensino superior completo,básico,,ti - projetos-,"clt full, pj/autônomo",0,0,0,0
,,,sênior,ensino superior completo,básico,,ti - projetos-,"pj/autônomo, clt full",0,0,0,0
,,,analista,ensino superior completo,fluente,,ti - projetos-,hunting,0,0,0,0
,,,pleno,ensino superior completo,avançado,,ti - projetos-,pj/autônomo,0,0,0,0
,,,analista,ensino superior completo,avançado,,ti - sap-,"pj/autônomo, clt full",0,0,0,0
,,,pleno,ensino superior completo,fluente,,ti - sap-,pj/autônomo,0,0,0,0
,,,analista,ensino superior completo,fluente,,ti - sap-,"pj/autônomo, clt full",0,0,0,0
sênior,,,júnior,ensino superior completo,básico,,ti - sap-,hunting,0,0,0,0
,,,analista,ensino superior completo,fluente,,ti - sap-,pj/autônomo,0,0,0,0
,,,pleno,ensino superior completo,nenhum,,ti - projetos-,pj/autônomo,0,0,0,0
,,,sênior,ensino médio completo,técnico,,administrativa-,pj/autônomo,0,0,0,0
,,,analista,ensino superior completo,básico,,ti - projetos-,"clt full, pj/autônomo",0,0,0,0
,,,sênior,ensino médio completo,avançado,,ti - projetos-ti - sap-,pj/autônomo,0,0,0,0
,,,analista,ensino superior completo,básico,,ti - sap-,pj/autônomo,0,0,0,0
,,,pleno,ensino superior completo,avançado,,ti - projetos-,pj/autônomo,0,0,0,0
,,,sênior,ensino superior cursando,intermediário,,ti - sistemas e ferramentas-,,0,0,0,0
,,,sênior,ensino superior completo,avançado,,ti - sap-,clt full,0,0,0,0
,,,pleno,ensino técnico completo,nenhum,,gestão e alocação de recursos de ti-,pj/autônomo,0,0,0,0
,,,sênior,ensino superior completo,fluente,,ti - sap-,hunting,0,0,0,0
,,,sênior,ensino superior completo,intermediário,,comercial-,,0,0,0,0
,pós graduação completo,avançado,sênior,ensino superior cursando,intermediário,ti - sap,ti - sap-,,0,0,0,0
,,,analista,ensino superior completo,básico,,ti - sap-,pj/autônomo,0,0,0,0
,ensino superior incompleto,nenhum,assistente,ensino médio completo,nenhum,administrativa,ti - projetos-,clt full,0,0,1,0
,,,sênior,ensino superior completo,nenhum,,ti - sap-,cooperado,0,0,0,0
,,,sênior,ensino superior completo,avançado,,gestão e alocação de recursos de ti-,cooperado,0,0,0,0
,,,analista,ensino superior completo,básico,,ti - desenvolvimento/programação-,"clt cotas, clt full",0,0,0,0
,pós graduação completo,avançado,analista,ensino superior completo,básico,qualidade corporativa,ti - projetos-,"pj/autônomo, clt full",0,0,0,0
,,,sênior,ensino superior completo,avançado,,ti - sistemas e ferramentas-,pj/autônomo,0,0,0,0
,,,pleno,ensino técnico completo,nenhum,,ti - banco de dados-,clt full,0,0,0,0
,,,pleno,ensino técnico completo,nenhum,,gestão e alocação de recursos de ti-,pj/autônomo,0,0,0,0
,,,sênior,ensino médio completo,fluente,,administrativa-,hunting,0,0,0,0
,,,sênior,ensino superior completo,básico,,ti - sap-,clt full,0,0,0,0
,,,sênior,ensino superior completo,avançado,,ti - sistemas e ferramentas-,,0,0,0,0
,,,analista,ensino superior completo,básico,,ti - sap-,pj/autônomo,0,0,0,0
,,,sênior,ensino médio completo,nenhum,,gestão e alocação de recursos de ti-,clt cotas,0,0,0,0
,,,sênior,ensino superior completo,básico,,ti - sap-,pj/autônomo,0,0,0,0
,,,analista,ensino superior completo,básico,,ti - desenvolvimento/programação-,clt full,0,0,0,0
,ensino superior cursando,básico,sênior,ensino superior completo,nenhum,"ti - desenvolvimento/mobile, ti - infraestrutura, ti - qualidade/testes",ti - projetos-,pj/autônomo,0,0,0,0
,,,sênior,ensino médio completo,nenhum,,qualidade corporativa-,clt full,0,0,0,0
,ensino superior cursando,intermediário,analista,ensino superior completo,básico,ti - desenvolvimento/programação,ti - suporte-,clt cotas,0,0,0,0
,,,analista,ensino superior completo,intermediário,,ti - projetos-,"clt full, pj/autônomo",0,0,0,0
,,,sênior,ensino médio completo,nenhum,,financeira/controladoria-,cooperado,0,0,0,0
,,,analista,ensino médio completo,básico,,ti - projetos-,"pj/autônomo, clt full",0,0,0,0
,,,analista,ensino superior completo,fluente,,ti - projetos-,"pj/autônomo, clt full",0,0,0,0
,,,sênior,ensino médio completo,fluente,,ti - projetos-,pj/autônomo,0,0,0,0
,,,sênior,ensino superior completo,nenhum,,ti - sap-,pj/autônomo,0,0,0,0
,ensino superior completo,básico,analista,ensino superior completo,básico,ti - qualidade/testes,ti - qualidade/testes-,hunting,0,1,1,0
,ensino superior cursando,avançado,júnior,ensino técnico incompleto,técnico,ti - desenvolvimento/programação,financeira/controladoria-,clt cotas,0,0,0,0
,ensino superior completo,intermediário,analista,ensino superior completo,avançado,ti - qualidade/testes,ti - projetos-,"clt full, pj/autônomo",0,1,0,0
,,,analista,ensino superior completo,básico,,ti - projetos-,"pj/autônomo, clt full",0,0,0,0
,,,especialista,ensino superior completo,fluente,,administrativa-,clt full,0,0,0,0
,,,pleno,ensino superior completo,nenhum,,gestão e alocação de recursos de ti-,pj/autônomo,0,0,0,0
,,,analista,ensino superior completo,básico,,ti - qualidade/testes-,clt full,0,0,0,0
,,,sênior,ensino superior completo,fluente,,ti - sap-,cooperado,0,0,0,0
,pós graduação completo,intermediário,sênior,ensino médio completo,nenhum,"ti - arquitetura, ti - banco de dados, ti - desenvolvimento/design, ti - desenvolvimento/mobile, ti - desenvolvimento/programação, ti - governança, ti - infraestrutura, ti - processos e negócios, ti - projetos, ti - qualidade/testes, ti - sap, ti - sistemas e ferramentas, ti - suporte, ti - telecom, ti - ux",administrativa-,cooperado,0,0,0,0
,,,sênior,ensino superior completo,fluente,,ti - desenvolvimento/mobile-,hunting,0,0,0,0
,,,sênior,ensino superior completo,básico,,ti - sap-,pj/autônomo,0,0,0,0
,,,sênior,ensino médio completo,avançado,,financeira/controladoria-,pj/autônomo,0,0,0,0
,ensino superior completo,intermediário,analista,ensino superior completo,básico,ti - projetos,ti - projetos-,clt full,0,1,0,0
,,,analista,ensino superior completo,básico,,ti - sap-,pj/autônomo,0,0,0,0
,,,analista,ensino superior completo,básico,,ti - projetos-,"clt full, pj/autônomo",0,0,0,0
,,,analista,ensino superior completo,básico,,ti - projetos-,"pj/autônomo, clt full",0,0,0,0
,,,sênior,ensino superior completo,básico,,ti - sap-,"pj/autônomo, cooperado",0,0,0,0
,,,sênior,ensino superior completo,fluente,,ti - projetos-,,0,0,0,0
,,,sênior,ensino superior completo,avançado,,ti - projetos-,hunting,0,0,0,0
,,,pleno,ensino técnico completo,nenhum,,gestão e alocação de recursos de ti-,hunting,0,0,0,0
,,,sênior,ensino médio completo,avançado,,ti - sap-,cooperado,0,0,0,0
,,,sênior,ensino superior completo,avançado,,ti - projetos-,pj/autônomo,0,0,0,0
,pós graduação completo,fluente,sênior,ensino superior completo,fluente,"ti - processos e negócios, ti - projetos, ti - qualidade/testes, ti - telecom",ti - sistemas e ferramentas-,clt full,0,0,1,0
,ensino superior completo,básico,analista,ensino superior completo,básico,marketing,ti - projetos-,"clt full, pj/autônomo",0,1,1,0
,,,pleno,ensino superior completo,nenhum,,gestão e alocação de recursos de ti-ti - infraestrutura-,pj/autônomo,0,0,0,0
,,,pleno,ensino técnico completo,avançado,,gestão e alocação de recursos de ti-,hunting,0,0,0,0
,,,sênior,ensino superior completo,básico,,ti - sap-,"clt full, pj/autônomo",0,0,0,0
,ensino superior completo,intermediário,sênior,ensino superior completo,avançado,"administrativa, comercial, financeira/controladoria, gestão e alocação de recursos de ti, novos negócios e parcerias, recursos humanos, relacionamento técnico, ti - governança, ti - processos e negócios, ti - projetos, ti - qualidade/testes, ti - sistemas e ferramentas",ti - processos e negócios-,hunting,0,1,0,0
,,,sênior,ensino superior cursando,nenhum,,qualidade corporativa-,,0,0,0,0
,,,sênior,ensino superior completo,nenhum,,ti - desenvolvimento/programação-,pj/autônomo,0,0,0,0
,,,sênior,ensino médio completo,nenhum,,comercial-,clt cotas,0,0,0,0
,,,sênior,ensino superior completo,fluente,,ti - sap-,clt full,0,0,0,0
,,,analista,ensino superior completo,básico,,ti - projetos-,"pj/autônomo, clt full",0,0,0,0
,ensino superior completo,avançado,analista,ensino superior completo,básico,ti - sistemas e ferramentas,ti - projetos-,clt cotas,0,1,0,0
,ensino superior completo,intermediário,sênior,ensino superior completo,intermediário,ti - projetos,ti - projetos-,,0,1,1,0
,,,pleno,ensino técnico completo,nenhum,,gestão e alocação de recursos de ti-,pj/autônomo,0,0,0,0
,,,sênior,ensino superior completo,básico,,ti - sap-,"pj/autônomo, clt full",0,0,0,0
,ensino superior completo,básico,pleno,ensino superior completo,técnico,ti - desenvolvimento/programação,ti - banco de dados-,cooperado,0,1,0,0
,,,sênior,ensino médio completo,nenhum,,ti - sap-,cooperado,0,0,0,0
,,,sênior,ensino superior completo,avançado,,ti - projetos-,pj/autônomo,0,0,0,0
,,,sênior,ensino superior completo,fluente,,ti - desenvolvimento/programação-,clt full,0,0,0,0
,,,analista,ensino superior completo,básico,,ti - projetos-,"clt full, pj/autônomo",0,0,0,0
,,,analista,ensino superior completo,básico,,ti - sistemas e ferramentas-,clt cotas,0,0,0,0
,,,sênior,ensino superior completo,fluente,,ti - projetos-,pj/autônomo,0,0,0,0
,,,analista,ensino superior completo,básico,,ti - projetos-,"pj/autônomo, clt full",0,0,0,0
,ensino superior completo,fluente,sênior,ensino superior completo,intermediário,"ti - desenvolvimento/design, ti - desenvolvimento/programação, ti - projetos, ti - sistemas e ferramentas, ti - ux",ti - desenvolvimento/programação-,,0,1,0,0
,ensino superior completo,intermediário,especialista,ensino superior completo,básico,ti - sap,ti - projetos-,pj/autônomo,0,1,0,0
,,,júnior,ensino técnico completo,nenhum,,ti - suporte-,cooperado,0,0,0,0
,ensino superior completo,intermediário,analista,ensino superior completo,básico,ti - desenvolvimento/mobile,ti - desenvolvimento/mobile-,hunting,0,1,0,0
,ensino superior cursando,avançado,analista,ensino superior completo,fluente,ti - sap,ti - sap-,pj/autônomo,0,0,0,0
,,,analista,ensino superior completo,básico,,ti - sap-,clt full,0,0,0,0
,ensino superior cursando,avançado,pleno,ensino técnico completo,nenhum,ti - desenvolvimento/programação,gestão e alocação de recursos de ti-,pj/autônomo,0,0,0,0
,,,sênior,ensino médio completo,avançado,,gestão e alocação de recursos de ti-,pj/autônomo,0,0,0,0
,,,analista,ensino superior completo,básico,,ti - sap-,"pj/autônomo, clt full",0,0,0,0
,,,analista,ensino superior completo,básico,,ti - projetos-,hunting,0,0,0,0
,ensino superior completo,básico,pleno,ensino superior completo,nenhum,ti - sistemas e ferramentas,ti - projetos-,clt full,0,1,0,0
,,,analista,ensino superior completo,básico,,ti - projetos-,"clt full, pj/autônomo",0,0,0,0
,,,pleno,ensino superior completo,avançado,,ti - projetos-,hunting,0,0,0,0
,,,pleno,ensino técnico completo,nenhum,,gestão e alocação de recursos de ti-,pj/autônomo,0,0,0,0
,,,sênior,ensino superior completo,avançado,,ti - sap-,pj/autônomo,0,0,0,0
,,,sênior,ensino superior completo,básico,,ti - sap-,pj/autônomo,0,0,0,0
,ensino superior completo,intermediário,sênior,ensino médio completo,nenhum,ti - desenvolvimento/programação,gestão e alocação de recursos de ti-,cooperado,0,0,0,0
,,,sênior,ensino superior completo,fluente,,ti - sap-,pj/autônomo,0,0,0,0
,,,analista,ensino superior completo,fluente,,administrativa-,clt full,0,0,0,0
,,,analista,ensino superior completo,básico,,ti - projetos-,cooperado,0,0,0,0
,,,sênior,ensino médio completo,nenhum,,financeira/controladoria-,cooperado,0,0,0,0
,,,pleno,ensino médio completo,básico,,ti - sap-,pj/autônomo,0,0,0,0
,,,especialista,ensino superior completo,fluente,,ti - projetos-,hunting,0,0,0,0
,,,júnior,ensino superior completo,intermediário,,ti - projetos-,pj/autônomo,0,0,0,0
,,,pleno,ensino técnico completo,nenhum,,gestão e alocação de recursos de ti-,pj/autônomo,0,0,0,0
,,,pleno,ensino técnico completo,nenhum,,gestão e alocação de recursos de ti-,pj/autônomo,0,0,0,0
,pós graduação cursando,intermediário,analista,ensino superior completo,intermediário,"ti - governança, ti - infraestrutura, ti - processos e negócios, ti - projetos, ti - sistemas e ferramentas, ti - suporte",ti - projetos-,clt full,0,0,1,0
,,,analista,ensino superior completo,nenhum,,ti - desenvolvimento/programação-,cooperado,0,0,0,0
,ensino superior completo,intermediário,analista,ensino superior completo,básico,ti - projetos,ti - projetos-,clt full,0,1,0,0
,,,assistente,ensino superior incompleto,básico,,administrativa-,clt full,0,0,0,0
,,,pleno,ensino superior completo,intermediário,,ti - projetos-,pj/autônomo,0,0,0,0
,pós graduação completo,avançado,analista,ensino superior completo,fluente,ti - sap,ti - sap-,clt full,0,0,0,0
,pós graduação completo,fluente,gerente,ensino superior completo,nenhum,"ti - arquitetura, ti - banco de dados, ti - desenvolvimento/design, ti - desenvolvimento/mobile, ti - desenvolvimento/programação, ti - governança, ti - infraestrutura, ti - processos e negócios, ti - projetos, ti - qualidade/testes, ti - sap, ti - sistemas e ferramentas, ti - suporte, ti - telecom, ti - ux",gestão e alocação de recursos de ti-ti - sap-,pj/autônomo,0,0,0,0
,,,analista,ensino superior completo,básico,,ti - projetos-,"clt full, pj/autônomo",0,0,0,0
,,,analista,ensino superior completo,fluente,,ti - projetos-,"pj/autônomo, clt full",0,0,0,0
,,,analista,ensino superior completo,básico,,ti - desenvolvimento/programação-,"clt full, pj/autônomo",0,0,0,0
,mestrado completo,intermediário,sênior,ensino superior completo,avançado,"ti - processos e negócios, ti - projetos",ti - projetos-,clt full,0,0,0,0
,,,sênior,ensino superior completo,avançado,,ti - sap-,pj/autônomo,0,0,0,0
,pós graduação incompleto,intermediário,analista,ensino superior completo,avançado,ti - desenvolvimento/programação,ti - projetos-,pj/autônomo,0,0,0,0
,,,analista,ensino superior completo,básico,,ti - projetos-,"pj/autônomo, clt full",0,0,0,0
,,,sênior,ensino médio completo,técnico,,gestão e alocação de recursos de ti-,pj/autônomo,0,0,0,0
,,,analista,ensino superior completo,básico,,ti - projetos-,pj/autônomo,0,0,0,0
sênior,,,sênior,ensino superior completo,básico,,ti - projetos-,"pj/autônomo, clt full",1,0,0,0
,,,analista,ensino superior completo,básico,,ti - projetos-,"pj/autônomo, clt full",0,0,0,0
,,,analista,ensino superior completo,básico,,ti - projetos-,cooperado,0,0,0,0
,,,sênior,ensino médio completo,nenhum,,financeira/controladoria-,hunting,0,0,0,0
,,,sênior,ensino superior completo,intermediário,,ti - projetos-,"pj/autônomo, cooperado",0,0,0,0
,pós graduação completo,avançado,analista,ensino superior completo,básico,"administrativa, comercial, novos negócios e parcerias, ti - infraestrutura, ti - projetos, ti - telecom",ti - projetos-,"clt full, pj/autônomo",0,0,0,0
,,,pleno,ensino superior completo,intermediário,,ti - processos e negócios-,"clt full, clt cotas, cooperado, pj/autônomo",0,0,0,0
,mestrado completo,fluente,sênior,ensino superior completo,intermediário,ti - projetos,ti - projetos-,hunting,0,0,0,0
,pós graduação completo,intermediário,sênior,ensino médio completo,avançado,ti - projetos,ti - projetos-,pj/autônomo,0,0,0,0
,,,gerente,ensino superior completo,básico,,ti - projetos-,"pj/autônomo, cooperado",0,0,0,0
,ensino médio completo,básico,assistente,ensino médio completo,nenhum,administrativa,ti - projetos-,clt full,0,1,0,0
,ensino superior completo,intermediário,sênior,ensino superior completo,básico,ti - projetos,ti - sap-,pj/autônomo,0,1,0,0
,,,analista,ensino superior completo,básico,,ti - projetos-,"clt full, pj/autônomo",0,0,0,0
,ensino superior completo,,sênior,ensino médio completo,nenhum,,financeira/controladoria-,cooperado,0,0,0,0
,,,sênior,ensino superior completo,fluente,,gestão e alocação de recursos de ti-,pj/autônomo,0,0,0,0
,,,analista,ensino superior completo,intermediário,,ti - projetos-,hunting,0,0,0,0
,,,especialista,ensino superior completo,intermediário,,ti - projetos-,pj/autônomo,0,0,0,0
,,,analista,ensino superior completo,básico,,ti - sap-,"pj/autônomo, cooperado, clt cotas",0,0,0,0
,ensino superior completo,nenhum,analista,ensino superior completo,básico,"jurídica, recursos humanos, ti - banco de dados",administrativa-,clt full,0,1,0,0
,ensino superior completo,avançado,analista,ensino superior completo,básico,ti - sap,ti - sap-,"clt full, pj/autônomo",0,1,0,0
,,,sênior,ensino superior completo,avançado,,ti - projetos-,pj/autônomo,0,0,0,0
,,,analista,ensino superior completo,básico,,ti - projetos-,"clt full, pj/autônomo",0,0,0,0
,,,sênior,ensino médio completo,nenhum,,comercial-,clt cotas,0,0,0,0
,ensino superior completo,fluente,analista,ensino superior completo,básico,"ti - banco de dados, ti - infraestrutura",ti - projetos-,"pj/autônomo, clt full",0,1,0,0
,ensino superior completo,intermediário,sênior,ensino médio completo,intermediário,ti - qualidade/testes,administrativa-,pj/autônomo,0,0,1,0
,,,sênior,ensino superior completo,intermediário,,ti - desenvolvimento/programação-,pj/autônomo,0,0,0,0
,,,pleno,ensino superior completo,avançado,,gestão e alocação de recursos de ti-,clt cotas,0,0,0,0
,pós graduação cursando,intermediário,analista,ensino superior completo,básico,ti - desenvolvimento/programação,ti - projetos-,"pj/autônomo, clt full",0,0,0,0
,,,especialista,pós graduação completo,básico,,ti - sap-,pj/autônomo,0,0,0,0
,,,coordenador,ensino superior completo,intermediário,,ti - sistemas e ferramentas-,hunting,0,0,0,0
,,,especialista,ensino superior completo,básico,,ti - sap-,pj/autônomo,0,0,0,0
,,,júnior,ensino superior completo,intermediário,,ti - projetos-,hunting,0,0,0,0
,,,analista,ensino superior completo,básico,,ti - projetos-,"pj/autônomo, clt full",0,0,0,0
,,,analista,ensino superior completo,básico,,ti - desenvolvimento/programação-,"pj/autônomo, cooperado",0,0,0,0
,,,pleno,ensino superior completo,intermediário,,ti - projetos-,hunting,0,0,0,0
,pós graduação cursando,intermediário,sênior,ensino superior completo,nenhum,ti - projetos,ti - processos e negócios-,clt full,0,0,0,0
,,,analista,ensino técnico completo,nenhum,,administrativa-financeira/controladoria-,clt full,0,0,0,0
,,,analista,ensino superior completo,básico,,ti - projetos-,"pj/autônomo, clt full",0,0,0,0
,,,sênior,ensino superior completo,nenhum,,gestão e alocação de recursos de ti-,clt full,0,0,0,0
,,,assistente,ensino médio completo,nenhum,,administrativa-,clt full,0,0,0,0
,,,sênior,ensino médio completo,avançado,,gestão e alocação de recursos de ti-,pj/autônomo,0,0,0,0
,,,analista,ensino superior completo,básico,,ti - sap-,pj/autônomo,0,0,0,0
,,,analista,ensino superior cursando,básico,,ti - projetos-,"clt full, pj/autônomo",0,0,0,0
,,,analista,ensino superior completo,avançado,,ti - projetos-,"clt full, pj/autônomo",0,0,0,0
,,,analista,ensino superior completo,básico,,ti - sap-,"clt full, pj/autônomo",0,0,0,0
,pós graduação cursando,avançado,sênior,ensino superior completo,nenhum,ti - desenvolvimento/programação,ti - projetos-,pj/autônomo,0,0,0,0
,,,pleno,ensino superior completo,avançado,,ti - projetos-,hunting,0,0,0,0
,,,especialista,ensino superior completo,avançado,,ti - sap-,pj/autônomo,0,0,0,0
,,,sênior,ensino médio completo,avançado,,ti - projetos-,pj/autônomo,0,0,0,0
,ensino superior completo,básico,sênior,ensino médio completo,nenhum,ti - desenvolvimento/programação,financeira/controladoria-,pj/autônomo,0,0,0,0
,,,especialista,ensino superior completo,básico,,ti - sap-,pj/autônomo,0,0,0,0
,,,sênior,ensino superior completo,básico,,ti - projetos-,pj/autônomo,0,0,0,0
,ensino superior cursando,intermediário,sênior,ensino superior completo,avançado,ti - desenvolvimento/programação,ti - projetos-,pj/autônomo,0,0,0,0
,ensino superior cursando,intermediário,analista,ensino superior completo,básico,ti - desenvolvimento/programação,ti - desenvolvimento/programação-,clt full,0,0,0,0
,,,pleno,ensino técnico completo,nenhum,,gestão e alocação de recursos de ti-,pj/autônomo,0,0,0,0
,,,sênior,ensino médio completo,nenhum,,ti - projetos-,pj/autônomo,0,0,0,0
,,,sênior,ensino superior completo,fluente,,ti - sap-,clt cotas,0,0,0,0
,,,sênior,ensino superior completo,nenhum,,gestão e alocação de recursos de ti-ti - sap-,pj/autônomo,0,0,0,0
,,,analista,ensino superior completo,fluente,,ti - projetos-,"pj/autônomo, clt full",0,0,0,0
,pós graduação completo,básico,sênior,ensino médio completo,fluente,"ti - governança, ti - processos e negócios, ti - projetos, ti - sap",ti - infraestrutura-,hunting,0,0,0,0
,,,analista,ensino superior completo,básico,,ti - projetos-,"clt full, pj/autônomo",0,0,0,0
,ensino superior completo,intermediário,sênior,ensino superior completo,avançado,ti - qualidade/testes,ti - projetos-,pj/autônomo,0,1,0,0
,,,sênior,ensino superior completo,avançado,,ti - desenvolvimento/programação-,pj/autônomo,0,0,0,0
,,,analista,ensino superior completo,básico,,ti - projetos-,"pj/autônomo, clt full",0,0,0,0
,,,pleno,ensino superior completo,intermediário,,ti - sistemas e ferramentas-,,0,0,0,0
,,,analista,ensino superior completo,avançado,,ti - sap-,clt full,0,0,0,0
,,,sênior,ensino superior completo,fluente,,ti - sap-,"pj/autônomo, clt full",0,0,0,0
,,,pleno,ensino superior completo,avançado,,ti - projetos-,pj/autônomo,0,0,0,0
,,,sênior,ensino superior completo,fluente,,ti - projetos-,pj/autônomo,0,0,0,0
,,,sênior,ensino superior completo,avançado,,ti - sap-,pj/autônomo,0,0,0,0
,pós graduação completo,avançado,analista,ensino superior completo,básico,administrativa,ti - projetos-,"pj/autônomo, clt full",0,0,0,0
,,,analista,ensino superior completo,básico,,ti - sap-,pj/autônomo,0,0,0,0
,,,sênior,ensino superior completo,avançado,,ti - sap-,pj/autônomo,0,0,0,0
,,,sênior,ensino superior completo,nenhum,,ti - desenvolvimento/programação-,clt cotas,0,0,0,0
,,,sênior,ensino superior completo,avançado,,ti - sap-,clt full,0,0,0,0
,ensino superior completo,avançado,analista,ensino superior completo,básico,ti - desenvolvimento/mobile,ti - desenvolvimento/mobile-,clt full,0,1,0,0
,,,sênior,ensino superior completo,fluente,,gestão e alocação de recursos de ti-,pj/autônomo,0,0,0,0
,,,sênior,ensino superior completo,avançado,,ti - sap-,pj/autônomo,0,0,0,0
,,,sênior,ensino superior completo,avançado,,ti - sap-,pj/autônomo,0,0,0,0
,,,analista,ensino superior completo,fluente,,ti - projetos-,"clt full, pj/autônomo",0,0,0,0
,pós graduação completo,fluente,analista,ensino superior completo,avançado,ti - qualidade/testes,ti - projetos-,pj/autônomo,0,0,0,0
,pós graduação cursando,básico,sênior,ensino superior completo,avançado,financeira/controladoria,ti - projetos-,"clt full, pj/autônomo",0,0,0,0
,pós graduação completo,avançado,pleno,ensino técnico completo,nenhum,ti - sistemas e ferramentas,gestão e alocação de recursos de ti-,pj/autônomo,0,0,0,0
,,,analista,ensino superior completo,fluente,,ti - projetos-,"clt full, pj/autônomo",0,0,0,0
,,,sênior,ensino superior completo,fluente,,ti - sap-,cooperado,0,0,0,0
,,,pleno,ensino médio completo,avançado,,ti - desenvolvimento/programação-,clt full,0,0,0,0
,,,sênior,ensino superior completo,nenhum,,ti - sistemas e ferramentas-,,0,0,0,0
,pós graduação completo,avançado,sênior,ensino superior completo,avançado,"ti - desenvolvimento/programação, ti - sistemas e ferramentas",ti - projetos-,hunting,0,0,1,0
,ensino superior completo,,pleno,ensino superior completo,nenhum,,ti - sap-,clt full,0,1,0,0
,,,sênior,ensino superior completo,intermediário,,ti - desenvolvimento/design-,,0,0,0,0
,,,analista,ensino superior completo,básico,,ti - desenvolvimento/programação-,clt full,0,0,0,0
,,,pleno,ensino superior completo,nenhum,,ti - desenvolvimento/programação-,cooperado,0,0,0,0
,pós graduação incompleto,avançado,sênior,ensino superior completo,básico,ti - sap,ti - sap-,pj/autônomo,0,0,0,0
,,,júnior,ensino superior completo,básico,,ti - suporte-,hunting,0,0,0,0
,,,sênior,ensino superior completo,básico,,ti - projetos-,"clt full, pj/autônomo",0,0,0,0
,,,especialista,ensino superior completo,fluente,,ti - projetos-,hunting,0,0,0,0
,pós graduação completo,avançado,analista,ensino superior completo,básico,ti - arquitetura,ti - sap-,"pj/autônomo, cooperado, clt cotas",0,0,0,0
,,,analista,ensino superior completo,básico,,ti - projetos-,"pj/autônomo, clt full",0,0,0,0
,,,pleno,ensino superior completo,básico,,ti - projetos-,"pj/autônomo, cooperado",0,0,0,0
,pós graduação completo,avançado,sênior,ensino superior completo,avançado,ti - projetos,ti - projetos-,"hunting, pj/autônomo, cooperado",0,0,1,0
,,,pleno,ensino técnico completo,nenhum,,gestão e alocação de recursos de ti-,pj/autônomo,0,0,0,0
,,,sênior,ensino médio completo,nenhum,,comercial-,cooperado,0,0,0,0
,ensino superior completo,básico,pleno,ensino técnico completo,nenhum,ti - desenvolvimento/programação,gestão e alocação de recursos de ti-,pj/autônomo,0,0,0,0
,ensino superior completo,intermediário,analista,ensino superior cursando,básico,"administrativa, recursos humanos",ti - projetos-,clt full,0,0,0,0
,pós graduação completo,básico,analista,ensino superior completo,básico,relacionamento técnico,ti - desenvolvimento/programação-,clt full,0,0,1,0
,,,sênior,ensino superior completo,nenhum,,gestão e alocação de recursos de ti-,clt full,0,0,0,0
,pós graduação completo,intermediário,analista,ensino superior completo,básico,ti - infraestrutura,ti - projetos-,"pj/autônomo, clt full",0,0,0,0
,,,sênior,ensino superior completo,nenhum,,ti - sap-,pj/autônomo,0,0,0,0
,,,pleno,ensino superior incompleto,fluente,,ti - sap-,clt full,0,0,0,0
,,,pleno,ensino técnico completo,nenhum,,gestão e alocação de recursos de ti-,pj/autônomo,0,0,0,0
,,,sênior,ensino superior completo,básico,,ti - sap-,hunting,0,0,0,0
,pós graduação completo,avançado,gerente,mestrado completo,avançado,"comercial, gestão e alocação de recursos de ti, marketing, novos negócios e parcerias",ti - projetos-,hunting,0,0,1,0
,,,sênior,ensino superior completo,básico,,ti - projetos-,cooperado,0,0,0,0
,,,sênior,ensino superior completo,nenhum,,gestão e alocação de recursos de ti-ti - sap-,pj/autônomo,0,0,0,0
,,,sênior,ensino médio completo,nenhum,,administrativa-,cooperado,0,0,0,0
,,,sênior,ensino superior completo,nenhum,,ti - projetos-,pj/autônomo,0,0,0,0
,,,sênior,ensino superior completo,fluente,,ti - sap-,pj/autônomo,0,0,0,0
,ensino superior completo,básico,analista,ensino superior completo,básico,ti - sap,ti - sap-,clt full,0,1,1,0
,,,pleno,ensino técnico completo,nenhum,,gestão e alocação de recursos de ti-,pj/autônomo,0,0,0,0
,ensino superior completo,básico,analista,ensino superior completo,básico,"ti - arquitetura, ti - desenvolvimento/design, ti - desenvolvimento/programação, ti - sistemas e ferramentas, ti - suporte",ti - desenvolvimento/programação-,clt full,0,1,1,0
,,,sênior,ensino superior completo,básico,,ti - sap-,pj/autônomo,0,0,0,0
,,,sênior,ensino superior completo,avançado,,gestão e alocação de recursos de ti-,pj/autônomo,0,0,0,0
,pós graduação incompleto,fluente,analista,ensino superior completo,básico,novos negócios e parcerias,ti - sap-,clt cotas,0,0,0,0
,,,sênior,ensino superior completo,avançado,,ti - sap-,clt cotas,0,0,0,0
,,,sênior,ensino superior completo,básico,,ti - projetos-,cooperado,0,0,0,0
,,,sênior,ensino médio completo,nenhum,,gestão e alocação de recursos de ti-,pj/autônomo,0,0,0,0
,,,analista,ensino superior completo,básico,,ti - projetos-,"pj/autônomo, clt full",0,0,0,0
,ensino superior cursando,básico,pleno,ensino superior completo,nenhum,ti - desenvolvimento/programação,ti - projetos-,pj/autônomo,0,0,0,0
,ensino superior cursando,avançado,analista,ensino superior completo,básico,ti - suporte,ti - projetos-,"pj/autônomo, clt full",0,0,0,0
,,,analista,ensino superior completo,intermediário,,ti - projetos-,pj/autônomo,0,0,0,0
,,,analista,ensino superior completo,básico,,ti - projetos-,clt full,0,0,0,0
especialista,ensino superior completo,básico,analista,ensino superior completo,intermediário,,ti - sap-,pj/autônomo,0,1,0,0
,ensino superior completo,básico,analista,ensino superior completo,básico,ti - processos e negócios,ti - projetos-,pj/autônomo,0,1,1,0
,ensino superior completo,intermediário,analista,ensino superior completo,básico,"ti - desenvolvimento/mobile, ti - desenvolvimento/programação, ti - sistemas e ferramentas",ti - projetos-,"clt full, pj/autônomo",0,1,0,0
,,,júnior,ensino superior completo,básico,,ti - projetos-,clt full,0,0,0,0
,pós graduação cursando,intermediário,júnior,ensino superior completo,básico,jurídica,jurídica-,clt full,0,0,0,0
,,,pleno,ensino superior completo,avançado,,ti - projetos-,pj/autônomo,0,0,0,0
,,,pleno,ensino superior completo,fluente,,ti - sap-,clt full,0,0,0,0
,ensino superior cursando,básico,sênior,ensino médio completo,nenhum,"ti - projetos, ti - qualidade/testes",gestão e alocação de recursos de ti-,cooperado,0,0,0,0
,,,analista,ensino médio completo,nenhum,,ti - suporte-,cooperado,0,0,0,0
,ensino superior completo,avançado,pleno,ensino superior completo,intermediário,ti - projetos,ti - sistemas e ferramentas-,clt full,0,1,0,0
,,,sênior,ensino superior completo,avançado,,gestão e alocação de recursos de ti-,pj/autônomo,0,0,0,0
,,,sênior,ensino superior completo,intermediário,,ti - projetos-,pj/autônomo,0,0,0,0
,,,sênior,ensino médio completo,avançado,,ti - projetos-,pj/autônomo,0,0,0,0
,pós graduação completo,avançado,pleno,ensino técnico completo,nenhum,ti - processos e negócios,gestão e alocação de recursos de ti-,pj/autônomo,0,0,0,0
,,,analista,ensino superior completo,básico,,ti - desenvolvimento/programação-,"clt full, pj/autônomo",0,0,0,0
,,,analista,ensino superior completo,fluente,,ti - sap-,cooperado,0,0,0,0
,ensino superior completo,fluente,gerente,ensino superior completo,avançado,"ti - arquitetura, ti - banco de dados, ti - desenvolvimento/programação, ti - projetos, ti - telecom",ti - projetos-,pj/autônomo,0,1,0,0
,mestrado cursando,intermediário,pleno,ensino superior completo,fluente,ti - banco de dados,ti - projetos-,pj/autônomo,0,0,0,0
,,,pleno,ensino superior completo,básico,,ti - projetos-,"clt full, pj/autônomo",0,0,0,0
,pós graduação completo,básico,sênior,ensino superior completo,fluente,ti - desenvolvimento/programação,ti - desenvolvimento/programação-,pj/autônomo,0,0,0,0
,,,analista,ensino superior completo,básico,,ti - projetos-,pj/autônomo,0,0,0,0
,,,analista,ensino superior completo,básico,,ti - projetos-,"clt full, pj/autônomo",0,0,0,0
,,,analista,ensino superior completo,avançado,,ti - sap-,clt full,0,0,0,0
,,,pleno,ensino técnico completo,nenhum,,gestão e alocação de recursos de ti-,pj/autônomo,0,0,0,0
,,,sênior,ensino superior completo,nenhum,,ti - desenvolvimento/programação-,clt full,0,0,0,0
,,,sênior,ensino médio completo,nenhum,,financeira/controladoria-,cooperado,0,0,0,0
,,,sênior,ensino superior completo,nenhum,,gestão e alocação de recursos de ti-,clt full,0,0,0,0
,,,pleno,ensino superior completo,fluente,,ti - desenvolvimento/programação-,clt cotas,0,0,0,0
,,,júnior,ensino médio completo,nenhum,,recursos humanos-,clt full,0,0,0,0
,,,pleno,ensino técnico completo,nenhum,,gestão e alocação de recursos de ti-,pj/autônomo,0,0,0,0
,,,analista,ensino superior completo,básico,,ti - projetos-,hunting,0,0,0,0
,,,sênior,ensino superior completo,nenhum,,ti - sap-,,0,0,0,0
,,,analista,ensino superior cursando,básico,,ti - projetos-,"pj/autônomo, clt full",0,0,0,0
,,,sênior,ensino superior completo,fluente,,ti - sap-,,0,0,0,0
,,,pleno,ensino superior completo,nenhum,,ti - projetos-,pj/autônomo,0,0,0,0
,,,pleno,ensino superior completo,avançado,,ti - projetos-,pj/autônomo,0,0,0,0
,ensino superior completo,básico,sênior,ensino técnico completo,avançado,"ti - infraestrutura, ti - processos e negócios, ti - projetos, ti - sistemas e ferramentas, ti - suporte, ti - telecom",ti - sistemas e ferramentas-,clt full,0,0,0,0
,,,analista,ensino superior completo,básico,,ti - governança-,"clt full, pj/autônomo",0,0,0,0
,ensino superior completo,intermediário,sênior,ensino superior completo,avançado,ti - sap,ti - sap-,pj/autônomo,0,1,0,0
,,,sênior,ensino médio completo,avançado,,administrativa-,pj/autônomo,0,0,0,0
,,,sênior,ensino superior completo,avançado,,ti - sap-,pj/autônomo,0,0,0,0
,,,sênior,ensino superior completo,nenhum,,gestão e alocação de recursos de ti-ti - sap-,pj/autônomo,0,0,0,0
,,,analista,ensino superior completo,básico,,ti - desenvolvimento/mobile-,clt full,0,0,0,0
,,,analista,ensino superior cursando,avançado,,ti - projetos-,clt full,0,0,0,0
,,,sênior,ensino superior completo,avançado,,ti - sap-,pj/autônomo,0,0,0,0
,pós graduação completo,intermediário,analista,ensino superior completo,básico,ti - desenvolvimento/programação,ti - desenvolvimento/programação-,clt full,0,0,0,0
,,,sênior,ensino médio completo,nenhum,,gestão e alocação de recursos de ti-,cooperado,0,0,0,0
,,,pleno,ensino técnico completo,nenhum,,gestão e alocação de recursos de ti-,pj/autônomo,0,0,0,0
,ensino superior cursando,intermediário,analista,ensino superior completo,básico,ti - desenvolvimento/programação,ti - desenvolvimento/programação-,clt full,0,0,0,0
,,,pleno,ensino médio completo,intermediário,,ti - projetos-,pj/autônomo,0,0,0,0
,ensino superior completo,básico,sênior,ensino superior completo,nenhum,ti - qualidade/testes,ti - sistemas e ferramentas-,clt full,0,1,0,0
,,,sênior,ensino superior completo,básico,,ti - sap-,pj/autônomo,0,0,0,0
,pós graduação incompleto,intermediário,sênior,ensino superior completo,avançado,ti - banco de dados,ti - telecom-,pj/autônomo,0,0,0,0
,,,sênior,ensino superior cursando,fluente,,ti - sistemas e ferramentas-,pj/autônomo,0,0,0,0
,ensino superior completo,,sênior,ensino superior completo,nenhum,,ti - desenvolvimento/programação-,,0,1,0,0
,ensino superior completo,básico,júnior,ensino superior completo,avançado,ti - segurança da informação,ti - desenvolvimento/programação-ti - governança-,clt full,0,1,0,0
,ensino técnico incompleto,intermediário,sênior,ensino superior completo,básico,"ti - sap, ti - suporte",ti - sap-,"clt full, pj/autônomo",0,0,0,0
,,,sênior,ensino médio completo,nenhum,,ti - projetos-,cooperado,0,0,0,0
,ensino superior completo,básico,pleno,ensino superior completo,básico,ti - desenvolvimento/programação,ti - desenvolvimento/programação-,clt full,0,1,1,0
,,,sênior,ensino superior completo,básico,,ti - projetos-,"clt full, pj/autônomo",0,0,0,0
,ensino superior completo,,sênior,ensino superior completo,básico,,ti - sap-,"clt full, pj/autônomo",0,1,0,0
,,,júnior,ensino médio completo,nenhum,,administrativa-,clt full,0,0,0,0
,,,pleno,ensino superior completo,nenhum,,gestão e alocação de recursos de ti-ti - infraestrutura-,pj/autônomo,0,0,0,0
,,,sênior,ensino superior completo,intermediário,,ti - desenvolvimento/programação-,,0,0,0,0
,,,pleno,ensino superior completo,avançado,,ti - projetos-,hunting,0,0,0,0
,,,analista,ensino superior completo,básico,,ti - projetos-,hunting,0,0,0,0
,,,sênior,ensino superior completo,avançado,,ti - desenvolvimento/programação-,,0,0,0,0
,,,pleno,ensino técnico completo,nenhum,,gestão e alocação de recursos de ti-,pj/autônomo,0,0,0,0
,,,pleno,ensino superior completo,nenhum,,ti - desenvolvimento/programação-,clt full,0,0,0,0
,,,pleno,ensino superior completo,avançado,,ti - sap-,pj/autônomo,0,0,0,0
,,,sênior,ensino superior cursando,nenhum,,ti - sap-,clt cotas,0,0,0,0
,,,sênior,ensino superior completo,fluente,,ti - projetos-,hunting,0,0,0,0
,ensino superior completo,,sênior,ensino superior completo,avançado,"ti - desenvolvimento/programação, ti - infraestrutura, ti - telecom",ti - projetos-,pj/autônomo,0,1,0,0
,,,pleno,ensino superior completo,básico,,ti - sap-,pj/autônomo,0,0,0,0
,,,pleno,ensino técnico completo,nenhum,,gestão e alocação de recursos de ti-,pj/autônomo,0,0,0,0
,,,sênior,ensino superior completo,fluente,,ti - projetos-,pj/autônomo,0,0,0,0
,mestrado incompleto,intermediário,analista,ensino superior completo,básico,ti - sap,ti - sap-,"clt full, pj/autônomo",0,0,0,0
,,,pleno,ensino médio completo,nenhum,,gestão e alocação de recursos de ti-,pj/autônomo,0,0,0,0
,ensino médio completo,nenhum,assistente,ensino médio completo,nenhum,administrativa,ti - projetos-,clt full,0,1,1,0
,,,pleno,ensino médio completo,nenhum,,financeira/controladoria-,pj/autônomo,0,0,0,0
,,,pleno,ensino técnico completo,nenhum,,gestão e alocação de recursos de ti-ti - sap-,pj/autônomo,0,0,0,0
,,,analista,ensino superior completo,avançado,,ti - sap-,pj/autônomo,0,0,0,0
,,,pleno,ensino superior completo,intermediário,,ti - desenvolvimento/programação-,pj/autônomo,0,0,0,0
,,,gerente,ensino superior completo,avançado,,ti - infraestrutura-ti - projetos-,pj/autônomo,0,0,0,0
,ensino superior completo,avançado,sênior,ensino técnico completo,nenhum,gestão e alocação de recursos de ti,administrativa-,cooperado,0,0,0,0
,,,pleno,ensino superior completo,nenhum,,ti - sistemas e ferramentas-,clt full,0,0,0,0
,,,sênior,ensino médio completo,fluente,,administrativa-,hunting,0,0,0,0
,pós graduação cursando,básico,sênior,ensino superior completo,avançado,ti - sistemas e ferramentas,ti - projetos-,clt cotas,0,0,0,0
,ensino superior completo,intermediário,pleno,ensino superior completo,nenhum,"ti - arquitetura, ti - banco de dados, ti - desenvolvimento/mobile, ti - desenvolvimento/programação, ti - processos e negócios, ti - projetos, ti - qualidade/testes, ti - sap",ti - desenvolvimento/programação-,hunting,0,1,0,0
,,,sênior,ensino superior completo,avançado,,ti - projetos-,hunting,0,0,0,0
,,,sênior,ensino médio completo,básico,,financeira/controladoria-,pj/autônomo,0,0,0,0
,,,júnior,ensino médio completo,nenhum,,administrativa-,clt full,0,0,0,0
,,,sênior,ensino superior completo,fluente,,ti - projetos-,pj/autônomo,0,0,0,0
,,,pleno,ensino técnico completo,nenhum,,gestão e alocação de recursos de ti-,pj/autônomo,0,0,0,0
,pós graduação completo,avançado,sênior,ensino superior completo,intermediário,ti - sistemas e ferramentas,ti - sistemas e ferramentas-,clt full,0,0,0,0
,,,analista,ensino superior completo,básico,,ti - projetos-,clt full,0,0,0,0
,,,especialista,ensino superior completo,intermediário,,ti - sap-,clt cotas,0,0,0,0
,,,sênior,ensino superior completo,avançado,,ti - projetos-,hunting,0,0,0,0
,,,sênior,ensino superior completo,intermediário,,ti - desenvolvimento/programação-,hunting,0,0,0,0
,,,analista,ensino superior completo,avançado,,ti - projetos-,"clt full, pj/autônomo",0,0,0,0
,,,sênior,ensino médio completo,nenhum,,financeira/controladoria-,cooperado,0,0,0,0
,ensino médio incompleto,fluente,analista,ensino superior completo,básico,ti - desenvolvimento/programação,ti - desenvolvimento/programação-,clt full,0,0,0,0
,,,analista,ensino superior completo,básico,,ti - sap-,pj/autônomo,0,0,0,0
,,,sênior,ensino superior completo,intermediário,,ti - desenvolvimento/programação-,,0,0,0,0
,,,analista,ensino superior completo,intermediário,,ti - projetos-,"clt full, pj/autônomo",0,0,0,0
,,,pleno,ensino superior completo,avançado,,ti - projetos-,pj/autônomo,0,0,0,0
,ensino superior completo,fluente,sênior,ensino superior completo,avançado,"ti - arquitetura, ti - banco de dados, ti - desenvolvimento/design, ti - desenvolvimento/mobile, ti - desenvolvimento/programação, ti - projetos, ti - qualidade/testes, ti - segurança da informação, ti - sistemas e ferramentas, ti - suporte",ti - projetos-,pj/autônomo,0,1,0,0
,,,sênior,ensino superior completo,fluente,,ti - projetos-,pj/autônomo,0,0,0,0
,,,analista,ensino superior completo,intermediário,,ti - sap-,"clt full, clt cotas, cooperado, estagiário, pj/autônomo",0,0,0,0
,,,pleno,ensino superior completo,básico,,ti - projetos-,"clt full, cooperado, pj/autônomo",0,0,0,0
,,,sênior,ensino superior completo,avançado,,ti - projetos-,hunting,0,0,0,0
,,,analista,ensino superior completo,fluente,,ti - sap-,"clt full, pj/autônomo",0,0,0,0
,,,pleno,ensino técnico completo,nenhum,,gestão e alocação de recursos de ti-,pj/autônomo,0,0,0,0
,,,pleno,ensino técnico completo,nenhum,,gestão e alocação de recursos de ti-,pj/autônomo,0,0,0,0
,ensino superior completo,intermediário,pleno,ensino superior completo,técnico,ti - desenvolvimento/programação,ti - desenvolvimento/programação-,pj/autônomo,0,1,0,0
,,,pleno,ensino superior completo,nenhum,,ti - qualidade/testes-,pj/autônomo,0,0,0,0
,,,sênior,ensino superior completo,nenhum,,ti - projetos-,hunting,0,0,0,0
,pós graduação incompleto,avançado,pleno,ensino técnico completo,nenhum,"ti - processos e negócios, ti - projetos, ti - qualidade/testes, ti - sap",gestão e alocação de recursos de ti-,pj/autônomo,0,0,0,0
,pós graduação completo,avançado,sênior,ensino superior completo,básico,gestão e alocação de recursos de ti,ti - sap-,pj/autônomo,0,0,0,0
,,,pleno,ensino médio completo,nenhum,,financeira/controladoria-,pj/autônomo,0,0,0,0
,,,sênior,ensino superior completo,fluente,,ti - projetos-,hunting,0,0,0,0
,,,pleno,ensino técnico completo,nenhum,,ti - sap-,pj/autônomo,0,0,0,0
,,,sênior,ensino superior completo,básico,,ti - sap-,"pj/autônomo, clt full",0,0,0,0
,,,gerente,ensino superior completo,intermediário,,ti - sap-,"pj/autônomo, clt cotas",0,0,0,0
,,,pleno,ensino técnico completo,nenhum,,gestão e alocação de recursos de ti-,pj/autônomo,0,0,0,0
,,,sênior,ensino superior completo,avançado,,ti - projetos-,pj/autônomo,0,0,0,0
,,,analista,ensino superior completo,básico,,ti - projetos-,"clt full, pj/autônomo",0,0,0,0
,,,analista,ensino superior completo,básico,,ti - desenvolvimento/programação-,hunting,0,0,0,0
,,,especialista,ensino médio completo,nenhum,,administrativa-,cooperado,0,0,0,0
,,,analista,pós graduação completo,básico,,ti - projetos-,clt full,0,0,0,0
,,,pleno,ensino técnico completo,fluente,,gestão e alocação de recursos de ti-,pj/autônomo,0,0,0,0
,ensino superior completo,intermediário,analista,ensino superior completo,básico,administrativa,administrativa-,clt full,0,1,0,0
,,,sênior,ensino superior completo,avançado,,ti - projetos-,pj/autônomo,0,0,0,0
,,,gerente,ensino superior completo,básico,,ti - projetos-,"pj/autônomo, clt full",0,0,0,0
,,,analista,ensino superior completo,básico,,ti - sap-,clt full,0,0,0,0
,,,pleno,ensino técnico completo,nenhum,,ti - desenvolvimento/programação-,clt full,0,0,0,0
,,,pleno,ensino técnico completo,nenhum,,gestão e alocação de recursos de ti-,pj/autônomo,0,0,0,0
,,,sênior,ensino médio completo,nenhum,,financeira/controladoria-ti - desenvolvimento/programação-ti - projetos-,cooperado,0,0,0,0
,,,analista,ensino superior completo,básico,,administrativa-,clt full,0,0,0,0
,,,pleno,ensino superior completo,avançado,,gestão e alocação de recursos de ti-,clt full,0,0,0,0
,ensino superior completo,intermediário,sênior,ensino superior completo,avançado,ti - sap,gestão e alocação de recursos de ti-ti - segurança da informação-,pj/autônomo,0,1,0,0
,ensino técnico completo,básico,analista,ensino superior cursando,básico,comercial,ti - projetos-,clt full,0,0,1,0
,,,analista,ensino superior completo,básico,,ti - banco de dados-,"cooperado, pj/autônomo",0,0,0,0
,,,pleno,ensino superior completo,avançado,,ti - projetos-,hunting,0,0,0,0
,,,sênior,ensino superior completo,intermediário,,ti - sistemas e ferramentas-,,0,0,0,0
,ensino superior completo,intermediário,sênior,ensino médio completo,nenhum,,ti - sistemas e ferramentas-,hunting,0,0,0,0
,,,júnior,ensino médio completo,nenhum,,administrativa-,clt full,0,0,0,0
,,,pleno,ensino técnico completo,nenhum,,gestão e alocação de recursos de ti-,pj/autônomo,0,0,0,0
,,,pleno,ensino superior completo,básico,,ti - projetos-,"clt full, pj/autônomo",0,0,0,0
,,,sênior,ensino médio completo,nenhum,,financeira/controladoria-,cooperado,0,0,0,0
,,,sênior,ensino superior completo,intermediário,,ti - sap-,clt full,0,0,0,0
,,,sênior,ensino superior completo,avançado,,administrativa-,clt full,0,0,0,0
,pós graduação completo,intermediário,analista,ensino superior completo,básico,ti - projetos,ti - projetos-,clt full,0,0,0,0
,,,pleno,ensino técnico completo,nenhum,,gestão e alocação de recursos de ti-,pj/autônomo,0,0,0,0
,,,sênior,ensino superior completo,avançado,,ti - sap-,pj/autônomo,0,0,0,0
,,,pleno,ensino superior completo,técnico,,ti - banco de dados-,cooperado,0,0,0,0
,pós graduação completo,avançado,sênior,ensino superior completo,intermediário,administrativa,ti - projetos-,"clt full, pj/autônomo",0,0,0,0
,,,sênior,ensino superior completo,intermediário,,ti - sistemas e ferramentas-,,0,0,0,0
,,,sênior,ensino superior completo,fluente,,ti - projetos-,hunting,0,0,0,0
,,,sênior,ensino superior completo,intermediário,,ti - desenvolvimento/programação-,,0,0,0,0
,,,sênior,ensino superior completo,avançado,,ti - projetos-ti - sap-,cooperado,0,0,0,0
,ensino superior completo,intermediário,analista,ensino superior completo,básico,ti - desenvolvimento/programação,ti - infraestrutura-ti - processos e negócios-ti - projetos-,clt full,0,1,0,0
,,,analista,ensino médio completo,básico,,ti - projetos-,hunting,0,0,0,0
,,,analista,ensino superior completo,avançado,,ti - sap-,"clt cotas, cooperado, estagiário, pj/autônomo, hunting",0,0,0,0
,pós graduação completo,intermediário,analista,ensino superior completo,básico,ti - banco de dados,ti - projetos-,"clt full, pj/autônomo",0,0,0,0
,pós graduação completo,intermediário,analista,ensino superior completo,básico,ti - governança,ti - projetos-,"clt full, pj/autônomo",0,0,0,0
,,,especialista,ensino superior completo,fluente,,ti - sap-,pj/autônomo,0,0,0,0
,,,pleno,ensino técnico completo,nenhum,,gestão e alocação de recursos de ti-,clt full,0,0,0,0
,,,analista,ensino superior completo,básico,,ti - projetos-,clt full,0,0,0,0
,pós graduação completo,intermediário,sênior,ensino superior completo,básico,ti - processos e negócios,ti - projetos-,cooperado,0,0,0,0
,,,sênior,ensino médio completo,fluente,,ti - projetos-,pj/autônomo,0,0,0,0
,,,pleno,ensino superior completo,fluente,,ti - sap-,pj/autônomo,0,0,0,0
,,,sênior,ensino superior completo,avançado,,ti - projetos-,hunting,0,0,0,0
,ensino superior completo,intermediário,analista,ensino superior completo,básico,ti - sap,ti - projetos-,"pj/autônomo, clt full",0,1,0,0
,,,sênior,ensino superior completo,intermediário,,ti - projetos-,clt full,0,0,0,0
,pós graduação completo,avançado,pleno,ensino técnico completo,nenhum,"ti - desenvolvimento/programação, ti - sistemas e ferramentas",gestão e alocação de recursos de ti-,pj/autônomo,0,0,0,0
,,,sênior,ensino superior completo,básico,,ti - projetos-,pj/autônomo,0,0,0,0
,,,júnior,ensino superior cursando,nenhum,,administrativa-,clt full,0,0,0,0
,ensino superior completo,básico,analista,ensino superior completo,básico,financeira/controladoria,financeira/controladoria-,cooperado,0,1,1,0
,,,júnior,ensino superior completo,intermediário,,ti - sistemas e ferramentas-,,0,0,0,0
,,,analista,ensino superior completo,básico,,ti - projetos-,"clt full, pj/autônomo",0,0,0,0
,,,sênior,ensino superior completo,avançado,,ti - sap-,pj/autônomo,0,0,0,0
,pós graduação completo,,sênior,ensino superior completo,avançado,,ti - projetos-,cooperado,0,0,0,0
,,,analista,ensino superior completo,básico,,ti - sap-,pj/autônomo,0,0,0,0
,pós graduação completo,avançado,sênior,ensino superior completo,intermediário,ti - arquitetura,ti - sistemas e ferramentas-,,0,0,0,0
,,,júnior,ensino superior completo,nenhum,,ti - banco de dados-,clt full,0,0,0,0
,ensino superior completo,,pleno,ensino técnico completo,nenhum,,gestão e alocação de recursos de ti-,pj/autônomo,0,0,0,0
,ensino superior completo,,sênior,ensino superior completo,fluente,,ti - sap-,pj/autônomo,0,1,0,0
,,,pleno,ensino superior completo,básico,,ti - projetos-,"clt full, cooperado, pj/autônomo",0,0,0,0
,,,sênior,ensino superior completo,fluente,,ti - projetos-,hunting,0,0,0,0
,,,pleno,ensino superior completo,avançado,,ti - projetos-,pj/autônomo,0,0,0,0
,,,analista,ensino superior incompleto,básico,,ti - suporte-,hunting,0,0,0,0
,,,sênior,ensino superior completo,básico,,ti - sap-,"clt full, pj/autônomo",0,0,0,0
,,,sênior,ensino médio completo,nenhum,,administrativa-,cooperado,0,0,0,0
,,,pleno,ensino superior completo,nenhum,,ti - sap-,clt full,0,0,0,0
,,,sênior,ensino médio completo,intermediário,,ti - projetos-,hunting,0,0,0,0
,,,analista,ensino superior completo,nenhum,,ti - projetos-,pj/autônomo,0,0,0,0
,,,analista,ensino superior completo,básico,,ti - desenvolvimento/programação-,clt full,0,0,0,0
,ensino superior completo,básico,sênior,ensino superior completo,avançado,ti - desenvolvimento/programação,gestão e alocação de recursos de ti-,cooperado,0,1,0,0
,,,júnior,ensino médio completo,básico,,ti - projetos-,hunting,0,0,0,0
,,,analista,ensino superior completo,básico,,ti - projetos-,"clt full, pj/autônomo",0,0,0,0
,ensino superior completo,avançado,sênior,ensino superior completo,nenhum,ti - sap,ti - sap-,cooperado,0,1,0,0
,ensino superior completo,intermediário,pleno,ensino técnico completo,nenhum,"ti - banco de dados, ti - desenvolvimento/design",gestão e alocação de recursos de ti-,pj/autônomo,0,0,0,0
,,,pleno,ensino técnico completo,nenhum,,gestão e alocação de recursos de ti-,pj/autônomo,0,0,0,0
,,,pleno,ensino técnico completo,nenhum,,gestão e alocação de recursos de ti-,pj/autônomo,0,0,0,0
,mestrado completo,intermediário,sênior,ensino médio completo,fluente,ti - arquitetura,ti - projetos-,pj/autônomo,0,0,0,0
,,,analista,ensino superior completo,básico,,ti - sap-,pj/autônomo,0,0,0,0
,ensino superior completo,avançado,sênior,ensino superior completo,avançado,"ti - banco de dados, ti - desenvolvimento/design, ti - desenvolvimento/mobile, ti - desenvolvimento/programação, ti - governança, ti - processos e negócios, ti - projetos, ti - qualidade/testes, ti - sistemas e ferramentas",comercial-,clt full,0,1,1,0
,,,analista,ensino superior completo,básico,,ti - projetos-,"cooperado, clt full",0,0,0,0
,,,analista,ensino superior completo,avançado,,ti - projetos-,"cooperado, pj/autônomo",0,0,0,0
,,,sênior,ensino médio completo,fluente,,gestão e alocação de recursos de ti-,pj/autônomo,0,0,0,0
,ensino superior completo,básico,analista,ensino superior completo,básico,ti - desenvolvimento/programação,ti - desenvolvimento/programação-,clt full,0,1,1,0
,ensino superior completo,,especialista,ensino superior completo,avançado,,ti - sap-,pj/autônomo,0,1,0,0
,,,sênior,ensino superior completo,avançado,,ti - sap-,pj/autônomo,0,0,0,0
,,,sênior,ensino superior completo,nenhum,,ti - desenvolvimento/programação-,pj/autônomo,0,0,0,0
,,,analista,ensino superior completo,avançado,,ti - sap-,"pj/autônomo, clt full",0,0,0,0
,,,júnior,ensino superior completo,intermediário,,ti - projetos-,clt full,0,0,0,0
,,,sênior,ensino superior completo,fluente,,administrativa-,pj/autônomo,0,0,0,0
,,,sênior,ensino superior completo,intermediário,,ti - projetos-,pj/autônomo,0,0,0,0
,ensino superior completo,básico,pleno,ensino técnico completo,nenhum,ti - sap,ti - sap-,pj/autônomo,0,0,0,0
,,,pleno,ensino superior completo,nenhum,,ti - desenvolvimento/programação-,clt full,0,0,0,0
,pós graduação completo,intermediário,gerente,ensino superior completo,fluente,ti - infraestrutura,ti - projetos-,pj/autônomo,0,0,0,0
,,,pleno,ensino superior completo,nenhum,,ti - sap-,pj/autônomo,0,0,0,0
,ensino superior completo,intermediário,júnior,ensino superior completo,nenhum,ti - processos e negócios,ti - sap-,pj/autônomo,0,1,0,0
,,,sênior,ensino médio completo,fluente,,administrativa-,hunting,0,0,0,0
,,,sênior,ensino médio completo,nenhum,,comercial-,clt cotas,0,0,0,0
,,,analista,ensino superior completo,nenhum,,administrativa-financeira/controladoria-,clt full,0,0,0,0
,,,pleno,ensino superior cursando,avançado,,ti - processos e negócios-,"clt full, clt cotas, cooperado, pj/autônomo",0,0,0,0
,,,sênior,ensino superior completo,intermediário,,ti - sap-,clt full,0,0,0,0
,,,sênior,ensino superior completo,avançado,,ti - sistemas e ferramentas-,pj/autônomo,0,0,0,0
,,,analista,ensino superior completo,avançado,,ti - projetos-,"pj/autônomo, clt full",0,0,0,0
,,,júnior,ensino superior cursando,nenhum,,administrativa-,clt full,0,0,0,0
,,,sênior,ensino superior completo,nenhum,,ti - sap-,pj/autônomo,0,0,0,0
,,,analista,ensino superior completo,básico,,ti - projetos-,"clt full, pj/autônomo",0,0,0,0
,,,pleno,ensino médio completo,nenhum,,gestão e alocação de recursos de ti-,cooperado,0,0,0,0
,,,pleno,ensino técnico completo,nenhum,,gestão e alocação de recursos de ti-,pj/autônomo,0,0,0,0
,ensino superior completo,intermediário,pleno,ensino médio completo,nenhum,"ti - governança, ti - processos e negócios, ti - projetos, ti - sap, ti - segurança da informação, ti - sistemas e ferramentas, ti - telecom",gestão e alocação de recursos de ti-,cooperado,0,0,0,0
,pós graduação completo,avançado,pleno,ensino técnico completo,fluente,ti - sap,gestão e alocação de recursos de ti-,pj/autônomo,0,0,0,0
,ensino superior completo,fluente,sênior,ensino superior completo,fluente,"ti - infraestrutura, ti - projetos, ti - suporte",ti - infraestrutura-,pj/autônomo,0,1,1,0
,pós graduação cursando,nenhum,júnior,ensino superior cursando,intermediário,recursos humanos,ti - projetos-,clt full,0,0,0,0
,,,sênior,ensino superior completo,avançado,,ti - sap-,pj/autônomo,0,0,0,0
,mestrado cursando,avançado,sênior,ensino superior completo,avançado,ti - projetos,ti - projetos-,pj/autônomo,0,0,1,0
,,,analista,ensino superior completo,básico,,ti - sap-,clt full,0,0,0,0
,,,sênior,ensino superior completo,avançado,,ti - sap-,clt full,0,0,0,0
,,,pleno,ensino técnico completo,nenhum,,gestão e alocação de recursos de ti-,pj/autônomo,0,0,0,0
,,,sênior,ensino superior completo,básico,,ti - sap-,pj/autônomo,0,0,0,0
,,,pleno,ensino médio completo,nenhum,,gestão e alocação de recursos de ti-,pj/autônomo,0,0,0,0
,,,analista,ensino médio completo,básico,,ti - projetos-,hunting,0,0,0,0
,,,pleno,ensino técnico completo,nenhum,,gestão e alocação de recursos de ti-,pj/autônomo,0,0,0,0
,,,gerente,ensino superior completo,intermediário,,ti - sap-,clt cotas,0,0,0,0
,ensino superior completo,básico,analista,ensino superior completo,básico,ti - desenvolvimento/programação,ti - sap-,pj/autônomo,0,1,1,0
,ensino superior completo,nenhum,analista,ensino superior completo,básico,"administrativa, comercial, financeira/controladoria, ti - sap",ti - projetos-,pj/autônomo,0,1,0,0
,,,sênior,ensino superior completo,nenhum,,ti - sap-,pj/autônomo,0,0,0,0
,,,sênior,ensino superior completo,avançado,,ti - sap-,clt full,0,0,0,0
,mestrado incompleto,intermediário,pleno,ensino técnico completo,nenhum,ti - sap,gestão e alocação de recursos de ti-,pj/autônomo,0,0,0,0
,ensino superior completo,básico,analista,ensino superior completo,básico,ti - infraestrutura,ti - projetos-,"clt full, pj/autônomo",0,1,1,0
,,,analista,ensino superior completo,avançado,,ti - projetos-,"clt full, pj/autônomo",0,0,0,0
,,,sênior,ensino superior completo,básico,,ti - projetos-,"clt full, pj/autônomo",0,0,0,0
,,,júnior,ensino médio completo,nenhum,,gestão e alocação de recursos de ti-,cooperado,0,0,0,0
,pós graduação completo,avançado,sênior,ensino superior completo,avançado,ti - sap,ti - projetos-ti - sap-,pj/autônomo,0,0,1,0
,pós graduação completo,básico,sênior,ensino superior completo,avançado,ti - sap,ti - sap-,pj/autônomo,0,0,0,0
,,,sênior,ensino superior completo,intermediário,,ti - projetos-,hunting,0,0,0,0
,,,analista,ensino superior completo,básico,,ti - projetos-,pj/autônomo,0,0,0,0
,,,sênior,ensino superior completo,fluente,,ti - desenvolvimento/mobile-,pj/autônomo,0,0,0,0
,ensino superior completo,avançado,sênior,ensino médio completo,básico,ti - desenvolvimento/programação,financeira/controladoria-,pj/autônomo,0,0,0,0
,,,analista,ensino superior completo,básico,,ti - desenvolvimento/programação-,clt full,0,0,0,0
,pós graduação completo,fluente,sênior,ensino superior completo,fluente,,ti - sap-,pj/autônomo,0,0,1,0
,,,analista,ensino superior completo,intermediário,,recursos humanos-,clt full,0,0,0,0
,pós graduação completo,,pleno,ensino técnico completo,nenhum,,gestão e alocação de recursos de ti-,pj/autônomo,0,0,0,0
,ensino superior completo,básico,sênior,ensino superior completo,básico,ti - sap,ti - sap-,clt full,0,1,1,0
,,,sênior,ensino superior completo,intermediário,,ti - sap-,hunting,0,0,0,0
,,,sênior,ensino superior completo,nenhum,,gestão e alocação de recursos de ti-,clt full,0,0,0,0
,,,pleno,ensino superior cursando,intermediário,,ti - sistemas e ferramentas-,pj/autônomo,0,0,0,0
,,,sênior,ensino superior completo,nenhum,,ti - projetos-,pj/autônomo,0,0,0,0
,,,analista,ensino superior completo,básico,,ti - projetos-,"pj/autônomo, clt full",0,0,0,0
,ensino superior completo,básico,analista,ensino superior cursando,básico,administrativa,ti - projetos-,clt full,0,0,1,0
,,,pleno,ensino técnico completo,nenhum,,gestão e alocação de recursos de ti-,pj/autônomo,0,0,0,0
,,,analista,ensino superior completo,básico,,ti - projetos-,"clt full, pj/autônomo",0,0,0,0
,,,analista,ensino superior completo,básico,,ti - projetos-,pj/autônomo,0,0,0,0
,,,pleno,ensino técnico completo,nenhum,,gestão e alocação de recursos de ti-,pj/autônomo,0,0,0,0
,pós graduação completo,básico,pleno,ensino técnico completo,nenhum,"ti - governança, ti - infraestrutura, ti - projetos, ti - segurança da informação",gestão e alocação de recursos de ti-,pj/autônomo,0,0,0,0
,,,analista,ensino superior completo,básico,,ti - projetos-,"pj/autônomo, clt full",0,0,0,0
,,,gerente,ensino superior completo,avançado,,ti - projetos-,pj/autônomo,0,0,0,0
,ensino superior completo,básico,analista,ensino superior completo,avançado,ti - sap,ti - sap-,clt full,0,1,0,0
,,,sênior,ensino superior completo,intermediário,,ti - sistemas e ferramentas-,,0,0,0,0
,,,sênior,ensino superior completo,intermediário,,recursos humanos-,clt full,0,0,0,0
,,,analista,ensino superior completo,básico,,ti - projetos-,"clt full, pj/autônomo",0,0,0,0
,pós graduação completo,avançado,pleno,ensino médio completo,avançado,ti - desenvolvimento/programação,gestão e alocação de recursos de ti-,pj/autônomo,0,0,1,0
,,,sênior,ensino médio completo,avançado,,gestão e alocação de recursos de ti-,pj/autônomo,0,0,0,0
,,,sênior,ensino superior completo,básico,,ti - projetos-,clt full,0,0,0,0
,,,sênior,ensino superior completo,intermediário,,ti - desenvolvimento/programação-,hunting,0,0,0,0
,,,analista,ensino superior completo,básico,,ti - projetos-,pj/autônomo,0,0,0,0
,,,pleno,ensino técnico completo,nenhum,,gestão e alocação de recursos de ti-,pj/autônomo,0,0,0,0
,,fluente,analista,ensino superior completo,básico,,ti - projetos-,"pj/autônomo, clt full",0,0,0,0
,,,gerente,ensino superior completo,básico,,ti - governança-ti - infraestrutura-ti - suporte-,"cooperado, pj/autônomo",0,0,0,0
,,,analista,ensino superior completo,básico,,ti - projetos-,"clt full, pj/autônomo",0,0,0,0
,,,analista,ensino superior completo,básico,,ti - projetos-,"clt full, pj/autônomo",0,0,0,0
,pós graduação completo,avançado,sênior,ensino superior completo,avançado,ti - sap,ti - sap-,pj/autônomo,0,0,1,0
,,,sênior,ensino superior completo,avançado,,ti - projetos-,pj/autônomo,0,0,0,0
,,,sênior,ensino médio completo,fluente,,ti - projetos-,hunting,0,0,0,0
,ensino superior completo,avançado,sênior,ensino superior completo,avançado,ti - sap,ti - sap-,pj/autônomo,0,1,1,0
,,,analista,ensino superior completo,básico,,ti - projetos-,"clt full, pj/autônomo",0,0,0,0
,,,gerente,ensino superior completo,avançado,,ti - projetos-,"pj/autônomo, cooperado",0,0,0,0
,,,analista,ensino superior completo,básico,,ti - sap-,hunting,0,0,0,0
,,,júnior,ensino técnico completo,nenhum,,ti - telecom-,cooperado,0,0,0,0
,,,analista,ensino superior completo,básico,,ti - projetos-,"cooperado, pj/autônomo",0,0,0,0
,ensino superior completo,intermediário,analista,ensino superior completo,intermediário,ti - sap,ti - projetos-,"pj/autônomo, clt full",0,1,1,0
,,,analista,ensino superior completo,fluente,,ti - sap-,"clt full, pj/autônomo",0,0,0,0
,,,pleno,ensino superior completo,básico,,ti - projetos-,"clt full, pj/autônomo",0,0,0,0
,,,pleno,ensino médio completo,avançado,,ti - projetos-,pj/autônomo,0,0,0,0
,ensino superior completo,fluente,sênior,ensino superior completo,básico,ti - processos e negócios,ti - projetos-,"clt full, cooperado, pj/autônomo",0,1,0,0
,pós graduação completo,intermediário,júnior,ensino técnico cursando,nenhum,ti - infraestrutura,ti - infraestrutura-,pj/autônomo,0,0,0,0
,,,sênior,ensino superior completo,fluente,,ti - projetos-,pj/autônomo,0,0,0,0
,pós graduação completo,intermediário,sênior,ensino médio completo,nenhum,"ti - desenvolvimento/design, ti - processos e negócios, ti - projetos, ti - sap, ti - suporte",administrativa-,pj/autônomo,0,0,0,0
,,,sênior,ensino médio completo,nenhum,,ti - desenvolvimento/programação-,hunting,0,0,0,0
,,,sênior,ensino superior completo,nenhum,,ti - sap-,pj/autônomo,0,0,0,0
,ensino superior completo,intermediário,sênior,ensino superior completo,avançado,,ti - sap-,pj/autônomo,0,1,0,0
,ensino superior completo,intermediário,pleno,ensino superior completo,intermediário,ti - desenvolvimento/design,ti - desenvolvimento/design-,clt full,0,1,1,0
,,,sênior,ensino técnico completo,nenhum,,ti - segurança da informação-,clt full,0,0,0,0
,,,pleno,ensino técnico completo,nenhum,,gestão e alocação de recursos de ti-,pj/autônomo,0,0,0,0
,,,sênior,ensino superior completo,básico,,ti - projetos-,"cooperado, pj/autônomo",0,0,0,0
,ensino superior completo,intermediário,analista,ensino superior completo,básico,gestão e alocação de recursos de ti,ti - projetos-,"pj/autônomo, clt full",0,1,0,0
,,,analista,ensino superior completo,intermediário,,ti - sap-,clt cotas,0,0,0,0
,,,sênior,ensino superior completo,fluente,,ti - sap-,pj/autônomo,0,0,0,0
,pós graduação cursando,intermediário,sênior,ensino superior completo,intermediário,"ti - desenvolvimento/design, ti - desenvolvimento/mobile",ti - desenvolvimento/programação-,hunting,0,0,1,0
,,,sênior,ensino superior completo,fluente,,ti - sap-,"clt full, pj/autônomo",0,0,0,0
,,,sênior,ensino médio completo,nenhum,,financeira/controladoria-,cooperado,0,0,0,0
,ensino superior cursando,avançado,sênior,ensino superior completo,avançado,ti - desenvolvimento/programação,ti - projetos-,pj/autônomo,0,0,1,0
,,,sênior,ensino superior completo,intermediário,,ti - desenvolvimento/programação-,,0,0,0,0
,,,especialista,ensino superior incompleto,básico,,ti - projetos-,hunting,0,0,0,0
,,,sênior,ensino superior completo,nenhum,,gestão e alocação de recursos de ti-,hunting,0,0,0,0
,,,sênior,ensino superior incompleto,avançado,,ti - sap-,pj/autônomo,0,0,0,0
,,,analista,ensino superior completo,fluente,,ti - projetos-,"pj/autônomo, clt full",0,0,0,0
,,,analista,ensino superior completo,básico,,ti - projetos-,"pj/autônomo, clt full",0,0,0,0
,ensino técnico completo,nenhum,sênior,ensino superior completo,básico,"administrativa, recursos humanos",ti - projetos-,"pj/autônomo, clt full",0,0,0,0
,pós graduação completo,fluente,sênior,ensino superior completo,avançado,comercial,gestão e alocação de recursos de ti-,pj/autônomo,0,0,0,0
,,,sênior,ensino superior completo,nenhum,,ti - desenvolvimento/design-,,0,0,0,0
,ensino superior completo,básico,sênior,ensino superior completo,nenhum,ti - sap,ti - sap-,pj/autônomo,0,1,0,0
,,,analista,ensino superior completo,básico,,ti - desenvolvimento/programação-,clt full,0,0,0,0
,,,sênior,ensino superior completo,avançado,,ti - projetos-,pj/autônomo,0,0,0,0
,,,pleno,ensino técnico completo,nenhum,,gestão e alocação de recursos de ti-,pj/autônomo,0,0,0,0
,ensino superior completo,,sênior,ensino superior completo,avançado,,ti - sap-,"clt full, pj/autônomo",0,1,0,0
,ensino superior completo,intermediário,pleno,ensino superior completo,básico,ti - desenvolvimento/programação,ti - desenvolvimento/programação-,clt cotas,0,1,0,0
,,,pleno,ensino superior cursando,básico,,ti - sap-,"pj/autônomo, clt full",0,0,0,0
,ensino superior completo,básico,analista,ensino superior completo,básico,ti - suporte,ti - suporte-,"cooperado, pj/autônomo",0,1,1,0
,,,sênior,ensino superior completo,fluente,,ti - sap-,clt full,0,0,0,0
,,,sênior,ensino médio completo,fluente,,gestão e alocação de recursos de ti-,pj/autônomo,0,0,0,0
,,,sênior,ensino médio completo,avançado,,gestão e alocação de recursos de ti-,pj/autônomo,0,0,0,0
,pós graduação cursando,avançado,sênior,ensino superior completo,nenhum,ti - sap,ti - sap-,pj/autônomo,0,0,0,0
,,básico,sênior,ensino médio completo,nenhum,ti - qualidade/testes,ti - qualidade/testes-,pj/autônomo,0,0,0,0
,,,analista,ensino superior completo,avançado,,ti - projetos-,"clt full, pj/autônomo",0,0,0,0
,,,analista,ensino superior completo,básico,,ti - sap-,pj/autônomo,0,0,0,0
,,,sênior,ensino superior completo,avançado,,ti - sap-,"pj/autônomo, clt full",0,0,0,0
,ensino superior completo,intermediário,analista,ensino superior completo,básico,ti - banco de dados,ti - projetos-,"clt full, pj/autônomo",0,1,0,0
,,,sênior,ensino superior completo,fluente,,ti - sistemas e ferramentas-,clt full,0,0,0,0
,,,sênior,ensino superior completo,avançado,,ti - projetos-,clt full,0,0,0,0
,,,sênior,ensino superior completo,básico,,ti - sap-,pj/autônomo,0,0,0,0
,ensino superior incompleto,avançado,sênior,ensino superior completo,intermediário,administrativa,ti - projetos-,pj/autônomo,0,0,0,0
,ensino superior completo,básico,analista,ensino superior completo,básico,ti - desenvolvimento/programação,ti - projetos-,"clt full, pj/autônomo",0,1,1,0
,,,sênior,ensino superior completo,avançado,,ti - projetos-,hunting,0,0,0,0
,,,sênior,ensino superior completo,avançado,,ti - projetos-,hunting,0,0,0,0
,ensino superior incompleto,avançado,sênior,ensino técnico completo,avançado,ti - sap,administrativa-,pj/autônomo,0,0,1,0
,,,sênior,ensino superior completo,avançado,,ti - projetos-,cooperado,0,0,0,0
,ensino superior cursando,básico,analista,ensino superior completo,básico,ti - sap,ti - sap-,pj/autônomo,0,0,1,0
,,,sênior,ensino médio completo,nenhum,,financeira/controladoria-,cooperado,0,0,0,0
,,,analista,ensino superior completo,avançado,,ti - sap-,"clt full, pj/autônomo",0,0,0,0
,pós graduação completo,,sênior,ensino superior cursando,nenhum,,ti - sap-,clt full,0,0,0,0
,pós graduação completo,intermediário,sênior,ensino superior completo,avançado,"relacionamento técnico, ti - arquitetura",ti - sap-,"clt full, pj/autônomo",0,0,0,0
,,,analista,ensino superior completo,avançado,,ti - sap-,pj/autônomo,0,0,0,0
,,,analista,ensino superior completo,fluente,,ti - sap-,"clt full, pj/autônomo",0,0,0,0
,,,sênior,ensino superior completo,intermediário,,ti - sap-,,0,0,0,0
,,,analista,ensino superior cursando,básico,,ti - suporte-,hunting,0,0,0,0
,,,sênior,ensino superior completo,nenhum,,ti - sap-,pj/autônomo,0,0,0,0
,,,pleno,ensino técnico completo,nenhum,,gestão e alocação de recursos de ti-,pj/autônomo,0,0,0,0
,,,sênior,ensino médio completo,nenhum,,financeira/controladoria-,hunting,0,0,0,0
,,,sênior,ensino médio completo,avançado,,ti - projetos-ti - sap-,pj/autônomo,0,0,0,0
,,,pleno,ensino médio completo,nenhum,,financeira/controladoria-,pj/autônomo,0,0,0,0
,ensino superior completo,básico,pleno,ensino superior completo,intermediário,"administrativa, recursos humanos",recursos humanos-,clt full,0,1,0,0
,,,pleno,ensino técnico completo,nenhum,,gestão e alocação de recursos de ti-,pj/autônomo,0,0,0,0
,,,analista,ensino superior completo,básico,,ti - projetos-,"pj/autônomo, clt full",0,0,0,0
,,,pleno,ensino técnico completo,nenhum,,ti - projetos-,clt full,0,0,0,0
,,,sênior,ensino superior completo,fluente,,comercial-,hunting,0,0,0,0
,,,analista,ensino superior completo,básico,,ti - sap-,pj/autônomo,0,0,0,0
,pós graduação completo,intermediário,sênior,ensino superior completo,intermediário,ti - desenvolvimento/programação,ti - infraestrutura-,,0,0,1,0
,,,sênior,ensino superior completo,avançado,,ti - projetos-,pj/autônomo,0,0,0,0
,pós graduação completo,,sênior,ensino superior completo,nenhum,,gestão e alocação de recursos de ti-ti - sap-,pj/autônomo,0,0,0,0
,,,sênior,ensino superior completo,intermediário,,ti - desenvolvimento/programação-,cooperado,0,0,0,0
,,,sênior,ensino superior completo,fluente,,ti - projetos-,pj/autônomo,0,0,0,0
,mestrado completo,intermediário,analista,ensino técnico completo,básico,financeira/controladoria,ti - projetos-,"clt full, pj/autônomo",0,0,0,0
,,,sênior,ensino médio completo,nenhum,,ti - sap-,pj/autônomo,0,0,0,0
,pós graduação completo,fluente,sênior,ensino superior completo,nenhum,ti - projetos,ti - projetos-,hunting,0,0,0,0
,,,analista,ensino superior completo,avançado,,ti - sap-,"clt full, pj/autônomo",0,0,0,0
,ensino superior cursando,intermediário,pleno,ensino médio completo,avançado,ti - desenvolvimento/programação,ti - projetos-,pj/autônomo,0,0,0,0
,,,sênior,ensino superior completo,fluente,,ti - projetos-,clt full,0,0,0,0
,,,pleno,ensino técnico completo,nenhum,,gestão e alocação de recursos de ti-,pj/autônomo,0,0,0,0
,,,sênior,ensino médio completo,avançado,,ti - projetos-,pj/autônomo,0,0,0,0
,,,sênior,ensino superior completo,fluente,,ti - sap-,pj/autônomo,0,0,0,0
,,,sênior,ensino superior completo,avançado,,ti - projetos-,pj/autônomo,0,0,0,0
,,,pleno,ensino técnico completo,nenhum,,gestão e alocação de recursos de ti-,pj/autônomo,0,0,0,0
,,,sênior,ensino superior completo,avançado,,ti - projetos-,hunting,0,0,0,0
,,,sênior,ensino superior completo,básico,,ti - projetos-,"pj/autônomo, clt full",0,0,0,0
,,,analista,ensino superior completo,básico,,ti - projetos-,"clt full, pj/autônomo",0,0,0,0
,,,sênior,ensino superior completo,avançado,,ti - projetos-,pj/autônomo,0,0,0,0
,ensino superior cursando,intermediário,analista,ensino superior cursando,intermediário,ti - infraestrutura,ti - desenvolvimento/programação-,clt full,0,1,1,0
sênior,,,sênior,ensino superior completo,fluente,,ti - sap-,hunting,1,0,0,0
,,,pleno,ensino técnico completo,nenhum,,ti - projetos-,clt full,0,0,0,0
,,,sênior,ensino superior completo,nenhum,,ti - sistemas e ferramentas-,clt full,0,0,0,0
,,,sênior,ensino médio completo,avançado,,gestão e alocação de recursos de ti-,pj/autônomo,0,0,0,0
,,,pleno,ensino médio completo,avançado,,gestão e alocação de recursos de ti-,pj/autônomo,0,0,0,0
sênior,ensino técnico completo,básico,pleno,ensino técnico completo,nenhum,ti - sap,gestão e alocação de recursos de ti-,pj/autônomo,0,1,0,0
,,,analista,ensino superior completo,básico,,ti - desenvolvimento/mobile-,clt full,0,0,0,0
,,,sênior,ensino médio completo,nenhum,,financeira/controladoria-,pj/autônomo,0,0,0,0
,ensino superior completo,intermediário,pleno,ensino médio completo,intermediário,"ti - governança, ti - infraestrutura, ti - processos e negócios, ti - projetos, ti - sap, ti - sistemas e ferramentas, ti - suporte, ti - telecom",comercial-,cooperado,0,0,1,0
,,,sênior,ensino superior completo,fluente,,gestão e alocação de recursos de ti-,pj/autônomo,0,0,0,0
,,,analista,ensino superior completo,intermediário,,ti - desenvolvimento/programação-,pj/autônomo,0,0,0,0
,pós graduação cursando,avançado,sênior,ensino superior completo,nenhum,ti - desenvolvimento/programação,ti - projetos-,cooperado,0,0,0,0
,ensino superior cursando,básico,auxiliar,ensino médio completo,nenhum,administrativa,ti - projetos-,clt full,0,0,0,0
,pós graduação cursando,intermediário,analista,ensino superior completo,intermediário,"administrativa, comercial, financeira/controladoria, gestão e alocação de recursos de ti, novos negócios e parcerias, qualidade corporativa, recursos humanos",ti - projetos-,pj/autônomo,0,0,1,0
,,,pleno,ensino técnico completo,nenhum,,gestão e alocação de recursos de ti-,pj/autônomo,0,0,0,0
,,,analista,ensino superior completo,avançado,,ti - projetos-,clt full,0,0,0,0
,ensino superior completo,avançado,analista,ensino superior completo,básico,ti - desenvolvimento/programação,ti - desenvolvimento/programação-,hunting,0,1,0,0
,,,sênior,ensino superior completo,nenhum,,ti - banco de dados-ti - projetos-,"pj/autônomo, cooperado",0,0,0,0
,,,analista,ensino superior completo,básico,,ti - desenvolvimento/programação-,clt full,0,0,0,0
,,,pleno,ensino técnico completo,intermediário,,gestão e alocação de recursos de ti-,hunting,0,0,0,0
,,,júnior,ensino superior completo,intermediário,,ti - projetos-,hunting,0,0,0,0
,ensino superior completo,avançado,sênior,ensino médio completo,avançado,,administrativa-,cooperado,0,0,1,0
,,,analista,ensino superior completo,básico,,ti - banco de dados-,"cooperado, pj/autônomo",0,0,0,0
,,,sênior,ensino médio completo,nenhum,,gestão e alocação de recursos de ti-,cooperado,0,0,0,0
,mestrado completo,intermediário,pleno,ensino técnico completo,nenhum,ti - sap,gestão e alocação de recursos de ti-,pj/autônomo,0,0,0,0
,,,analista,ensino superior completo,fluente,,ti - sap-,hunting,0,0,0,0
,,,pleno,ensino superior completo,fluente,,gestão e alocação de recursos de ti-ti - infraestrutura-,clt full,0,0,0,0
,,,analista,ensino superior completo,básico,,ti - projetos-,"clt full, pj/autônomo",0,0,0,0
,,,pleno,ensino superior completo,nenhum,,ti - desenvolvimento/programação-,clt cotas,0,0,0,0
,,,sênior,ensino superior completo,nenhum,,ti - desenvolvimento/programação-,pj/autônomo,0,0,0,0
,,,pleno,ensino técnico completo,nenhum,,gestão e alocação de recursos de ti-ti - qualidade/testes-,pj/autônomo,0,0,0,0
,,,pleno,ensino superior completo,nenhum,,ti - desenvolvimento/programação-,clt cotas,0,0,0,0
,pós graduação completo,intermediário,pleno,ensino técnico completo,nenhum,ti - sap,gestão e alocação de recursos de ti-ti - sap-,"candidato poderá escolher, hunting, pj/autônomo",0,0,0,0
,,,analista,ensino superior completo,básico,,ti - projetos-,"clt full, pj/autônomo",0,0,0,0
,,,júnior,ensino médio completo,nenhum,,administrativa-,clt full,0,0,0,0
,,,sênior,ensino médio completo,nenhum,,financeira/controladoria-ti - projetos-,cooperado,0,0,0,0
,pós graduação completo,avançado,sênior,ensino médio completo,nenhum,ti - desenvolvimento/mobile,ti - projetos-,cooperado,0,0,0,0
,,,pleno,ensino técnico completo,nenhum,,gestão e alocação de recursos de ti-,pj/autônomo,0,0,0,0
,,,analista,ensino superior completo,intermediário,,ti - projetos-,"pj/autônomo, clt full",0,0,0,0
,pós graduação completo,intermediário,analista,ensino superior completo,básico,ti - governança,ti - projetos-,clt full,0,0,0,0
,,,analista,ensino superior completo,intermediário,,administrativa-,clt full,0,0,0,0
,ensino superior completo,intermediário,pleno,ensino técnico completo,nenhum,ti - projetos,gestão e alocação de recursos de ti-,pj/autônomo,0,0,0,0
,ensino superior completo,intermediário,analista,ensino superior completo,básico,"administrativa, comercial, financeira/controladoria, gestão e alocação de recursos de ti, novos negócios e parcerias, recursos humanos, relacionamento técnico, ti - governança, ti - processos e negócios, ti - projetos, ti - qualidade/testes, ti - sistemas e ferramentas",ti - projetos-,"pj/autônomo, clt full",0,1,0,0
,mestrado incompleto,intermediário,pleno,ensino técnico completo,nenhum,ti - sap,gestão e alocação de recursos de ti-,pj/autônomo,0,0,0,0
,ensino superior cursando,básico,assistente,ensino médio completo,nenhum,administrativa,ti - projetos-,clt full,0,0,0,0
,,,sênior,ensino superior completo,fluente,,ti - sap-,hunting,0,0,0,0
,,,sênior,ensino superior completo,avançado,,ti - projetos-,pj/autônomo,0,0,0,0
,,,analista,ensino superior completo,intermediário,,ti - projetos-,"cooperado, pj/autônomo",0,0,0,0
,ensino superior completo,,sênior,ensino superior completo,avançado,,ti - desenvolvimento/programação-,clt full,0,1,0,0
,pós graduação completo,intermediário,sênior,ensino superior completo,nenhum,ti - suporte,relacionamento técnico-,cooperado,0,0,0,0
,pós graduação completo,básico,especialista,ensino superior completo,básico,ti - infraestrutura,ti - projetos-,"pj/autônomo, clt full",0,0,1,0
,,,pleno,ensino superior completo,básico,,ti - sistemas e ferramentas-,"pj/autônomo, cooperado",0,0,0,0
,,,sênior,ensino médio completo,nenhum,,comercial-,cooperado,0,0,0,0
,,,sênior,ensino superior completo,avançado,,ti - projetos-,pj/autônomo,0,0,0,0
,,,pleno,ensino superior completo,nenhum,,gestão e alocação de recursos de ti-ti - sap-,pj/autônomo,0,0,0,0
,,,sênior,ensino superior completo,nenhum,,ti - sap-,pj/autônomo,0,0,0,0
,,,analista,ensino superior completo,fluente,,ti - sap-,"clt full, pj/autônomo",0,0,0,0
,pós graduação completo,básico,analista,ensino superior completo,básico,jurídica,administrativa-,clt full,0,0,1,0
,,,sênior,ensino superior completo,avançado,,ti - projetos-,pj/autônomo,0,0,0,0
,ensino superior completo,fluente,analista,ensino superior completo,fluente,financeira/controladoria,ti - sap-,pj/autônomo,0,1,1,0
,,,analista,ensino superior completo,avançado,,ti - projetos-,hunting,0,0,0,0
,,,analista,ensino superior completo,intermediário,,ti - desenvolvimento/programação-,clt full,0,0,0,0
,,,analista,ensino superior completo,básico,,ti - projetos-,"pj/autônomo, clt full",0,0,0,0
,,,júnior,ensino médio completo,nenhum,,administrativa-,clt full,0,0,0,0
,,,sênior,ensino superior completo,avançado,,ti - projetos-,pj/autônomo,0,0,0,0
,,,sênior,ensino superior completo,avançado,,ti - projetos-,pj/autônomo,0,0,0,0
,ensino superior completo,intermediário,analista,ensino superior completo,básico,ti - processos e negócios,ti - processos e negócios-,clt cotas,0,1,0,0
,,,analista,ensino superior completo,avançado,,ti - sap-,hunting,0,0,0,0
,ensino superior incompleto,intermediário,analista,ensino superior completo,intermediário,"ti - desenvolvimento/design, ti - desenvolvimento/mobile, ti - desenvolvimento/programação, ti - infraestrutura, ti - suporte",ti - projetos-,"clt full, pj/autônomo",0,0,1,0
,,,sênior,ensino superior completo,avançado,,ti - sap-,pj/autônomo,0,0,0,0
,,,analista,ensino superior completo,básico,,ti - desenvolvimento/mobile-,clt full,0,0,0,0
,,,analista,ensino superior completo,avançado,,ti - projetos-,hunting,0,0,0,0
,,,pleno,ensino superior completo,nenhum,,gestão e alocação de recursos de ti-ti - infraestrutura-,pj/autônomo,0,0,0,0
,,,júnior,ensino superior completo,básico,,ti - projetos-,"clt full, pj/autônomo",0,0,0,0
,,,analista,ensino superior completo,intermediário,,ti - projetos-,"clt full, pj/autônomo",0,0,0,0
,,,sênior,ensino superior completo,básico,,ti - projetos-,"cooperado, pj/autônomo",0,0,0,0
,,,pleno,ensino técnico completo,nenhum,,gestão e alocação de recursos de ti-,pj/autônomo,0,0,0,0
,,,pleno,ensino técnico completo,nenhum,,gestão e alocação de recursos de ti-,pj/autônomo,0,0,0,0
,pós graduação completo,avançado,pleno,ensino superior completo,nenhum,ti - desenvolvimento/programação,ti - projetos-,pj/autônomo,0,0,0,0
,,,analista,ensino médio completo,nenhum,,ti - sistemas e ferramentas-,cooperado,0,0,0,0
,,,assistente,ensino superior incompleto,nenhum,,administrativa-,clt full,0,0,0,0
,ensino superior completo,avançado,pleno,ensino superior completo,avançado,ti - desenvolvimento/programação,ti - projetos-,hunting,0,1,1,0
,,,sênior,ensino médio completo,nenhum,,gestão e alocação de recursos de ti-,,0,0,0,0
,ensino superior completo,intermediário,sênior,ensino superior cursando,fluente,ti - desenvolvimento/programação,ti - desenvolvimento/programação-,hunting,0,0,0,0
,,,pleno,ensino médio completo,avançado,,gestão e alocação de recursos de ti-,pj/autônomo,0,0,0,0
,ensino médio incompleto,nenhum,analista,ensino superior completo,básico,administrativa,ti - projetos-,"clt full, pj/autônomo",0,0,0,0
,,,analista,ensino superior completo,básico,,ti - projetos-,"clt full, pj/autônomo",0,0,0,0
,ensino superior completo,avançado,pleno,ensino médio completo,nenhum,"ti - projetos, ti - sap, ti - suporte",gestão e alocação de recursos de ti-,cooperado,0,0,0,0
,,,sênior,ensino superior completo,avançado,,ti - projetos-,pj/autônomo,0,0,0,0
,,,pleno,ensino superior completo,nenhum,,ti - qualidade/testes-,clt full,0,0,0,0
,pós graduação cursando,intermediário,analista,ensino superior completo,básico,administrativa,ti - projetos-,"pj/autônomo, clt full",0,0,0,0
,,,pleno,ensino superior completo,nenhum,,gestão e alocação de recursos de ti-,hunting,0,0,0,0
,,,sênior,ensino superior completo,básico,,ti - sap-,pj/autônomo,0,0,0,0
,pós graduação completo,avançado,pleno,ensino técnico completo,nenhum,financeira/controladoria,gestão e alocação de recursos de ti-,pj/autônomo,0,0,0,0
,,,analista,ensino superior completo,avançado,,ti - sap-,pj/autônomo,0,0,0,0
,ensino superior completo,básico,júnior,ensino superior completo,nenhum,recursos humanos,administrativa-,cooperado,0,1,0,0
,ensino superior completo,intermediário,analista,ensino superior completo,intermediário,ti - sap,ti - sap-,pj/autônomo,0,1,1,0
,,,júnior,ensino médio completo,nenhum,,administrativa-,clt full,0,0,0,0
,,,especialista,ensino superior completo,básico,,ti - sap-,"clt full, pj/autônomo",0,0,0,0
,,,analista,ensino superior completo,básico,,ti - projetos-,"clt full, pj/autônomo",0,0,0,0
,,,analista,ensino superior completo,básico,,ti - projetos-,"pj/autônomo, clt full",0,0,0,0
,,,analista,ensino médio completo,básico,,ti - suporte-,cooperado,0,0,0,0
,,,sênior,ensino superior completo,intermediário,,ti - desenvolvimento/programação-,,0,0,0,0
,pós graduação completo,fluente,analista,ensino superior completo,básico,ti - projetos,ti - projetos-,"clt full, pj/autônomo",0,0,0,0
,pós graduação cursando,avançado,coordenador,ensino médio completo,fluente,ti - infraestrutura,financeira/controladoria-,cooperado,0,0,0,0
,,,sênior,ensino superior completo,intermediário,,ti - sap-,hunting,0,0,0,0
,,,analista,ensino superior completo,básico,,ti - projetos-,clt cotas,0,0,0,0
,pós graduação completo,intermediário,júnior,ensino superior completo,básico,administrativa,ti - projetos-,"pj/autônomo, clt full",0,0,0,0
,,,pleno,ensino superior completo,intermediário,,gestão e alocação de recursos de ti-ti - infraestrutura-,hunting,0,0,0,0
,,,sênior,ensino superior completo,nenhum,,ti - sap-,pj/autônomo,0,0,0,0
,,,sênior,ensino superior completo,fluente,,ti - sap-,clt full,0,0,0,0
,ensino superior completo,básico,pleno,ensino superior completo,intermediário,ti - desenvolvimento/programação,ti - desenvolvimento/programação-,,0,1,0,0
,,,analista,ensino superior cursando,básico,,ti - projetos-,"pj/autônomo, clt full",0,0,0,0
,,,pleno,ensino superior completo,técnico,,ti - desenvolvimento/programação-,cooperado,0,0,0,0
,,,sênior,ensino superior completo,fluente,,ti - projetos-,pj/autônomo,0,0,0,0
,,,sênior,ensino superior completo,fluente,,ti - sap-,pj/autônomo,0,0,0,0
,,,analista,ensino superior completo,básico,,ti - desenvolvimento/programação-,clt full,0,0,0,0
,,,analista,ensino superior completo,básico,,ti - projetos-,"pj/autônomo, clt full",0,0,0,0
,ensino superior completo,avançado,analista,ensino superior completo,básico,ti - desenvolvimento/programação,ti - projetos-,"clt full, pj/autônomo",0,1,0,0
líder,mestrado completo,,analista,ensino superior completo,básico,,ti - desenvolvimento/programação-,clt full,0,0,0,0
,,,sênior,ensino superior completo,avançado,,ti - projetos-,pj/autônomo,0,0,0,0
,ensino superior completo,intermediário,analista,ensino superior completo,básico,ti - desenvolvimento/programação,ti - desenvolvimento/programação-,clt full,0,1,0,0
,,,líder,ensino superior completo,fluente,,ti - projetos-,pj/autônomo,0,0,0,0
,,,sênior,ensino superior completo,avançado,,ti - projetos-,hunting,0,0,0,0
,,,analista,ensino superior completo,básico,,ti - projetos-,"clt full, pj/autônomo",0,0,0,0
,pós graduação completo,básico,sênior,ensino superior completo,básico,financeira/controladoria,ti - projetos-,"pj/autônomo, clt full",0,0,1,0
,,,analista,ensino superior incompleto,básico,,ti - suporte-,hunting,0,0,0,0
,,,analista,ensino superior completo,básico,,ti - desenvolvimento/programação-,clt full,0,0,0,0
,,,sênior,ensino superior completo,avançado,,ti - projetos-,pj/autônomo,0,0,0,0
,,,pleno,ensino médio completo,nenhum,,gestão e alocação de recursos de ti-,cooperado,0,0,0,0
,,,sênior,ensino superior completo,fluente,,ti - sap-,pj/autônomo,0,0,0,0
,,,analista,ensino superior completo,básico,,ti - infraestrutura-,clt full,0,0,0,0
,ensino superior cursando,básico,analista,ensino superior completo,nenhum,"ti - projetos, ti - sap, ti - suporte",ti - sistemas e ferramentas-,clt full,0,0,0,0
,ensino superior completo,nenhum,analista,ensino superior completo,básico,"administrativa, comercial, financeira/controladoria",ti - projetos-,"pj/autônomo, clt full",0,1,0,0
,pós graduação incompleto,intermediário,pleno,ensino superior completo,nenhum,ti - banco de dados,ti - sistemas e ferramentas-,clt full,0,0,0,0
,,,analista,ensino superior completo,básico,,ti - projetos-,"clt full, pj/autônomo",0,0,0,0
,,,sênior,ensino superior completo,avançado,,ti - sap-,"pj/autônomo, clt full",0,0,0,0
,ensino superior completo,fluente,sênior,ensino superior completo,intermediário,ti - desenvolvimento/programação,ti - desenvolvimento/programação-,,0,1,0,0
,,,pleno,ensino técnico completo,nenhum,,gestão e alocação de recursos de ti-,pj/autônomo,0,0,0,0
,,,analista,ensino superior completo,básico,,ti - sap-,pj/autônomo,0,0,0,0
,ensino superior completo,básico,pleno,ensino técnico completo,nenhum,ti - sap,gestão e alocação de recursos de ti-,pj/autônomo,0,0,0,0
,ensino técnico completo,básico,pleno,ensino superior completo,avançado,ti - banco de dados,ti - sistemas e ferramentas-,,0,0,0,0
,,,sênior,ensino médio completo,avançado,,gestão e alocação de recursos de ti-,pj/autônomo,0,0,0,0
,,,pleno,ensino superior completo,avançado,,ti - projetos-,pj/autônomo,0,0,0,0
,pós graduação completo,básico,sênior,ensino superior completo,básico,ti - sap,ti - sap-,pj/autônomo,0,0,1,0
,pós graduação incompleto,intermediário,sênior,ensino superior completo,intermediário,ti - desenvolvimento/programação,ti - projetos-,pj/autônomo,0,0,1,0
,ensino superior cursando,básico,pleno,ensino técnico completo,nenhum,"relacionamento técnico, ti - desenvolvimento/design, ti - desenvolvimento/mobile, ti - desenvolvimento/programação, ti - sistemas e ferramentas, ti - suporte",ti - sap-,pj/autônomo,0,0,0,0
,pós graduação incompleto,básico,analista,ensino superior completo,básico,administrativa,ti - projetos-,"clt full, pj/autônomo",0,0,1,0
,,,analista,ensino superior completo,básico,,ti - projetos-,"cooperado, pj/autônomo",0,0,0,0
,pós graduação completo,intermediário,pleno,ensino técnico completo,nenhum,"comercial, financeira/controladoria, novos negócios e parcerias, relacionamento técnico, ti - processos e negócios, ti - projetos, ti - sistemas e ferramentas, ti - telecom",ti - sap-,pj/autônomo,0,0,0,0
,,,pleno,ensino técnico completo,nenhum,,gestão e alocação de recursos de ti-,pj/autônomo,0,0,0,0
,,,pleno,ensino técnico completo,nenhum,,gestão e alocação de recursos de ti-,pj/autônomo,0,0,0,0
,,,sênior,ensino superior completo,fluente,,ti - projetos-,pj/autônomo,0,0,0,0
,,,analista,ensino superior completo,básico,,ti - projetos-,"pj/autônomo, clt full",0,0,0,0
,,,sênior,ensino superior completo,nenhum,,administrativa-,clt full,0,0,0,0
,ensino superior completo,intermediário,pleno,ensino superior completo,básico,ti - sap,ti - sap-,pj/autônomo,0,1,0,0
,,,sênior,ensino superior completo,fluente,,ti - sap-,hunting,0,0,0,0
,,,analista,ensino superior completo,nenhum,,administrativa-,cooperado,0,0,0,0
,,,sênior,ensino superior completo,fluente,,ti - processos e negócios-,pj/autônomo,0,0,0,0
,,,sênior,ensino superior completo,básico,,ti - sap-,pj/autônomo,0,0,0,0
,,,pleno,ensino superior completo,avançado,,ti - projetos-,pj/autônomo,0,0,0,0
,,,pleno,ensino superior completo,nenhum,,ti - projetos-,pj/autônomo,0,0,0,0
,,,analista,ensino superior completo,básico,,ti - sap-,"pj/autônomo, clt full",0,0,0,0
,ensino superior completo,,analista,ensino superior completo,avançado,,ti - sap-,pj/autônomo,0,1,0,0
,,,analista,ensino superior completo,intermediário,,ti - projetos-,"pj/autônomo, clt full",0,0,0,0
,,,sênior,ensino superior completo,nenhum,,gestão e alocação de recursos de ti-ti - sap-,pj/autônomo,0,0,0,0
,,,sênior,ensino superior completo,avançado,,ti - projetos-,hunting,0,0,0,0
,,,analista,ensino superior completo,intermediário,,ti - desenvolvimento/programação-,clt full,0,0,0,0
,ensino superior incompleto,avançado,júnior,ensino superior incompleto,intermediário,ti - desenvolvimento/programação,ti - projetos-,clt full,0,1,0,0
,ensino superior completo,avançado,sênior,ensino superior completo,avançado,ti - sap,ti - sap-,pj/autônomo,0,1,1,0
,ensino superior completo,intermediário,sênior,ensino superior completo,nenhum,ti - sap,ti - arquitetura-,pj/autônomo,0,1,0,0
,,,júnior,ensino técnico completo,nenhum,,ti - suporte-,cooperado,0,0,0,0
,ensino superior completo,intermediário,analista,ensino superior completo,básico,ti - desenvolvimento/mobile,gestão e alocação de recursos de ti-,clt full,0,1,0,0
,ensino superior cursando,básico,júnior,ensino superior cursando,intermediário,"administrativa, recursos humanos",ti - projetos-,clt full,0,1,0,0
,pós graduação completo,avançado,sênior,ensino superior completo,básico,ti - desenvolvimento/programação,ti - projetos-,clt full,0,0,0,0
,ensino superior cursando,intermediário,sênior,ensino superior completo,fluente,ti - sap,ti - sap-,"pj/autônomo, clt full",0,0,0,0
,,,sênior,ensino superior completo,nenhum,,ti - sap-,pj/autônomo,0,0,0,0
,pós graduação completo,avançado,sênior,ensino superior cursando,nenhum,ti - segurança da informação,ti - projetos-,hunting,0,0,0,0
,,,líder,ensino superior completo,fluente,,gestão e alocação de recursos de ti-,clt cotas,0,0,0,0
,,,sênior,ensino superior completo,básico,,ti - projetos-,"pj/autônomo, clt full",0,0,0,0
,pós graduação completo,fluente,sênior,ensino superior completo,avançado,ti - sap,ti - sap-,pj/autônomo,0,0,0,0
,pós graduação cursando,intermediário,pleno,ensino superior completo,intermediário,ti - desenvolvimento/programação,ti - projetos-,hunting,0,0,1,0
,,,sênior,ensino superior completo,avançado,,ti - sap-,pj/autônomo,0,0,0,0
,,,sênior,ensino superior completo,básico,,ti - sap-,"clt full, pj/autônomo",0,0,0,0
,,,analista,ensino superior completo,básico,,ti - sap-,pj/autônomo,0,0,0,0
,,,sênior,ensino médio completo,avançado,,gestão e alocação de recursos de ti-,pj/autônomo,0,0,0,0
,,,analista,ensino superior completo,básico,,ti - sap-,"clt full, pj/autônomo",0,0,0,0
,,,sênior,ensino médio completo,nenhum,,ti - infraestrutura-,cooperado,0,0,0,0
,,,pleno,ensino superior completo,nenhum,,ti - desenvolvimento/programação-,,0,0,0,0
,pós graduação completo,intermediário,analista,ensino superior completo,básico,"administrativa, comercial, financeira/controladoria, jurídica, marketing, novos negócios e parcerias, qualidade corporativa",ti - projetos-,"clt full, pj/autônomo",0,0,0,0
,pós graduação completo,avançado,sênior,ensino superior completo,avançado,"ti - banco de dados, ti - desenvolvimento/design, ti - desenvolvimento/mobile, ti - desenvolvimento/programação, ti - governança, ti - processos e negócios, ti - projetos, ti - qualidade/testes, ti - sistemas e ferramentas, ti - suporte, ti - ux",ti - projetos-,pj/autônomo,0,0,1,0
,ensino superior completo,intermediário,pleno,ensino superior cursando,nenhum,ti - processos e negócios,ti - sistemas e ferramentas-,clt full,0,0,0,0
,ensino superior completo,intermediário,sênior,ensino médio completo,técnico,ti - projetos,gestão e alocação de recursos de ti-,pj/autônomo,0,0,0,0
,ensino superior completo,intermediário,analista,ensino superior completo,básico,ti - banco de dados,ti - banco de dados-,clt full,0,1,0,0
,,,pleno,ensino técnico completo,nenhum,,gestão e alocação de recursos de ti-,pj/autônomo,0,0,0,0
,,,analista,ensino superior completo,básico,,ti - sap-,pj/autônomo,0,0,0,0
,,,sênior,ensino superior completo,intermediário,,ti - projetos-,pj/autônomo,0,0,0,0
,,,analista,ensino médio completo,básico,,ti - projetos-,"pj/autônomo, clt full",0,0,0,0
,,,analista,ensino superior completo,básico,,ti - projetos-,"pj/autônomo, clt full",0,0,0,0
,,,analista,ensino superior completo,avançado,,ti - projetos-,pj/autônomo,0,0,0,0
,,,sênior,ensino superior completo,intermediário,,ti - sap-,,0,0,0,0
,,,analista,ensino superior completo,avançado,,ti - sap-,pj/autônomo,0,0,0,0
,,,analista,ensino superior completo,fluente,,ti - projetos-,"clt full, pj/autônomo",0,0,0,0
,,,sênior,ensino médio completo,avançado,,gestão e alocação de recursos de ti-,pj/autônomo,0,0,0,0
,,,sênior,ensino superior completo,nenhum,,ti - sap-,clt cotas,0,0,0,0
,,,analista,ensino superior completo,avançado,,ti - sap-,clt full,0,0,0,0
,,,sênior,ensino superior completo,avançado,,ti - projetos-,pj/autônomo,0,0,0,0
,ensino superior completo,avançado,sênior,ensino médio completo,fluente,ti - qualidade/testes,gestão e alocação de recursos de ti-,pj/autônomo,0,0,0,0
,pós graduação completo,fluente,analista,ensino superior completo,básico,"ti - arquitetura, ti - desenvolvimento/design, ti - desenvolvimento/mobile, ti - desenvolvimento/programação, ti - processos e negócios, ti - projetos, ti - qualidade/testes, ti - sistemas e ferramentas",ti - projetos-,"pj/autônomo, clt full",0,0,0,0
,ensino superior cursando,intermediário,pleno,ensino superior completo,fluente,"ti - infraestrutura, ti - suporte",ti - suporte-,clt full,0,0,0,0
,,,pleno,ensino superior completo,intermediário,,ti - projetos-,clt full,0,0,0,0
,,,analista,ensino superior completo,intermediário,,ti - projetos-,hunting,0,0,0,0
,,,pleno,ensino superior completo,nenhum,,ti - desenvolvimento/programação-,hunting,0,0,0,0
,,,sênior,ensino superior completo,fluente,,ti - desenvolvimento/programação-,hunting,0,0,0,0
,,,pleno,ensino superior completo,avançado,,ti - projetos-,pj/autônomo,0,0,0,0
,,,sênior,ensino superior completo,básico,,ti - projetos-,hunting,0,0,0,0
,ensino superior completo,intermediário,analista,ensino superior completo,fluente,ti - sap,ti - projetos-,"pj/autônomo, clt full",0,1,0,0
,,,analista,ensino superior completo,básico,,ti - sap-,cooperado,0,0,0,0
,,,pleno,ensino superior cursando,avançado,,gestão e alocação de recursos de ti-,pj/autônomo,0,0,0,0
,,,pleno,ensino técnico completo,nenhum,,gestão e alocação de recursos de ti-ti - desenvolvimento/programação-,pj/autônomo,0,0,0,0
,,,analista,ensino superior completo,nenhum,,ti - desenvolvimento/programação-,clt full,0,0,0,0
,,,sênior,ensino superior completo,avançado,,ti - sap-,"clt full, pj/autônomo",0,0,0,0
,,,analista,ensino superior completo,intermediário,,ti - projetos-,"clt full, pj/autônomo",0,0,0,0
,,,analista,ensino superior completo,básico,,ti - sap-,"pj/autônomo, clt full",0,0,0,0
,ensino superior completo,básico,analista,ensino superior completo,básico,ti - suporte,ti - projetos-,"clt full, pj/autônomo",0,1,1,0
,,,analista,ensino superior completo,básico,,ti - projetos-,hunting,0,0,0,0
,,,sênior,ensino médio completo,nenhum,,gestão e alocação de recursos de ti-,cooperado,0,0,0,0
,,,sênior,ensino superior completo,fluente,,ti - projetos-,"clt full, pj/autônomo",0,0,0,0
,ensino superior completo,intermediário,sênior,ensino superior completo,básico,ti - desenvolvimento/programação,ti - projetos-,"pj/autônomo, clt full",0,1,0,0
,,,analista,ensino superior completo,básico,,ti - projetos-,"pj/autônomo, clt full",0,0,0,0
,,,sênior,ensino superior completo,nenhum,,gestão e alocação de recursos de ti-,clt full,0,0,0,0
,,,pleno,ensino técnico completo,nenhum,,gestão e alocação de recursos de ti-,pj/autônomo,0,0,0,0
,,,analista,ensino superior completo,avançado,,ti - projetos-,"pj/autônomo, clt full",0,0,0,0
,,,sênior,ensino superior completo,básico,,ti - projetos-,"pj/autônomo, clt cotas",0,0,0,0
,,,sênior,ensino superior completo,nenhum,,gestão e alocação de recursos de ti-ti - sap-,pj/autônomo,0,0,0,0
,,,analista,ensino superior completo,básico,,ti - projetos-,"clt full, pj/autônomo",0,0,0,0
,,,analista,ensino superior completo,básico,,ti - sap-,clt full,0,0,0,0
,,,sênior,ensino médio completo,nenhum,,gestão e alocação de recursos de ti-,cooperado,0,0,0,0
,,,sênior,ensino superior completo,avançado,,ti - projetos-,hunting,0,0,0,0
,pós graduação completo,avançado,pleno,ensino técnico completo,nenhum,"ti - desenvolvimento/programação, ti - processos e negócios, ti - segurança da informação, ti - sistemas e ferramentas",gestão e alocação de recursos de ti-,pj/autônomo,0,0,0,0
,,,júnior,ensino superior completo,básico,,ti - suporte-,hunting,0,0,0,0
,,,pleno,ensino superior completo,intermediário,,ti - projetos-,pj/autônomo,0,0,0,0
,ensino superior completo,intermediário,sênior,ensino técnico completo,nenhum,ti - desenvolvimento/programação,administrativa-,cooperado,0,0,0,0
,,,sênior,ensino superior completo,nenhum,,ti - qualidade/testes-,clt full,0,0,0,0
,,,sênior,ensino médio completo,nenhum,,administrativa-,cooperado,0,0,0,0
,,,analista,ensino superior completo,básico,,ti - sap-,pj/autônomo,0,0,0,0
,,,sênior,ensino superior completo,avançado,,ti - sap-,pj/autônomo,0,0,0,0
,ensino técnico completo,intermediário,pleno,ensino superior completo,nenhum,"marketing, ti - desenvolvimento/design, ti - desenvolvimento/programação, ti - infraestrutura, ti - sistemas e ferramentas, ti - suporte",ti - desenvolvimento/programação-,,0,0,0,0
,,,analista,ensino superior completo,básico,,ti - projetos-,"clt full, pj/autônomo",0,0,0,0
,,,sênior,ensino superior completo,nenhum,,ti - projetos-,pj/autônomo,0,0,0,0
,,,analista,ensino superior completo,intermediário,,ti - projetos-,"clt full, pj/autônomo",0,0,0,0
,,,sênior,ensino superior completo,nenhum,,gestão e alocação de recursos de ti-ti - sap-,pj/autônomo,0,0,0,0
,ensino superior cursando,avançado,júnior,ensino superior cursando,fluente,ti - suporte,ti - suporte-,,0,1,0,0
,ensino técnico completo,,sênior,ensino superior completo,intermediário,,ti - desenvolvimento/programação-,,0,0,0,0
,,,gerente,ensino superior completo,básico,,ti - projetos-,pj/autônomo,0,0,0,0
sênior,,,pleno,ensino técnico completo,nenhum,,gestão e alocação de recursos de ti-,pj/autônomo,0,0,0,0
,ensino superior completo,avançado,analista,ensino superior completo,básico,ti - sap,ti - sap-,pj/autônomo,0,1,0,0
,ensino superior completo,avançado,sênior,ensino superior completo,fluente,ti - sap,ti - sap-,pj/autônomo,0,1,0,0
,ensino superior cursando,intermediário,supervisor,ensino médio completo,intermediário,ti - desenvolvimento/programação,ti - projetos-,pj/autônomo,0,0,1,0
,,,analista,ensino superior completo,básico,,ti - sap-,pj/autônomo,0,0,0,0
,,,sênior,ensino superior completo,nenhum,,gestão e alocação de recursos de ti-ti - sap-,pj/autônomo,0,0,0,0
,pós graduação completo,intermediário,analista,ensino superior completo,básico,ti - projetos,ti - projetos-,"clt full, pj/autônomo",0,0,0,0
,,,gerente,mestrado completo,avançado,,ti - projetos-,hunting,0,0,0,0
,ensino superior completo,avançado,sênior,ensino superior completo,fluente,ti - desenvolvimento/programação,gestão e alocação de recursos de ti-,pj/autônomo,0,1,0,0
,ensino fundamental completo,básico,sênior,ensino superior completo,básico,ti - sap,ti - sap-,pj/autônomo,0,0,1,0
,,,sênior,ensino médio completo,avançado,,financeira/controladoria-,pj/autônomo,0,0,0,0
,ensino superior completo,básico,sênior,ensino superior completo,nenhum,financeira/controladoria,ti - projetos-,clt full,0,1,0,0
,,,analista,ensino superior completo,intermediário,,ti - projetos-,"clt full, pj/autônomo",0,0,0,0
,,,pleno,ensino médio completo,básico,,financeira/controladoria-,clt full,0,0,0,0
,,,analista,ensino superior completo,básico,,ti - projetos-,clt full,0,0,0,0
,,,pleno,ensino superior completo,avançado,,ti - projetos-,pj/autônomo,0,0,0,0
,,,analista,ensino superior completo,básico,,ti - projetos-,"clt full, pj/autônomo",0,0,0,0
,,,pleno,ensino superior completo,avançado,,ti - projetos-,hunting,0,0,0,0
,,,sênior,ensino médio completo,avançado,,ti - projetos-,pj/autônomo,0,0,0,0
,,,analista,ensino superior completo,básico,,ti - projetos-,"clt full, pj/autônomo",0,0,0,0
,mestrado completo,intermediário,sênior,ensino superior completo,fluente,administrativa,ti - projetos-,hunting,0,0,0,0
,,,sênior,ensino técnico completo,nenhum,,ti - governança-,clt full,0,0,0,0
,,,pleno,ensino superior completo,básico,,ti - projetos-,"pj/autônomo, cooperado",0,0,0,0
,ensino superior completo,avançado,pleno,ensino técnico completo,nenhum,ti - sap,gestão e alocação de recursos de ti-,pj/autônomo,0,0,0,0
,,,pleno,ensino superior cursando,intermediário,,ti - sistemas e ferramentas-,pj/autônomo,0,0,0,0
,,,sênior,pós graduação completo,nenhum,,gestão e alocação de recursos de ti-ti - sap-,pj/autônomo,0,0,0,0
,ensino superior completo,avançado,sênior,ensino superior completo,nenhum,ti - sap,ti - sap-,pj/autônomo,0,1,0,0
,,,analista,ensino superior completo,básico,,ti - projetos-,pj/autônomo,0,0,0,0
,,,analista,ensino superior cursando,básico,,ti - sap-,pj/autônomo,0,0,0,0
,,,sênior,ensino médio completo,nenhum,,administrativa-,cooperado,0,0,0,0
,,,pleno,ensino superior completo,intermediário,,gestão e alocação de recursos de ti-,clt full,0,0,0,0
,pós graduação completo,avançado,sênior,ensino superior completo,avançado,ti - sistemas e ferramentas,ti - projetos-,pj/autônomo,0,0,1,0
,,,analista,ensino superior completo,básico,,recursos humanos-,clt cotas,0,0,0,0
,,,pleno,ensino superior completo,básico,,ti - qualidade/testes-ti - sap-,pj/autônomo,0,0,0,0
,,,sênior,ensino médio completo,técnico,,ti - sap-,pj/autônomo,0,0,0,0
,,,analista,pós graduação completo,básico,,ti - projetos-,"pj/autônomo, cooperado",0,0,0,0
,pós graduação completo,intermediário,sênior,ensino médio completo,nenhum,ti - desenvolvimento/programação,administrativa-,pj/autônomo,0,0,0,0
,pós graduação completo,intermediário,pleno,ensino superior completo,intermediário,ti - desenvolvimento/programação,ti - projetos-,pj/autônomo,0,0,1,0
,,,pleno,ensino técnico completo,nenhum,,gestão e alocação de recursos de ti-,pj/autônomo,0,0,0,0
,ensino superior completo,básico,pleno,ensino superior completo,básico,ti - sap,ti - projetos-,pj/autônomo,0,1,1,0
,,,analista,ensino superior completo,básico,,ti - sap-,pj/autônomo,0,0,0,0
,,,sênior,ensino superior completo,básico,,ti - projetos-,"pj/autônomo, clt cotas, clt full",0,0,0,0
,ensino superior completo,intermediário,sênior,ensino médio completo,técnico,ti - sap,ti - sap-,pj/autônomo,0,0,0,0
,ensino superior cursando,avançado,analista,ensino superior completo,básico,ti - sistemas e ferramentas,ti - projetos-,"pj/autônomo, clt full",0,0,0,0
,,,sênior,ensino superior completo,fluente,,ti - sap-,pj/autônomo,0,0,0,0
,,,sênior,ensino médio completo,fluente,,ti - projetos-,hunting,0,0,0,0
,,,analista,ensino superior completo,básico,,ti - projetos-,"clt full, pj/autônomo",0,0,0,0
,,,analista,ensino superior completo,intermediário,,ti - processos e negócios-,clt cotas,0,0,0,0
,,,analista,ensino superior completo,básico,,ti - projetos-,"clt full, pj/autônomo",0,0,0,0
,,,analista,ensino superior completo,nenhum,,administrativa-,clt full,0,0,0,0
,ensino superior completo,básico,analista,ensino superior completo,básico,ti - telecom,ti - projetos-,"cooperado, pj/autônomo",0,1,1,0
,pós graduação completo,intermediário,gerente,ensino superior completo,avançado,"ti - desenvolvimento/programação, ti - infraestrutura, ti - processos e negócios, ti - projetos, ti - sistemas e ferramentas, ti - telecom",ti - projetos-,"pj/autônomo, cooperado",0,0,0,0
,ensino superior completo,básico,júnior,ensino superior completo,nenhum,recursos humanos,administrativa-,cooperado,0,1,0,0
,,,analista,ensino superior completo,intermediário,,recursos humanos-,clt full,0,0,0,0
,pós graduação completo,intermediário,sênior,ensino superior completo,avançado,ti - sap,ti - sap-,pj/autônomo,0,0,0,0
,,,sênior,ensino médio completo,avançado,,gestão e alocação de recursos de ti-,pj/autônomo,0,0,0,0
,,,pleno,ensino técnico completo,nenhum,,gestão e alocação de recursos de ti-,pj/autônomo,0,0,0,0
,ensino superior completo,,sênior,ensino superior completo,fluente,,ti - sap-,"pj/autônomo, clt full",0,1,0,0
,,,pleno,ensino técnico completo,nenhum,,gestão e alocação de recursos de ti-,pj/autônomo,0,0,0,0
,ensino superior completo,avançado,analista,ensino superior completo,básico,"ti - desenvolvimento/design, ti - governança, ti - processos e negócios, ti - projetos, ti - qualidade/testes",ti - desenvolvimento/programação-,clt full,0,1,0,0
,,,sênior,ensino superior completo,avançado,,ti - desenvolvimento/programação-,pj/autônomo,0,0,0,0
,,,analista,ensino superior cursando,básico,,ti - desenvolvimento/programação-,clt full,0,0,0,0
,,,pleno,ensino técnico completo,nenhum,,gestão e alocação de recursos de ti-,pj/autônomo,0,0,0,0
,,,analista,ensino superior completo,fluente,,ti - desenvolvimento/programação-,clt cotas,0,0,0,0
,,,sênior,ensino superior completo,avançado,,ti - sap-,pj/autônomo,0,0,0,0
,ensino superior completo,nenhum,assistente,ensino médio completo,nenhum,"administrativa, recursos humanos",ti - projetos-,clt full,0,0,1,0
,,,sênior,ensino superior completo,avançado,,ti - projetos-,pj/autônomo,0,0,0,0
,,,pleno,ensino médio completo,fluente,,gestão e alocação de recursos de ti-,pj/autônomo,0,0,0,0
,,,analista,ensino superior completo,básico,,ti - projetos-,"cooperado, pj/autônomo",0,0,0,0
,ensino superior completo,básico,analista,ensino superior completo,básico,administrativa,ti - projetos-,"clt full, pj/autônomo",0,1,1,0
,,,sênior,ensino superior completo,avançado,,ti - infraestrutura-,cooperado,0,0,0,0
,,,sênior,ensino superior completo,intermediário,,ti - desenvolvimento/mobile-,hunting,0,0,0,0
,,,analista,ensino superior completo,básico,,ti - sap-,hunting,0,0,0,0
,,,sênior,ensino superior completo,nenhum,,gestão e alocação de recursos de ti-ti - sap-,pj/autônomo,0,0,0,0
,,,sênior,ensino superior completo,avançado,,ti - projetos-,pj/autônomo,0,0,0,0
,ensino superior completo,intermediário,sênior,ensino médio completo,nenhum,ti - desenvolvimento/programação,administrativa-,pj/autônomo,0,0,0,0
,,,sênior,ensino superior completo,nenhum,,gestão e alocação de recursos de ti-ti - sap-,pj/autônomo,0,0,0,0
,,,analista,ensino superior completo,básico,,ti - projetos-,"clt full, pj/autônomo",0,0,0,0
,ensino superior completo,avançado,analista,ensino superior completo,básico,comercial,ti - projetos-,,0,1,0,0
,,,analista,ensino superior completo,básico,,ti - projetos-,"clt full, pj/autônomo",0,0,0,0
,,,sênior,ensino médio completo,fluente,,gestão e alocação de recursos de ti-,pj/autônomo,0,0,0,0
,,,sênior,ensino superior completo,avançado,,ti - sap-,hunting,0,0,0,0
,ensino superior completo,básico,analista,ensino superior completo,intermediário,"ti - infraestrutura, ti - suporte",ti - projetos-,clt full,0,1,0,0
,,,analista,ensino superior completo,básico,,ti - projetos-,"clt full, pj/autônomo",0,0,0,0
,,,sênior,ensino superior completo,intermediário,,ti - sap-,,0,0,0,0
,,,analista,ensino superior completo,básico,,ti - sap-,"clt full, pj/autônomo",0,0,0,0
,,,sênior,ensino superior completo,avançado,,ti - projetos-,pj/autônomo,0,0,0,0
,,,analista,ensino superior completo,básico,,ti - projetos-,clt full,0,0,0,0
,ensino superior completo,básico,analista,ensino superior completo,básico,ti - infraestrutura,ti - suporte-,"clt full, pj/autônomo",0,1,1,0
,,,sênior,ensino médio completo,nenhum,,administrativa-,,0,0,0,0
,,,sênior,ensino superior completo,nenhum,,ti - sap-,pj/autônomo,0,0,0,0
,,,sênior,ensino superior completo,nenhum,,ti - projetos-,pj/autônomo,0,0,0,0
,ensino superior cursando,intermediário,sênior,ensino médio completo,fluente,ti - desenvolvimento/programação,administrativa-,hunting,0,0,0,0
,,,analista,ensino superior completo,básico,,ti - sap-,pj/autônomo,0,0,0,0
,,,sênior,ensino superior cursando,básico,,ti - sap-,,0,0,0,0
,pós graduação completo,avançado,sênior,ensino superior completo,avançado,"ti - governança, ti - infraestrutura, ti - projetos, ti - segurança da informação, ti - sistemas e ferramentas, ti - suporte, ti - telecom",ti - projetos-,pj/autônomo,0,0,1,0
,,,sênior,ensino superior completo,avançado,,ti - projetos-,pj/autônomo,0,0,0,0
,,,analista,ensino superior completo,básico,,ti - projetos-,"clt full, pj/autônomo",0,0,0,0
,doutorado incompleto,avançado,analista,ensino superior completo,intermediário,"novos negócios e parcerias, ti - processos e negócios, ti - projetos",ti - projetos-,"clt full, pj/autônomo",0,0,0,0
,,,sênior,ensino superior completo,nenhum,,ti - sap-,"pj/autônomo, cooperado",0,0,0,0
,,,sênior,ensino superior completo,básico,,ti - sap-,pj/autônomo,0,0,0,0
,,,pleno,ensino técnico completo,nenhum,,gestão e alocação de recursos de ti-,hunting,0,0,0,0
,,,analista,ensino superior completo,básico,,ti - projetos-,"clt full, pj/autônomo",0,0,0,0
,,,sênior,ensino médio completo,fluente,,ti - projetos-,pj/autônomo,0,0,0,0
,,,analista,ensino superior cursando,básico,,ti - suporte-,"clt full, clt cotas, pj/autônomo",0,0,0,0
,,,analista,ensino superior completo,básico,,ti - projetos-,"clt full, pj/autônomo",0,0,0,0
,,,pleno,ensino médio completo,nenhum,,ti - suporte-,cooperado,0,0,0,0
,,,sênior,ensino superior completo,básico,,ti - sap-,"pj/autônomo, cooperado",0,0,0,0
,,,pleno,ensino técnico completo,nenhum,,gestão e alocação de recursos de ti-,pj/autônomo,0,0,0,0
,ensino superior completo,básico,analista,ensino superior completo,básico,ti - desenvolvimento/programação,ti - desenvolvimento/programação-,clt full,0,1,1,0
,,,sênior,ensino médio completo,nenhum,,financeira/controladoria-ti - projetos-,cooperado,0,0,0,0
,,,júnior,ensino superior completo,básico,,ti - projetos-,"clt full, pj/autônomo",0,0,0,0
,pós graduação cursando,fluente,pleno,ensino superior completo,avançado,ti - segurança da informação,gestão e alocação de recursos de ti-,pj/autônomo,0,0,0,0
,,,pleno,ensino técnico completo,nenhum,,gestão e alocação de recursos de ti-,hunting,0,0,0,0
,ensino superior completo,avançado,analista,ensino superior completo,básico,ti - sistemas e ferramentas,ti - projetos-,"clt full, pj/autônomo",0,1,0,0
,,,analista,ensino superior completo,básico,,ti - projetos-,"clt full, pj/autônomo",0,0,0,0
,,,pleno,ensino superior completo,nenhum,,gestão e alocação de recursos de ti-,pj/autônomo,0,0,0,0
,,,analista,ensino superior completo,básico,,ti - projetos-,"pj/autônomo, clt full",0,0,0,0
,,,sênior,ensino superior cursando,básico,,ti - desenvolvimento/programação-,"clt full, pj/autônomo",0,0,0,0
,,,sênior,ensino superior completo,fluente,,ti - sap-,pj/autônomo,0,0,0,0
,,,pleno,ensino técnico completo,nenhum,,gestão e alocação de recursos de ti-,pj/autônomo,0,0,0,0
,,,sênior,ensino superior completo,avançado,,ti - arquitetura-ti - banco de dados-ti - infraestrutura-ti - sistemas e ferramentas-,pj/autônomo,0,0,0,0
,ensino superior completo,básico,sênior,ensino superior completo,avançado,"administrativa, financeira/controladoria, ti - governança, ti - processos e negócios, ti - projetos, ti - sap, ti - segurança da informação",ti - sistemas e ferramentas-,clt full,0,1,0,0
,ensino superior completo,,sênior,ensino superior completo,nenhum,,ti - infraestrutura-,cooperado,0,1,0,0
,,,líder,ensino superior completo,fluente,,ti - projetos-ti - sap-,hunting,0,0,0,0
,,,analista,ensino superior completo,básico,,ti - projetos-,"pj/autônomo, clt full",0,0,0,0
,ensino superior completo,básico,júnior,ensino superior incompleto,nenhum,ti - desenvolvimento/programação,ti - desenvolvimento/programação-,hunting,0,0,0,0
,pós graduação cursando,intermediário,pleno,ensino técnico completo,nenhum,administrativa,gestão e alocação de recursos de ti-,hunting,0,0,0,0
,pós graduação completo,básico,sênior,ensino superior completo,básico,ti - banco de dados,ti - projetos-,"pj/autônomo, clt full",0,0,1,0
,ensino superior cursando,intermediário,sênior,ensino superior completo,intermediário,recursos humanos,recursos humanos-,hunting,0,0,1,0
,pós graduação completo,avançado,gerente,ensino superior completo,avançado,ti - infraestrutura,ti - infraestrutura-ti - projetos-,pj/autônomo,0,0,1,0
,,,sênior,ensino superior completo,básico,,ti - projetos-,"clt full, pj/autônomo",0,0,0,0
,,,pleno,ensino superior completo,nenhum,,ti - desenvolvimento/programação-,clt full,0,0,0,0
,,,sênior,ensino superior completo,intermediário,,ti - sistemas e ferramentas-,,0,0,0,0
,,,sênior,ensino médio completo,nenhum,,administrativa-,cooperado,0,0,0,0
,ensino superior completo,básico,sênior,ensino superior completo,fluente,ti - desenvolvimento/programação,ti - desenvolvimento/programação-,hunting,0,1,0,0
,ensino superior completo,intermediário,especialista,ensino superior completo,técnico,ti - sap,ti - sap-,clt full,0,1,0,0
,ensino superior completo,avançado,pleno,ensino superior completo,nenhum,ti - desenvolvimento/programação,ti - desenvolvimento/programação-,hunting,0,1,0,0
,,,analista,ensino superior completo,básico,,ti - desenvolvimento/programação-,clt full,0,0,0,0
,,,sênior,ensino superior incompleto,nenhum,,gestão e alocação de recursos de ti-,pj/autônomo,0,0,0,0
,,,sênior,ensino superior completo,nenhum,,ti - sap-,pj/autônomo,0,0,0,0
,,,sênior,ensino superior incompleto,fluente,,ti - infraestrutura-,hunting,0,0,0,0
,ensino superior cursando,nenhum,júnior,ensino superior incompleto,básico,administrativa,financeira/controladoria-,clt full,0,0,0,0
,,,sênior,ensino técnico completo,nenhum,,gestão e alocação de recursos de ti-,pj/autônomo,0,0,0,0
,,,analista,ensino superior completo,avançado,,ti - sap-,pj/autônomo,0,0,0,0
,,,analista,ensino superior completo,avançado,,ti - desenvolvimento/programação-,clt full,0,0,0,0
,,,sênior,ensino superior completo,fluente,,ti - projetos-,pj/autônomo,0,0,0,0
,,,analista,ensino superior completo,intermediário,,ti - projetos-,"clt full, pj/autônomo",0,0,0,0
,,,especialista,ensino superior completo,básico,,ti - projetos-,hunting,0,0,0,0
,ensino superior completo,básico,analista,ensino superior completo,básico,ti - processos e negócios,ti - projetos-,"pj/autônomo, clt full",0,1,1,0
,pós graduação incompleto,básico,especialista,ensino superior completo,básico,ti - desenvolvimento/programação,ti - projetos-,"clt full, pj/autônomo",0,0,1,0
,,,sênior,ensino superior completo,fluente,,ti - projetos-,pj/autônomo,0,0,0,0
,,,sênior,ensino superior completo,intermediário,,ti - projetos-,hunting,0,0,0,0
,,,analista,ensino superior completo,básico,,ti - desenvolvimento/programação-,clt full,0,0,0,0
,,,pleno,ensino superior completo,nenhum,,ti - projetos-,hunting,0,0,0,0
,,,analista,ensino superior completo,fluente,,ti - sap-,clt full,0,0,0,0
,pós graduação incompleto,intermediário,pleno,ensino técnico completo,nenhum,"ti - banco de dados, ti - sap",gestão e alocação de recursos de ti-,pj/autônomo,0,0,0,0
,,,sênior,ensino superior completo,fluente,,ti - sap-,"clt full, pj/autônomo",0,0,0,0
,,,sênior,ensino superior completo,básico,,ti - sistemas e ferramentas-,pj/autônomo,0,0,0,0
,pós graduação cursando,básico,sênior,ensino superior completo,básico,ti - desenvolvimento/programação,ti - desenvolvimento/programação-,hunting,0,0,1,0
,ensino fundamental completo,avançado,analista,ensino superior completo,avançado,financeira/controladoria,ti - projetos-,"pj/autônomo, clt full",0,0,1,0
,ensino técnico completo,básico,sênior,ensino superior cursando,fluente,"marketing, novos negócios e parcerias, qualidade corporativa, relacionamento técnico, ti - arquitetura, ti - desenvolvimento/programação, ti - infraestrutura, ti - processos e negócios, ti - projetos, ti - segurança da informação, ti - sistemas e ferramentas, ti - suporte, ti - telecom",ti - projetos-,pj/autônomo,0,0,0,0
,ensino técnico completo,básico,auxiliar,ensino médio completo,nenhum,"administrativa, ti - segurança da informação, ti - suporte",ti - projetos-,clt full,0,0,0,0
,,,sênior,ensino superior completo,nenhum,,ti - projetos-,pj/autônomo,0,0,0,0
,ensino superior completo,avançado,sênior,ensino superior completo,intermediário,comercial,ti - projetos-,clt full,0,1,0,0
,,,pleno,ensino superior completo,intermediário,,ti - suporte-,clt full,0,0,0,0
,,,analista,ensino superior completo,básico,,ti - projetos-,"clt full, pj/autônomo",0,0,0,0
,,,sênior,ensino superior completo,nenhum,,ti - arquitetura-,clt full,0,0,0,0
,,,sênior,ensino superior completo,básico,,ti - projetos-,pj/autônomo,0,0,0,0
,,,pleno,ensino técnico completo,nenhum,,gestão e alocação de recursos de ti-,pj/autônomo,0,0,0,0
,ensino superior completo,intermediário,pleno,ensino técnico completo,nenhum,ti - sap,gestão e alocação de recursos de ti-,pj/autônomo,0,0,0,0
,pós graduação completo,intermediário,analista,ensino superior completo,básico,ti - sap,ti - sap-,clt full,0,0,0,0
,,,analista,ensino superior completo,avançado,,ti - projetos-,pj/autônomo,0,0,0,0
,,,analista,ensino superior completo,básico,,ti - sap-,clt full,0,0,0,0
,,,sênior,ensino superior completo,nenhum,,ti - sap-,pj/autônomo,0,0,0,0
,,,especialista,pós graduação completo,nenhum,,gestão e alocação de recursos de ti-ti - sap-,pj/autônomo,0,0,0,0
,ensino superior completo,básico,analista,ensino superior completo,básico,ti - projetos,ti - projetos-,clt full,0,1,1,0
,,,sênior,ensino superior completo,básico,,ti - sap-,pj/autônomo,0,0,0,0
,pós graduação completo,avançado,pleno,ensino médio completo,nenhum,ti - arquitetura,comercial-,cooperado,0,0,0,0
,pós graduação completo,avançado,sênior,ensino médio completo,nenhum,ti - projetos,financeira/controladoria-ti - desenvolvimento/programação-ti - projetos-,cooperado,0,0,0,0
,,,sênior,ensino superior completo,nenhum,,ti - sap-,clt full,0,0,0,0
sênior,pós graduação incompleto,intermediário,pleno,ensino médio completo,nenhum,ti - arquitetura,comercial-,cooperado,0,0,0,0
,,,analista,ensino médio completo,básico,,ti - projetos-,hunting,0,0,0,0
,,,sênior,ensino superior completo,intermediário,,ti - arquitetura-,hunting,0,0,0,0
,,,sênior,ensino superior completo,avançado,,ti - projetos-,pj/autônomo,0,0,0,0
,,,analista,ensino superior completo,fluente,,ti - sap-,"pj/autônomo, clt full",0,0,0,0
,ensino superior cursando,intermediário,auxiliar,ensino médio completo,nenhum,administrativa,ti - projetos-,clt full,0,0,0,0
,,,sênior,ensino médio completo,fluente,,gestão e alocação de recursos de ti-,pj/autônomo,0,0,0,0
,,,sênior,ensino superior completo,nenhum,,ti - sap-,"cooperado, pj/autônomo",0,0,0,0
,ensino superior completo,básico,pleno,ensino superior completo,nenhum,ti - qualidade/testes,ti - projetos-,pj/autônomo,0,1,0,0
,pós graduação completo,intermediário,sênior,ensino superior completo,básico,"ti - processos e negócios, ti - projetos, ti - qualidade/testes",ti - suporte-,clt full,0,0,0,0
,,,analista,ensino superior completo,básico,,ti - projetos-,"pj/autônomo, clt full",0,0,0,0
,,,analista,ensino superior completo,básico,,ti - suporte-,"clt full, pj/autônomo",0,0,0,0
,ensino superior completo,intermediário,analista,ensino superior completo,básico,ti - banco de dados,ti - banco de dados-,clt full,0,1,0,0
,ensino superior completo,avançado,supervisor,ensino superior completo,avançado,ti - desenvolvimento/programação,ti - sistemas e ferramentas-,pj/autônomo,0,1,1,0
,,,sênior,ensino médio completo,nenhum,,administrativa-,pj/autônomo,0,0,0,0
,pós graduação cursando,básico,analista,ensino médio completo,básico,"administrativa, financeira/controladoria, recursos humanos",ti - projetos-,"pj/autônomo, clt full",0,0,1,0
,,,sênior,ensino superior completo,avançado,,ti - projetos-,hunting,0,0,0,0
,,,analista,ensino superior completo,básico,,recursos humanos-,clt full,0,0,0,0
,,,sênior,ensino superior completo,básico,,ti - projetos-,pj/autônomo,0,0,0,0
,ensino superior cursando,básico,analista,ensino superior completo,básico,ti - infraestrutura,ti - projetos-,"pj/autônomo, clt full",0,0,1,0
,,,sênior,ensino superior completo,básico,,ti - projetos-,hunting,0,0,0,0
,,,pleno,ensino superior completo,avançado,,ti - projetos-,hunting,0,0,0,0
,,,especialista,ensino superior completo,básico,,gestão e alocação de recursos de ti-ti - projetos-,hunting,0,0,0,0
,,,sênior,ensino superior completo,avançado,,ti - sap-,pj/autônomo,0,0,0,0
,pós graduação completo,intermediário,analista,ensino superior completo,básico,ti - projetos,ti - projetos-,clt full,0,0,0,0
,,,analista,ensino superior completo,fluente,,ti - sap-,"clt full, pj/autônomo",0,0,0,0
,ensino superior completo,intermediário,sênior,ensino superior completo,nenhum,ti - sap,ti - sap-,pj/autônomo,0,1,0,0
,,,sênior,ensino médio completo,avançado,,ti - projetos-,pj/autônomo,0,0,0,0
,,,pleno,ensino técnico completo,nenhum,,gestão e alocação de recursos de ti-,pj/autônomo,0,0,0,0
,,,sênior,ensino superior completo,intermediário,,ti - sistemas e ferramentas-,,0,0,0,0
,,,analista,ensino superior completo,básico,,ti - projetos-,"pj/autônomo, clt full",0,0,0,0
,,,analista,ensino superior completo,intermediário,,ti - sap-,pj/autônomo,0,0,0,0
,,,sênior,ensino superior completo,básico,,ti - sap-,pj/autônomo,0,0,0,0
,,,analista,ensino superior completo,básico,,ti - projetos-,"clt full, pj/autônomo",0,0,0,0
,ensino superior cursando,intermediário,sênior,ensino superior completo,nenhum,"ti - arquitetura, ti - banco de dados, ti - desenvolvimento/design, ti - desenvolvimento/mobile, ti - desenvolvimento/programação, ti - governança, ti - infraestrutura, ti - processos e negócios, ti - projetos, ti - qualidade/testes, ti - segurança da informação, ti - sistemas e ferramentas, ti - suporte, ti - telecom, ti - ux",ti - projetos-,pj/autônomo,0,0,0,0
,,,analista,ensino superior completo,básico,,ti - projetos-,"clt full, pj/autônomo",0,0,0,0
,,,júnior,ensino superior completo,intermediário,,ti - projetos-,hunting,0,0,0,0
,,,sênior,ensino superior completo,intermediário,,ti - projetos-,cooperado,0,0,0,0
,,,sênior,ensino superior completo,avançado,,ti - sap-,pj/autônomo,0,0,0,0
,,,sênior,ensino superior completo,intermediário,,ti - sap-,pj/autônomo,0,0,0,0
,mestrado completo,fluente,sênior,ensino superior completo,avançado,"ti - arquitetura, ti - desenvolvimento/programação, ti - governança, ti - infraestrutura, ti - processos e negócios, ti - projetos, ti - segurança da informação",ti - projetos-,pj/autônomo,0,0,0,0
,,,sênior,ensino superior completo,avançado,,ti - projetos-,pj/autônomo,0,0,0,0
,,,pleno,pós graduação completo,básico,,ti - desenvolvimento/design-,,0,0,0,0
,,,sênior,ensino médio completo,avançado,,gestão e alocação de recursos de ti-,pj/autônomo,0,0,0,0
,,,pleno,ensino técnico completo,nenhum,,gestão e alocação de recursos de ti-,pj/autônomo,0,0,0,0
,,,analista,ensino superior completo,intermediário,,ti - projetos-,"clt full, pj/autônomo",0,0,0,0
,,,sênior,ensino médio completo,técnico,,ti - sap-,pj/autônomo,0,0,0,0
,,,analista,ensino superior completo,básico,,ti - projetos-,hunting,0,0,0,0
,pós graduação cursando,intermediário,sênior,ensino superior completo,avançado,ti - desenvolvimento/programação,gestão e alocação de recursos de ti-ti - desenvolvimento/programação-,pj/autônomo,0,0,0,0
,,,especialista,ensino superior completo,nenhum,,ti - projetos-,pj/autônomo,0,0,0,0
,ensino superior incompleto,intermediário,analista,ensino superior completo,básico,ti - desenvolvimento/programação,ti - projetos-,"pj/autônomo, clt full",0,0,0,0
,,,pleno,ensino superior completo,básico,,ti - sap-,pj/autônomo,0,0,0,0
,,,pleno,ensino superior cursando,nenhum,,ti - desenvolvimento/programação-,hunting,0,0,0,0
,,,pleno,ensino técnico completo,nenhum,,gestão e alocação de recursos de ti-,pj/autônomo,0,0,0,0
,ensino superior completo,básico,pleno,ensino superior completo,nenhum,ti - desenvolvimento/programação,ti - desenvolvimento/programação-,hunting,0,1,0,0
,pós graduação incompleto,avançado,analista,ensino superior completo,básico,ti - sap,ti - projetos-,clt full,0,0,0,0
,,,pleno,ensino técnico completo,nenhum,,gestão e alocação de recursos de ti-,pj/autônomo,0,0,0,0
,,,analista,ensino superior completo,básico,,ti - projetos-,"clt full, pj/autônomo",0,0,0,0
,ensino superior completo,intermediário,sênior,ensino técnico completo,avançado,"ti - governança, ti - infraestrutura, ti - processos e negócios, ti - projetos, ti - sap, ti - sistemas e ferramentas, ti - suporte, ti - telecom",administrativa-,cooperado,0,0,0,0
,,,pleno,ensino técnico completo,nenhum,,gestão e alocação de recursos de ti-,pj/autônomo,0,0,0,0
,pós graduação completo,avançado,analista,ensino superior completo,básico,ti - governança,ti - projetos-,"pj/autônomo, clt full",0,0,0,0
,ensino superior completo,intermediário,analista,ensino superior completo,básico,gestão e alocação de recursos de ti,ti - sistemas e ferramentas-,"pj/autônomo, clt cotas, clt full",0,1,0,0
,,,analista,ensino superior completo,básico,,ti - sap-,clt cotas,0,0,0,0
,,,júnior,ensino técnico completo,nenhum,,ti - suporte-,cooperado,0,0,0,0
,,,pleno,ensino técnico completo,nenhum,,gestão e alocação de recursos de ti-,pj/autônomo,0,0,0,0
,,,sênior,ensino superior completo,avançado,,ti - projetos-,hunting,0,0,0,0
,,,sênior,ensino superior completo,avançado,,gestão e alocação de recursos de ti-ti - sap-,pj/autônomo,0,0,0,0
,,,sênior,ensino superior completo,fluente,,ti - projetos-,pj/autônomo,0,0,0,0
,,,sênior,ensino superior completo,avançado,,ti - sap-,pj/autônomo,0,0,0,0
,,,sênior,ensino superior completo,nenhum,,gestão e alocação de recursos de ti-,clt full,0,0,0,0
,,,pleno,ensino técnico completo,nenhum,,gestão e alocação de recursos de ti-,pj/autônomo,0,0,0,0
,ensino superior completo,intermediário,júnior,ensino superior completo,avançado,"comercial, marketing, ti - suporte, ti - telecom",ti - suporte-,hunting,0,1,0,0
,,,sênior,ensino superior completo,avançado,,ti - sap-,"pj/autônomo, clt full",0,0,0,0
,ensino superior completo,intermediário,pleno,ensino superior completo,nenhum,ti - projetos,ti - projetos-,hunting,0,1,0,0
,,,analista,ensino superior completo,básico,,ti - projetos-,hunting,0,0,0,0
,,,analista,ensino superior completo,básico,,ti - projetos-,"clt full, pj/autônomo",0,0,0,0
,,,analista,ensino superior completo,básico,,ti - desenvolvimento/programação-,clt full,0,0,0,0
,,,especialista,ensino superior completo,básico,,gestão e alocação de recursos de ti-ti - projetos-,hunting,0,0,0,0
,,,sênior,ensino superior completo,básico,,ti - projetos-,"pj/autônomo, clt full",0,0,0,0
,,,analista,ensino superior completo,básico,,ti - sap-,pj/autônomo,0,0,0,0
,mestrado incompleto,intermediário,pleno,ensino técnico completo,nenhum,ti - sap,gestão e alocação de recursos de ti-,pj/autônomo,0,0,0,0
,,,sênior,ensino técnico completo,nenhum,,ti - projetos-,pj/autônomo,0,0,0,0
,,,analista,ensino médio completo,básico,,ti - projetos-,"pj/autônomo, clt full",0,0,0,0
,,,analista,ensino superior completo,básico,,ti - projetos-,"clt full, pj/autônomo",0,0,0,0
,,,analista,ensino superior completo,básico,,ti - projetos-,"pj/autônomo, clt full",0,0,0,0
,,,sênior,mestrado cursando,nenhum,,ti - sistemas e ferramentas-,clt full,0,0,0,0
,,,sênior,ensino superior completo,básico,,ti - sap-,pj/autônomo,0,0,0,0
,,,sênior,ensino superior completo,fluente,,ti - projetos-,hunting,0,0,0,0
,ensino superior completo,básico,pleno,ensino superior completo,intermediário,ti - desenvolvimento/programação,ti - desenvolvimento/programação-,,0,1,0,0
,,,analista,ensino superior completo,básico,,ti - sap-,"clt full, pj/autônomo",0,0,0,0
,,,analista,ensino superior completo,básico,,ti - projetos-,"clt full, pj/autônomo",0,0,0,0
,,,sênior,ensino superior completo,avançado,,ti - sap-,"pj/autônomo, clt full",0,0,0,0
,,,analista,ensino superior completo,básico,,ti - projetos-,clt full,0,0,0,0
,,,assistente,ensino médio completo,nenhum,,administrativa-recursos humanos-,clt full,0,0,0,0
,,,sênior,ensino superior completo,intermediário,,ti - projetos-,clt full,0,0,0,0
,ensino superior completo,nenhum,júnior,ensino superior cursando,intermediário,recursos humanos,ti - projetos-,clt full,0,0,0,0
,,,sênior,ensino médio completo,nenhum,,comercial-,cooperado,0,0,0,0
,ensino superior completo,avançado,analista,ensino superior completo,básico,"gestão e alocação de recursos de ti, ti - arquitetura, ti - banco de dados, ti - desenvolvimento/design, ti - desenvolvimento/programação, ti - governança, ti - infraestrutura, ti - processos e negócios, ti - projetos, ti - qualidade/testes, ti - sistemas e ferramentas, ti - suporte, ti - telecom, ti - ux",ti - desenvolvimento/programação-,hunting,0,1,0,0
,,,analista,ensino superior completo,intermediário,,ti - projetos-,"clt full, pj/autônomo",0,0,0,0
,,,pleno,pós graduação cursando,nenhum,,gestão e alocação de recursos de ti-ti - segurança da informação-,pj/autônomo,0,0,0,0
,,,pleno,ensino superior incompleto,básico,,gestão e alocação de recursos de ti-,pj/autônomo,0,0,0,0
,,,pleno,ensino superior completo,intermediário,,ti - desenvolvimento/programação-,,0,0,0,0
,,,pleno,ensino superior completo,nenhum,,ti - projetos-,pj/autônomo,0,0,0,0
,,,pleno,ensino técnico completo,nenhum,,gestão e alocação de recursos de ti-,pj/autônomo,0,0,0,0
,pós graduação completo,intermediário,sênior,ensino superior completo,básico,financeira/controladoria,ti - projetos-,"pj/autônomo, clt full",0,0,0,0
,,,pleno,ensino superior completo,intermediário,,ti - sistemas e ferramentas-,clt full,0,0,0,0
,,,pleno,ensino superior completo,avançado,,ti - desenvolvimento/programação-,,0,0,0,0
,,,sênior,ensino superior completo,avançado,,ti - desenvolvimento/programação-,pj/autônomo,0,0,0,0
,,,sênior,ensino superior completo,fluente,,ti - projetos-,pj/autônomo,0,0,0,0
,,,analista,ensino superior completo,avançado,,ti - projetos-,hunting,0,0,0,0
,,,pleno,ensino superior completo,avançado,,ti - projetos-,pj/autônomo,0,0,0,0
,ensino superior incompleto,básico,pleno,ensino técnico completo,nenhum,ti - infraestrutura,gestão e alocação de recursos de ti-,pj/autônomo,0,0,0,0
,pós graduação completo,,analista,ensino superior completo,básico,,ti - sap-,"pj/autônomo, cooperado, clt cotas",0,0,0,0
,,,analista,ensino superior completo,básico,,ti - sap-,"clt full, pj/autônomo",0,0,0,0
,,,sênior,ensino superior completo,básico,,ti - projetos-,pj/autônomo,0,0,0,0
,,,sênior,ensino superior completo,nenhum,,ti - sap-,pj/autônomo,0,0,0,0
,ensino superior completo,intermediário,sênior,ensino médio completo,avançado,ti - sap,financeira/controladoria-,pj/autônomo,0,0,0,0
,,,sênior,ensino médio completo,avançado,,ti - sap-,pj/autônomo,0,0,0,0
,,,sênior,ensino médio completo,fluente,,financeira/controladoria-,hunting,0,0,0,0
,,,analista,ensino superior completo,básico,,ti - projetos-,"pj/autônomo, cooperado",0,0,0,0
,ensino superior completo,avançado,analista,ensino superior completo,básico,ti - desenvolvimento/programação,ti - projetos-,"pj/autônomo, clt full",0,1,0,0
,,,sênior,ensino superior completo,fluente,,ti - sap-,pj/autônomo,0,0,0,0
,,,pleno,ensino superior completo,básico,,ti - qualidade/testes-ti - sap-,pj/autônomo,0,0,0,0
,,,sênior,ensino médio completo,nenhum,,financeira/controladoria-,cooperado,0,0,0,0
,ensino superior completo,avançado,sênior,ensino superior incompleto,avançado,ti - sap,ti - sap-,pj/autônomo,0,0,1,0
,,,analista,ensino superior completo,básico,,ti - projetos-,"clt full, pj/autônomo",0,0,0,0
,,,sênior,ensino superior completo,nenhum,,ti - projetos-,hunting,0,0,0,0
,,,sênior,ensino superior completo,básico,,ti - projetos-,"pj/autônomo, clt full",0,0,0,0
,,,júnior,ensino médio completo,nenhum,,administrativa-,clt full,0,0,0,0
,,,pleno,ensino superior incompleto,básico,,gestão e alocação de recursos de ti-,pj/autônomo,0,0,0,0
,pós graduação completo,básico,sênior,pós graduação completo,avançado,ti - projetos,ti - projetos-,hunting,0,1,0,0
pleno,,,analista,ensino superior completo,básico,,ti - desenvolvimento/programação-,clt full,0,0,0,0
,pós graduação incompleto,básico,analista,ensino superior completo,básico,ti - suporte,ti - suporte-,clt full,0,0,1,0
,,,analista,ensino superior completo,avançado,,ti - projetos-,"cooperado, pj/autônomo",0,0,0,0
,,,sênior,ensino superior completo,intermediário,,ti - desenvolvimento/programação-,,0,0,0,0
,ensino superior cursando,nenhum,assistente,ensino médio completo,nenhum,jurídica,ti - projetos-,clt full,0,0,1,0
,,,sênior,ensino superior completo,básico,,ti - projetos-,"pj/autônomo, clt full",0,0,0,0
,,,pleno,ensino técnico completo,nenhum,,gestão e alocação de recursos de ti-,pj/autônomo,0,0,0,0
,,,pleno,ensino superior completo,nenhum,,ti - sap-,pj/autônomo,0,0,0,0
,,,sênior,ensino superior completo,básico,,ti - projetos-,"pj/autônomo, clt full",0,0,0,0
,,,júnior,ensino superior completo,técnico,,ti - qualidade/testes-,cooperado,0,0,0,0
,,,sênior,ensino médio completo,fluente,,ti - projetos-,hunting,0,0,0,0
,,,analista,ensino superior completo,básico,,ti - projetos-,"pj/autônomo, clt full",0,0,0,0
,pós graduação completo,intermediário,sênior,ensino superior completo,fluente,ti - sap,ti - sap-,pj/autônomo,0,0,0,0
,,,sênior,ensino superior cursando,básico,,ti - desenvolvimento/programação-,"pj/autônomo, clt full",0,0,0,0
,pós graduação completo,avançado,analista,ensino superior completo,básico,ti - projetos,ti - projetos-,"clt full, pj/autônomo",0,0,0,0
,ensino superior completo,intermediário,analista,ensino superior completo,básico,"ti - processos e negócios, ti - projetos, ti - sistemas e ferramentas",ti - desenvolvimento/programação-,hunting,0,1,0,0
,,,analista,ensino superior completo,básico,,ti - projetos-,hunting,0,0,0,0
,,,pleno,ensino técnico completo,nenhum,,gestão e alocação de recursos de ti-,pj/autônomo,0,0,0,0
,,,sênior,ensino superior completo,avançado,,ti - arquitetura-ti - banco de dados-ti - infraestrutura-ti - sistemas e ferramentas-,pj/autônomo,0,0,0,0
,,,sênior,ensino superior completo,fluente,,ti - projetos-,pj/autônomo,0,0,0,0
,,,analista,ensino superior completo,básico,,ti - projetos-,"clt full, pj/autônomo",0,0,0,0
,ensino superior completo,avançado,sênior,ensino superior completo,básico,ti - desenvolvimento/programação,ti - projetos-,pj/autônomo,0,1,0,0
,,,sênior,ensino superior completo,avançado,,ti - projetos-,pj/autônomo,0,0,0,0
,ensino superior completo,básico,analista,ensino superior completo,básico,ti - desenvolvimento/programação,ti - desenvolvimento/programação-,clt full,0,1,1,0
,,,analista,ensino superior completo,básico,,ti - sap-,clt full,0,0,0,0
,mestrado completo,básico,sênior,ensino médio completo,fluente,ti - desenvolvimento/programação,administrativa-,hunting,0,0,0,0
,,,analista,ensino superior completo,avançado,,ti - projetos-,"pj/autônomo, clt full",0,0,0,0
,,,sênior,ensino superior completo,avançado,,ti - sap-,"pj/autônomo, clt full",0,0,0,0
sênior,ensino superior completo,intermediário,analista,ensino superior completo,básico,,ti - projetos-,"clt full, pj/autônomo",0,1,0,0
,,,sênior,ensino superior cursando,avançado,,ti - sap-,clt full,0,0,0,0
,,,analista,ensino superior completo,básico,,ti - sap-,clt full,0,0,0,0
,ensino superior completo,intermediário,analista,ensino médio completo,nenhum,administrativa,administrativa-financeira/controladoria-,clt full,0,0,0,0
,ensino superior completo,básico,sênior,ensino superior completo,nenhum,ti - processos e negócios,ti - qualidade/testes-,clt full,0,1,0,0
,,,analista,ensino superior completo,básico,,ti - projetos-,"pj/autônomo, clt full",0,0,0,0
,,,analista,ensino superior completo,fluente,,ti - projetos-,cooperado,0,0,0,0
,,,sênior,ensino superior completo,fluente,,ti - projetos-,hunting,0,0,0,0
,ensino superior completo,intermediário,sênior,ensino superior completo,avançado,ti - desenvolvimento/programação,ti - projetos-,hunting,0,1,0,0
,,,sênior,ensino superior completo,básico,,ti - sap-,"clt full, pj/autônomo",0,0,0,0
,,,analista,ensino superior completo,básico,,ti - projetos-,"clt full, pj/autônomo",0,0,0,0
,,,analista,ensino superior completo,básico,,ti - projetos-,hunting,0,0,0,0
,ensino superior completo,básico,pleno,ensino superior completo,técnico,ti - desenvolvimento/programação,ti - banco de dados-,cooperado,0,1,0,0
,,,analista,ensino superior completo,básico,,ti - projetos-,"clt full, pj/autônomo",0,0,0,0
,,,pleno,ensino superior completo,avançado,,ti - projetos-,clt full,0,0,0,0
,,,sênior,ensino médio completo,nenhum,,financeira/controladoria-,hunting,0,0,0,0
,,,sênior,ensino superior completo,fluente,,ti - projetos-,pj/autônomo,0,0,0,0
,,,sênior,ensino superior completo,avançado,,ti - sap-,pj/autônomo,0,0,0,0
,,,sênior,ensino superior completo,intermediário,,ti - sistemas e ferramentas-,clt full,0,0,0,0
,,,sênior,ensino superior completo,básico,,ti - sap-,"pj/autônomo, cooperado",0,0,0,0
,ensino fundamental completo,intermediário,júnior,ensino superior completo,intermediário,ti - desenvolvimento/programação,ti - projetos-,pj/autônomo,0,0,1,0
,,,sênior,ensino médio completo,avançado,,gestão e alocação de recursos de ti-,pj/autônomo,0,0,0,0
,,,pleno,ensino técnico completo,nenhum,,gestão e alocação de recursos de ti-,pj/autônomo,0,0,0,0
,,,analista,ensino superior completo,básico,,ti - projetos-,cooperado,0,0,0,0
,,,analista,ensino superior completo,básico,,ti - projetos-,"clt full, pj/autônomo",0,0,0,0
,,,pleno,ensino técnico completo,nenhum,,gestão e alocação de recursos de ti-,pj/autônomo,0,0,0,0
,,,sênior,ensino médio completo,avançado,,administrativa-,cooperado,0,0,0,0
,pós graduação cursando,avançado,sênior,ensino superior completo,avançado,ti - sap,ti - sap-,hunting,0,0,1,0
,,,sênior,ensino superior completo,intermediário,,ti - projetos-,hunting,0,0,0,0
,,,pleno,ensino técnico completo,nenhum,,gestão e alocação de recursos de ti-ti - sap-,pj/autônomo,0,0,0,0
,,,analista,ensino superior completo,básico,,ti - projetos-,"clt full, pj/autônomo",0,0,0,0
,ensino superior completo,avançado,pleno,ensino técnico completo,nenhum,ti - infraestrutura,gestão e alocação de recursos de ti-,pj/autônomo,0,0,0,0
,,,pleno,ensino superior cursando,avançado,,ti - projetos-,clt cotas,0,0,0,0
,ensino superior completo,avançado,especialista,ensino superior completo,intermediário,ti - sap,ti - sap-,"clt full, pj/autônomo",0,1,0,0
,,,sênior,ensino superior completo,avançado,,gestão e alocação de recursos de ti-ti - arquitetura-ti - desenvolvimento/programação-,pj/autônomo,0,0,0,0
,pós graduação completo,intermediário,sênior,ensino superior completo,nenhum,ti - desenvolvimento/mobile,ti - projetos-,hunting,0,0,0,0
,,,sênior,ensino superior completo,intermediário,,ti - projetos-,clt full,0,0,0,0
,,,júnior,ensino superior completo,intermediário,,ti - sap-,pj/autônomo,0,0,0,0
,,,pleno,ensino superior completo,nenhum,,ti - sap-,clt full,0,0,0,0
,pós graduação completo,intermediário,pleno,ensino técnico completo,intermediário,ti - desenvolvimento/programação,gestão e alocação de recursos de ti-,pj/autônomo,0,0,1,0
,,,analista,ensino superior completo,básico,,ti - projetos-,"pj/autônomo, cooperado",0,0,0,0
,ensino superior completo,intermediário,analista,ensino superior completo,básico,administrativa,ti - projetos-,"clt full, pj/autônomo",0,1,0,0
,ensino superior completo,avançado,analista,ensino superior completo,básico,ti - desenvolvimento/programação,ti - projetos-,"pj/autônomo, clt full",0,1,0,0
,pós graduação completo,intermediário,analista,ensino superior completo,básico,administrativa,ti - projetos-,"clt full, pj/autônomo",0,0,0,0
,ensino superior completo,fluente,analista,ensino superior completo,básico,ti - desenvolvimento/programação,ti - desenvolvimento/programação-,clt full,0,1,0,0
,,,gerente,ensino superior completo,básico,,ti - projetos-,hunting,0,0,0,0
,ensino superior completo,intermediário,analista,ensino superior completo,básico,ti - suporte,ti - projetos-,pj/autônomo,0,1,0,0
,,,analista,ensino superior completo,básico,,ti - projetos-,clt full,0,0,0,0
,,,analista,ensino superior completo,avançado,,ti - projetos-,"clt full, pj/autônomo",0,0,0,0
,,,analista,ensino superior completo,básico,,ti - projetos-,clt full,0,0,0,0
,,,analista,ensino superior completo,básico,,ti - projetos-,"pj/autônomo, clt full",0,0,0,0
,ensino superior completo,intermediário,analista,ensino superior completo,básico,administrativa,ti - projetos-,"clt full, pj/autônomo",0,1,0,0
,,,sênior,ensino médio completo,avançado,,gestão e alocação de recursos de ti-,pj/autônomo,0,0,0,0
,ensino superior completo,avançado,líder,ensino superior completo,avançado,ti - desenvolvimento/programação,ti - projetos-,pj/autônomo,0,1,1,0
,,,analista,ensino superior completo,avançado,,ti - projetos-,"pj/autônomo, clt full",0,0,0,0
,,,sênior,ensino médio completo,fluente,,administrativa-,pj/autônomo,0,0,0,0
,ensino superior completo,nenhum,analista,ensino superior completo,básico,recursos humanos,ti - projetos-,"pj/autônomo, clt full",0,1,0,0
,,,sênior,ensino superior completo,avançado,,ti - projetos-,hunting,0,0,0,0
,,,sênior,ensino superior completo,avançado,,ti - sap-,pj/autônomo,0,0,0,0
,,,analista,ensino superior completo,básico,,ti - projetos-,"clt full, pj/autônomo",0,0,0,0
,pós graduação completo,básico,analista,ensino superior completo,avançado,ti - projetos,ti - projetos-,"clt cotas, clt full",0,0,0,0
,,,sênior,ensino superior completo,avançado,,gestão e alocação de recursos de ti-,pj/autônomo,0,0,0,0
,,,assistente,ensino superior completo,nenhum,,recursos humanos-,clt full,0,0,0,0
,,,sênior,ensino superior completo,intermediário,,ti - projetos-,pj/autônomo,0,0,0,0
,mestrado incompleto,fluente,sênior,ensino superior completo,avançado,"novos negócios e parcerias, ti - processos e negócios, ti - projetos, ti - qualidade/testes, ti - sistemas e ferramentas, ti - suporte",ti - telecom-,pj/autônomo,0,0,0,0
,ensino superior completo,avançado,sênior,ensino médio completo,nenhum,ti - desenvolvimento/programação,gestão e alocação de recursos de ti-,pj/autônomo,0,0,0,0
,ensino superior completo,avançado,pleno,ensino superior completo,avançado,ti - sap,ti - sap-,clt full,0,1,1,0
,ensino superior completo,avançado,analista,ensino superior completo,básico,ti - sap,ti - projetos-,clt full,0,1,0,0
,ensino superior completo,básico,gerente,ensino superior completo,intermediário,ti - projetos,ti - sap-,clt cotas,0,1,0,0
,,,sênior,ensino superior completo,básico,,ti - projetos-,"pj/autônomo, clt full",0,0,0,0
,,,sênior,ensino médio completo,nenhum,,gestão e alocação de recursos de ti-,pj/autônomo,0,0,0,0
,,,júnior,ensino superior cursando,básico,,financeira/controladoria-,cooperado,0,0,0,0
,pós graduação cursando,avançado,sênior,ensino superior completo,avançado,ti - processos e negócios,ti - projetos-,pj/autônomo,0,0,1,0
,,,analista,ensino superior completo,básico,,ti - projetos-,"pj/autônomo, clt full",0,0,0,0
,,,pleno,ensino superior completo,básico,,ti - projetos-,"pj/autônomo, cooperado",0,0,0,0
,,,pleno,ensino superior completo,nenhum,,ti - projetos-,hunting,0,0,0,0
,,,sênior,ensino superior completo,fluente,,ti - projetos-,hunting,0,0,0,0
,,,analista,ensino superior completo,avançado,,administrativa-,clt full,0,0,0,0
,,,analista,ensino superior completo,básico,,ti - projetos-,"pj/autônomo, clt full",0,0,0,0
,,,sênior,ensino superior completo,fluente,,ti - projetos-,pj/autônomo,0,0,0,0
,,avançado,sênior,ensino técnico completo,nenhum,,ti - projetos-,pj/autônomo,0,0,0,0
,ensino superior completo,avançado,sênior,ensino superior completo,avançado,"gestão e alocação de recursos de ti, ti - desenvolvimento/mobile, ti - desenvolvimento/programação, ti - governança, ti - processos e negócios, ti - projetos, ti - sistemas e ferramentas",ti - desenvolvimento/design-,hunting,0,1,1,0
,,,pleno,ensino superior completo,básico,,ti - projetos-,pj/autônomo,0,0,0,0
,,,analista,ensino superior completo,avançado,,ti - sap-,pj/autônomo,0,0,0,0
,,,pleno,ensino técnico completo,nenhum,,gestão e alocação de recursos de ti-,pj/autônomo,0,0,0,0
,,,sênior,ensino superior cursando,nenhum,,ti - sap-,pj/autônomo,0,0,0,0
,,,sênior,ensino superior completo,básico,,ti - governança-,"pj/autônomo, cooperado",0,0,0,0
,pós graduação completo,avançado,sênior,ensino superior cursando,básico,ti - desenvolvimento/programação,ti - desenvolvimento/programação-,"clt full, pj/autônomo",0,0,0,0
,,,sênior,ensino superior completo,fluente,,gestão e alocação de recursos de ti-ti - sap-,pj/autônomo,0,0,0,0
,,,analista,ensino superior completo,avançado,,administrativa-,clt full,0,0,0,0
,,,sênior,ensino superior completo,nenhum,,ti - desenvolvimento/programação-,clt full,0,0,0,0
,pós graduação cursando,básico,sênior,ensino superior completo,básico,"ti - banco de dados, ti - desenvolvimento/programação",ti - projetos-,"clt full, pj/autônomo",0,0,1,0
,ensino superior cursando,básico,sênior,ensino superior cursando,fluente,ti - desenvolvimento/design,ti - desenvolvimento/programação-,hunting,0,1,0,0
,ensino superior completo,nenhum,analista,ensino superior completo,básico,recursos humanos,ti - projetos-,"clt full, pj/autônomo",0,1,0,0
,,,analista,ensino superior completo,básico,,ti - projetos-,"clt full, pj/autônomo",0,0,0,0
,,,sênior,ensino técnico completo,nenhum,,administrativa-,pj/autônomo,0,0,0,0
,,,analista,ensino superior completo,básico,,ti - sap-,pj/autônomo,0,0,0,0
,ensino superior cursando,intermediário,sênior,ensino médio completo,nenhum,recursos humanos,gestão e alocação de recursos de ti-,pj/autônomo,0,0,0,0
,,,pleno,ensino superior completo,nenhum,,ti - desenvolvimento/programação-,clt full,0,0,0,0
,,,pleno,ensino técnico completo,nenhum,,gestão e alocação de recursos de ti-,pj/autônomo,0,0,0,0
,,,pleno,ensino técnico completo,nenhum,,gestão e alocação de recursos de ti-,pj/autônomo,0,0,0,0
,,,sênior,ensino superior completo,básico,,ti - projetos-,clt full,0,0,0,0
,,,sênior,ensino superior completo,fluente,,ti - projetos-,pj/autônomo,0,0,0,0
,,,sênior,ensino médio completo,nenhum,,gestão e alocação de recursos de ti-,pj/autônomo,0,0,0,0
,,,pleno,ensino técnico completo,nenhum,,gestão e alocação de recursos de ti-,pj/autônomo,0,0,0,0
,,,pleno,ensino técnico completo,nenhum,,gestão e alocação de recursos de ti-,pj/autônomo,0,0,0,0
,ensino superior incompleto,básico,analista,ensino superior completo,básico,ti - sap,ti - sap-,pj/autônomo,0,0,1,0
,ensino superior completo,intermediário,analista,ensino superior completo,básico,"ti - banco de dados, ti - desenvolvimento/programação, ti - processos e negócios, ti - qualidade/testes",ti - projetos-,clt cotas,0,1,0,0
,pós graduação completo,avançado,pleno,ensino superior completo,avançado,ti - projetos,ti - projetos-,hunting,0,0,1,0
,,,sênior,ensino superior completo,avançado,,ti - sap-,"clt full, pj/autônomo",0,0,0,0
,pós graduação completo,fluente,analista,ensino superior completo,avançado,ti - sap,ti - sap-,pj/autônomo,0,0,0,0
,,,especialista,ensino superior completo,avançado,,ti - sap-,clt full,0,0,0,0
,,,gerente,ensino superior completo,avançado,,ti - projetos-,"pj/autônomo, cooperado",0,0,0,0
,pós graduação completo,avançado,supervisor,ensino superior completo,básico,ti - projetos,recursos humanos-,clt full,0,0,0,0
,,,pleno,ensino superior completo,intermediário,,ti - projetos-,hunting,0,0,0,0
,,,sênior,ensino médio completo,nenhum,,ti - sap-,cooperado,0,0,0,0
,,,sênior,ensino superior completo,avançado,,ti - infraestrutura-,hunting,0,0,0,0
,pós graduação cursando,intermediário,analista,ensino superior completo,básico,ti - projetos,ti - suporte-,clt full,0,0,0,0
,,,analista,ensino superior completo,básico,,ti - projetos-,clt full,0,0,0,0
,,,sênior,ensino superior completo,avançado,,gestão e alocação de recursos de ti-,pj/autônomo,0,0,0,0
,,,pleno,ensino superior completo,intermediário,,ti - projetos-,pj/autônomo,0,0,0,0
,,,analista,ensino superior completo,intermediário,,ti - projetos-,clt full,0,0,0,0
,,,pleno,ensino superior completo,básico,,ti - projetos-,hunting,0,0,0,0
,,,líder,ensino superior completo,avançado,,ti - sistemas e ferramentas-,hunting,0,0,0,0
,ensino superior completo,intermediário,analista,ensino superior completo,básico,ti - sap,ti - sap-,pj/autônomo,0,1,0,0
,,,analista,ensino superior completo,básico,ti - infraestrutura,ti - projetos-,"cooperado, pj/autônomo",0,0,0,0
,,,pleno,ensino superior completo,avançado,,qualidade corporativa-,,0,0,0,0
,,,pleno,ensino superior completo,nenhum,,ti - sap-,pj/autônomo,0,0,0,0
,ensino superior completo,avançado,especialista,pós graduação completo,básico,"ti - banco de dados, ti - desenvolvimento/programação, ti - processos e negócios, ti - projetos, ti - sistemas e ferramentas",ti - sap-,pj/autônomo,0,0,0,0
,,,sênior,ensino superior completo,avançado,,ti - projetos-,pj/autônomo,0,0,0,0
,,,sênior,ensino superior completo,nenhum,,ti - desenvolvimento/programação-,clt full,0,0,0,0
,,,analista,ensino superior completo,básico,,ti - projetos-,"clt full, pj/autônomo",0,0,0,0
,,,analista,ensino superior completo,básico,,administrativa-,clt full,0,0,0,0
,,,pleno,ensino técnico completo,nenhum,,gestão e alocação de recursos de ti-,pj/autônomo,0,0,0,0
,,,sênior,ensino médio completo,nenhum,,administrativa-,pj/autônomo,0,0,0,0
,,,sênior,ensino superior completo,intermediário,,ti - sap-,"clt full, pj/autônomo",0,0,0,0
,,,sênior,ensino superior completo,fluente,,ti - sap-,hunting,0,0,0,0
,,,pleno,ensino técnico completo,nenhum,,administrativa-,cooperado,0,0,0,0
,,,sênior,ensino médio completo,avançado,,ti - projetos-,pj/autônomo,0,0,0,0
,,,sênior,ensino superior completo,avançado,,ti - projetos-,pj/autônomo,0,0,0,0
,,,analista,ensino superior completo,básico,,ti - sap-,pj/autônomo,0,0,0,0
,ensino superior completo,básico,analista,ensino superior completo,intermediário,financeira/controladoria,ti - projetos-,"clt full, pj/autônomo",0,1,0,0
,,,pleno,ensino superior completo,nenhum,,ti - sistemas e ferramentas-,pj/autônomo,0,0,0,0
,,,sênior,ensino superior completo,avançado,,ti - projetos-,pj/autônomo,0,0,0,0
,,,sênior,ensino superior completo,avançado,,ti - sap-,pj/autônomo,0,0,0,0
,pós graduação completo,avançado,sênior,ensino superior completo,fluente,ti - sap,ti - sap-,pj/autônomo,0,0,0,0
,,,analista,ensino superior completo,básico,,ti - projetos-,"clt full, pj/autônomo",0,0,0,0
,,,sênior,ensino superior completo,intermediário,,ti - desenvolvimento/programação-,,0,0,0,0
,,,analista,ensino superior completo,avançado,,ti - projetos-,"clt full, pj/autônomo",0,0,0,0
,,,analista,ensino superior completo,básico,,ti - projetos-,"clt full, pj/autônomo",0,0,0,0
,ensino superior completo,básico,sênior,ensino técnico completo,nenhum,"administrativa, financeira/controladoria, ti - governança, ti - processos e negócios, ti - projetos, ti - sap, ti - segurança da informação",ti - projetos-,pj/autônomo,0,0,0,0
,ensino superior completo,fluente,sênior,ensino médio completo,fluente,"ti - banco de dados, ti - desenvolvimento/programação, ti - governança, ti - processos e negócios, ti - projetos, ti - qualidade/testes, ti - segurança da informação",administrativa-,hunting,0,0,1,0
,,,sênior,ensino superior completo,avançado,,ti - sap-,pj/autônomo,0,0,0,0
,,,sênior,pós graduação incompleto,nenhum,,ti - sap-,pj/autônomo,0,0,0,0
,,,especialista,ensino superior completo,avançado,,ti - sap-,pj/autônomo,0,0,0,0
,,,analista,ensino superior completo,básico,,ti - projetos-,pj/autônomo,0,0,0,0
,,,sênior,pós graduação completo,fluente,,ti - sistemas e ferramentas-,,0,0,0,0
,,,sênior,ensino superior completo,nenhum,,gestão e alocação de recursos de ti-,clt full,0,0,0,0
,,,sênior,ensino superior cursando,técnico,,ti - sap-,cooperado,0,0,0,0
,,,sênior,ensino médio completo,técnico,,gestão e alocação de recursos de ti-,pj/autônomo,0,0,0,0
,,,pleno,ensino técnico completo,nenhum,,gestão e alocação de recursos de ti-ti - sap-,pj/autônomo,0,0,0,0
,,,sênior,ensino médio completo,nenhum,,relacionamento técnico-,cooperado,0,0,0,0
,,,sênior,ensino superior completo,avançado,,ti - desenvolvimento/programação-,clt full,0,0,0,0
,,,sênior,ensino médio completo,fluente,,ti - sap-,pj/autônomo,0,0,0,0
,,,sênior,ensino superior completo,intermediário,,ti - sistemas e ferramentas-,,0,0,0,0
,,,sênior,ensino médio completo,intermediário,,administrativa-,cooperado,0,0,0,0
,,,sênior,ensino médio completo,fluente,,ti - projetos-,hunting,0,0,0,0
,,,analista,ensino superior completo,básico,,ti - projetos-,"clt full, pj/autônomo",0,0,0,0
,,,pleno,ensino superior completo,nenhum,,gestão e alocação de recursos de ti-ti - sap-,pj/autônomo,0,0,0,0
,ensino superior completo,intermediário,analista,ensino superior completo,básico,"administrativa, recursos humanos",ti - projetos-,"clt full, pj/autônomo",0,1,0,0
,,,sênior,ensino superior completo,básico,,ti - projetos-,hunting,0,0,0,0
,,,sênior,ensino superior completo,avançado,,ti - desenvolvimento/programação-,clt full,0,0,0,0
,,,analista,ensino superior completo,fluente,,ti - sap-,cooperado,0,0,0,0
,,,pleno,ensino superior completo,fluente,,ti - sap-,clt full,0,0,0,0
,ensino superior completo,básico,analista,ensino superior completo,básico,ti - desenvolvimento/programação,ti - projetos-,pj/autônomo,0,1,1,0
,,,júnior,ensino superior completo,fluente,,gestão e alocação de recursos de ti-,clt full,0,0,0,0
,,,assistente,ensino médio completo,nenhum,,administrativa-,clt full,0,0,0,0
,,,especialista,ensino superior completo,fluente,,ti - sap-,pj/autônomo,0,0,0,0
,,,analista,ensino superior completo,básico,,ti - projetos-,"clt full, pj/autônomo",0,0,0,0
,,,especialista,ensino superior completo,nenhum,,ti - projetos-,hunting,0,0,0,0
,,,sênior,ensino superior cursando,nenhum,,ti - sap-,pj/autônomo,0,0,0,0
,ensino superior completo,avançado,pleno,ensino superior completo,básico,ti - desenvolvimento/programação,ti - projetos-,"pj/autônomo, clt full",0,1,0,0
,ensino superior completo,avançado,sênior,ensino superior completo,avançado,ti - sistemas e ferramentas,ti - projetos-,hunting,0,1,1,0
,ensino superior completo,avançado,pleno,ensino técnico completo,nenhum,ti - sap,gestão e alocação de recursos de ti-,pj/autônomo,0,0,0,0
,pós graduação completo,avançado,sênior,ensino superior completo,básico,ti - arquitetura,ti - projetos-,"clt full, cooperado, pj/autônomo",0,0,0,0
,,,sênior,ensino superior completo,intermediário,,ti - arquitetura-,,0,0,0,0
,ensino técnico completo,intermediário,analista,ensino superior completo,básico,ti - arquitetura,ti - projetos-,"pj/autônomo, clt full",0,0,0,0
,,,sênior,ensino superior completo,básico,,ti - projetos-,"pj/autônomo, clt full",0,0,0,0
,ensino superior completo,intermediário,analista,ensino superior completo,básico,ti - projetos,ti - projetos-,hunting,0,1,0,0
,,,analista,ensino superior completo,avançado,,ti - projetos-,"clt full, pj/autônomo",0,0,0,0
,ensino superior completo,intermediário,sênior,ensino superior completo,fluente,"ti - governança, ti - infraestrutura, ti - processos e negócios, ti - segurança da informação",ti - projetos-,hunting,0,1,0,0
,ensino superior completo,básico,júnior,ensino técnico completo,nenhum,ti - qualidade/testes,administrativa-,cooperado,0,0,0,0
,,,sênior,ensino superior completo,nenhum,,ti - desenvolvimento/programação-,clt full,0,0,0,0
,,,analista,ensino superior completo,avançado,,ti - sap-,pj/autônomo,0,0,0,0
,ensino superior incompleto,avançado,júnior,ensino superior cursando,básico,ti - desenvolvimento/mobile,ti - desenvolvimento/programação-,clt full,0,0,0,0
,,,pleno,ensino superior completo,nenhum,,ti - projetos-,cooperado,0,0,0,0
,,,pleno,ensino superior completo,básico,,ti - projetos-,"pj/autônomo, cooperado",0,0,0,0
,pós graduação completo,,sênior,ensino superior completo,técnico,,ti - sap-,pj/autônomo,0,0,0,0
,,,pleno,ensino técnico completo,nenhum,,gestão e alocação de recursos de ti-,pj/autônomo,0,0,0,0
,,,pleno,ensino superior completo,nenhum,,ti - projetos-,pj/autônomo,0,0,0,0
,pós graduação completo,,sênior,ensino superior completo,fluente,,ti - projetos-,"clt full, pj/autônomo",0,0,0,0
,pós graduação completo,nenhum,analista,ensino superior completo,básico,recursos humanos,ti - projetos-,"clt full, pj/autônomo",0,0,0,0
,pós graduação completo,avançado,sênior,ensino superior completo,avançado,ti - projetos,ti - projetos-,pj/autônomo,0,0,1,0
,ensino superior cursando,intermediário,pleno,ensino superior completo,intermediário,ti - desenvolvimento/programação,ti - desenvolvimento/programação-,hunting,0,0,1,0
,,,sênior,ensino superior completo,fluente,,ti - sistemas e ferramentas-,clt full,0,0,0,0
,,,especialista,ensino superior completo,básico,,ti - sap-,pj/autônomo,0,0,0,0
,,,sênior,ensino médio completo,nenhum,,gestão e alocação de recursos de ti-,pj/autônomo,0,0,0,0
,,,sênior,ensino médio completo,avançado,,gestão e alocação de recursos de ti-,pj/autônomo,0,0,0,0
,pós graduação completo,intermediário,sênior,ensino superior completo,avançado,ti - projetos,ti - projetos-,cooperado,0,0,0,0
,pós graduação cursando,intermediário,analista,ensino superior completo,básico,"administrativa, comercial, financeira/controladoria",ti - projetos-,"clt full, pj/autônomo",0,0,0,0
,,,analista,ensino superior completo,básico,,ti - projetos-,"pj/autônomo, clt full",0,0,0,0
,ensino superior incompleto,intermediário,sênior,ensino médio completo,fluente,ti - desenvolvimento/programação,ti - projetos-,hunting,0,0,0,0
,,,analista,ensino superior completo,básico,,ti - sap-,"pj/autônomo, clt cotas",0,0,0,0
,ensino superior completo,básico,pleno,ensino superior completo,avançado,ti - desenvolvimento/programação,ti - sistemas e ferramentas-,,0,1,0,0
,,,sênior,ensino superior completo,básico,,ti - projetos-,"pj/autônomo, cooperado",0,0,0,0
,ensino superior incompleto,avançado,sênior,ensino superior completo,intermediário,ti - desenvolvimento/programação,ti - desenvolvimento/programação-,,0,0,0,0
,,,sênior,ensino médio completo,nenhum,,administrativa-,pj/autônomo,0,0,0,0
,,,analista,ensino superior completo,avançado,,ti - sap-,pj/autônomo,0,0,0,0
,ensino superior cursando,intermediário,pleno,ensino médio completo,nenhum,financeira/controladoria,financeira/controladoria-,pj/autônomo,0,0,0,0
,ensino superior completo,intermediário,assistente,ensino superior cursando,nenhum,ti - desenvolvimento/programação,gestão e alocação de recursos de ti-,clt full,0,0,0,0
,pós graduação completo,básico,analista,ensino superior completo,fluente,ti - sap,ti - sap-,"pj/autônomo, clt full",0,0,0,0
,,,analista,ensino superior completo,intermediário,,ti - projetos-,clt full,0,0,0,0
,,,sênior,ensino superior completo,básico,,ti - governança-,"pj/autônomo, cooperado",0,0,0,0
,,,analista,ensino superior completo,básico,,ti - projetos-,hunting,0,0,0,0
,ensino superior completo,básico,analista,ensino superior completo,básico,financeira/controladoria,financeira/controladoria-,clt full,0,1,1,0
,,,sênior,ensino superior completo,intermediário,,ti - sistemas e ferramentas-,hunting,0,0,0,0
,,,pleno,ensino superior completo,intermediário,,ti - desenvolvimento/programação-,pj/autônomo,0,0,0,0
,ensino superior completo,,analista,ensino superior completo,básico,,ti - sap-,"clt full, pj/autônomo",0,1,0,0
,,,sênior,ensino médio completo,nenhum,,gestão e alocação de recursos de ti-,pj/autônomo,0,0,0,0
,,,especialista,ensino superior completo,nenhum,,ti - sap-,pj/autônomo,0,0,0,0
,pós graduação completo,avançado,analista,ensino superior completo,básico,ti - infraestrutura,ti - segurança da informação-,"pj/autônomo, clt full",0,0,0,0
,,,sênior,ensino superior completo,avançado,,ti - desenvolvimento/programação-,,0,0,0,0
,,,analista,ensino superior completo,avançado,,ti - projetos-,pj/autônomo,0,0,0,0
,,,analista,ensino superior completo,básico,,ti - projetos-,hunting,0,0,0,0
,,,analista,ensino superior completo,básico,,ti - sap-,pj/autônomo,0,0,0,0
,pós graduação completo,básico,analista,ensino superior completo,básico,financeira/controladoria,ti - projetos-,"pj/autônomo, clt full",0,0,1,0
,,,assistente,ensino médio completo,nenhum,administrativa,administrativa-,clt full,0,0,0,0
,,,sênior,ensino técnico completo,nenhum,,ti - projetos-,pj/autônomo,0,0,0,0
,,,sênior,ensino superior completo,intermediário,,recursos humanos-,hunting,0,0,0,0
,,,analista,ensino superior completo,básico,,ti - projetos-,"clt full, pj/autônomo",0,0,0,0
,,,analista,ensino superior completo,básico,,ti - desenvolvimento/programação-,hunting,0,0,0,0
,,,analista,ensino superior completo,básico,,ti - projetos-,"clt full, pj/autônomo",0,0,0,0
,,,pleno,ensino superior completo,avançado,,ti - projetos-,pj/autônomo,0,0,0,0
,,,sênior,ensino superior completo,nenhum,,gestão e alocação de recursos de ti-ti - sap-,pj/autônomo,0,0,0,0
,,,pleno,ensino técnico completo,nenhum,,gestão e alocação de recursos de ti-,pj/autônomo,0,0,0,0
,,,analista,ensino superior completo,básico,,ti - projetos-,pj/autônomo,0,0,0,0
,,,pleno,ensino técnico completo,nenhum,,gestão e alocação de recursos de ti-ti - desenvolvimento/programação-,pj/autônomo,0,0,0,0
,,,analista,ensino superior completo,básico,,ti - projetos-,"clt full, pj/autônomo",0,0,0,0
,,,sênior,ensino superior completo,fluente,,ti - sap-,"pj/autônomo, clt full",0,0,0,0
,,,analista,ensino superior completo,básico,,ti - projetos-,"clt full, pj/autônomo",0,0,0,0
,ensino superior completo,básico,sênior,ensino médio completo,nenhum,ti - desenvolvimento/programação,financeira/controladoria-,clt cotas,0,0,0,0
,ensino superior completo,avançado,pleno,ensino técnico completo,nenhum,ti - sap,gestão e alocação de recursos de ti-,pj/autônomo,0,0,0,0
,pós graduação cursando,intermediário,júnior,ensino superior cursando,intermediário,recursos humanos,ti - projetos-,clt full,0,0,1,0
,,,analista,ensino superior completo,intermediário,,ti - projetos-,"clt full, pj/autônomo",0,0,0,0
,,,analista,ensino superior completo,básico,,ti - sap-,pj/autônomo,0,0,0,0
,,,sênior,ensino superior completo,fluente,,ti - projetos-,clt full,0,0,0,0
,,,sênior,ensino médio completo,nenhum,,financeira/controladoria-,pj/autônomo,0,0,0,0
,,,analista,ensino superior completo,básico,,ti - projetos-,"pj/autônomo, clt full",0,0,0,0
,,,pleno,ensino superior cursando,avançado,,ti - projetos-,clt cotas,0,0,0,0
,,,analista,ensino superior completo,básico,,ti - sap-,clt cotas,0,0,0,0
,ensino superior completo,básico,sênior,ensino médio completo,avançado,"marketing, novos negócios e parcerias, qualidade corporativa, ti - arquitetura, ti - banco de dados, ti - desenvolvimento/design, ti - desenvolvimento/mobile, ti - desenvolvimento/programação, ti - governança, ti - infraestrutura, ti - processos e negócios, ti - projetos, ti - qualidade/testes, ti - sap, ti - segurança da informação, ti - sistemas e ferramentas, ti - suporte, ti - telecom, ti - ux",financeira/controladoria-,pj/autônomo,0,0,0,0
,ensino superior cursando,avançado,pleno,ensino superior completo,nenhum,ti - desenvolvimento/programação,ti - desenvolvimento/programação-,clt full,0,0,0,0
,,,pleno,ensino técnico completo,nenhum,,gestão e alocação de recursos de ti-,pj/autônomo,0,0,0,0
,,,pleno,ensino superior completo,nenhum,,ti - desenvolvimento/programação-,,0,0,0,0
,,,analista,ensino superior completo,básico,,ti - sap-,cooperado,0,0,0,0
,ensino superior completo,avançado,pleno,ensino superior completo,avançado,ti - sap,ti - sap-,pj/autônomo,0,1,1,0
,,,analista,ensino superior completo,básico,,ti - projetos-,hunting,0,0,0,0
,,,pleno,ensino técnico completo,básico,,ti - projetos-,pj/autônomo,0,0,0,0
,ensino superior completo,intermediário,analista,ensino superior completo,básico,ti - sap,ti - sap-,"clt full, pj/autônomo",0,1,0,0
,,,especialista,ensino superior completo,básico,,ti - sap-,"clt full, pj/autônomo",0,0,0,0
,,,pleno,ensino superior completo,intermediário,,ti - sistemas e ferramentas-,pj/autônomo,0,0,0,0
,,,analista,ensino superior completo,básico,,ti - projetos-,"clt full, pj/autônomo",0,0,0,0
,,,pleno,ensino superior completo,nenhum,,gestão e alocação de recursos de ti-ti - sap-,pj/autônomo,0,0,0,0
,,,sênior,ensino superior completo,nenhum,,ti - sap-,cooperado,0,0,0,0
,pós graduação completo,nenhum,analista,ensino superior completo,básico,administrativa,ti - projetos-,"clt full, pj/autônomo",0,0,0,0
,,,analista,ensino superior completo,avançado,,ti - projetos-,"pj/autônomo, clt full",0,0,0,0
,,,sênior,ensino superior completo,nenhum,,ti - sap-,pj/autônomo,0,0,0,0
,,,analista,ensino superior completo,básico,,ti - projetos-,"pj/autônomo, clt full",0,0,0,0
,,,analista,ensino superior completo,básico,,ti - desenvolvimento/programação-,"pj/autônomo, clt full",0,0,0,0
,,,analista,ensino superior completo,avançado,,ti - sap-,pj/autônomo,0,0,0,0
,,,sênior,ensino superior completo,fluente,,ti - sap-,pj/autônomo,0,0,0,0
,mestrado completo,fluente,sênior,ensino superior completo,avançado,"administrativa, financeira/controladoria, gestão e alocação de recursos de ti, novos negócios e parcerias, ti - processos e negócios, ti - projetos, ti - sap",ti - desenvolvimento/programação-,clt full,0,0,0,0
,,,analista,ensino superior completo,básico,,recursos humanos-,clt full,0,0,0,0
,,,sênior,ensino médio completo,fluente,,ti - projetos-ti - sap-,pj/autônomo,0,0,0,0
,,,analista,ensino superior completo,intermediário,,ti - projetos-,clt full,0,0,0,0
,,,analista,ensino superior completo,básico,,ti - projetos-,"clt full, pj/autônomo",0,0,0,0
,ensino superior completo,fluente,analista,ensino superior completo,intermediário,ti - desenvolvimento/programação,ti - sap-,clt full,0,1,0,0
,,,analista,ensino superior completo,básico,,ti - projetos-,"pj/autônomo, clt full",0,0,0,0
,,,analista,ensino médio completo,básico,,ti - projetos-,"pj/autônomo, clt full",0,0,0,0
,,,analista,ensino superior completo,básico,,ti - projetos-,"pj/autônomo, clt full",0,0,0,0
,,,pleno,ensino técnico completo,nenhum,,gestão e alocação de recursos de ti-,clt full,0,0,0,0
,,,sênior,ensino médio completo,nenhum,,ti - sap-,cooperado,0,0,0,0
,ensino superior cursando,básico,assistente,ensino médio completo,nenhum,administrativa,ti - projetos-,clt full,0,0,0,0
,,,sênior,ensino médio completo,nenhum,,financeira/controladoria-,cooperado,0,0,0,0
,,,sênior,ensino superior completo,avançado,,ti - desenvolvimento/programação-,clt full,0,0,0,0
,,,sênior,ensino superior completo,intermediário,,ti - projetos-,clt full,0,0,0,0
,,,sênior,ensino superior completo,básico,,ti - projetos-,"clt full, pj/autônomo",0,0,0,0
,,,gerente,ensino superior completo,avançado,,ti - projetos-,pj/autônomo,0,0,0,0
,,,analista,ensino superior completo,básico,,ti - desenvolvimento/programação-,"clt full, pj/autônomo",0,0,0,0
,pós graduação cursando,fluente,sênior,ensino superior completo,fluente,"gestão e alocação de recursos de ti, ti - infraestrutura, ti - processos e negócios, ti - projetos, ti - suporte",ti - infraestrutura-,,0,0,1,0
,,,sênior,ensino superior completo,básico,,ti - projetos-,"clt full, pj/autônomo",0,0,0,0
,,,analista,ensino superior completo,básico,,ti - sap-,"pj/autônomo, cooperado",0,0,0,0
,,,sênior,ensino superior completo,avançado,,ti - sap-,pj/autônomo,0,0,0,0
,,,analista,ensino superior completo,básico,,ti - projetos-,"pj/autônomo, clt full",0,0,0,0
,,,sênior,ensino superior completo,fluente,,ti - sap-,pj/autônomo,0,0,0,0
,,,analista,ensino superior cursando,intermediário,,gestão e alocação de recursos de ti-,clt full,0,0,0,0
,,,analista,ensino superior completo,básico,,ti - projetos-,"clt full, pj/autônomo",0,0,0,0
,ensino superior cursando,fluente,sênior,ensino superior completo,nenhum,ti - arquitetura,gestão e alocação de recursos de ti-ti - sap-,pj/autônomo,0,0,0,0
,,,sênior,ensino médio completo,avançado,,financeira/controladoria-,pj/autônomo,0,0,0,0
,,,sênior,ensino superior completo,básico,,ti - sap-,"pj/autônomo, cooperado",0,0,0,0
,,,analista,ensino superior completo,avançado,,ti - desenvolvimento/programação-,clt full,0,0,0,0
,,,sênior,ensino superior completo,avançado,,marketing-,"clt full, clt cotas, pj/autônomo",0,0,0,0
,,,analista,ensino superior completo,básico,,ti - projetos-,"clt full, pj/autônomo",0,0,0,0
,,,analista,ensino superior completo,básico,,ti - projetos-,"pj/autônomo, clt full",0,0,0,0
,,,analista,ensino superior completo,básico,,ti - projetos-,"clt full, pj/autônomo",0,0,0,0
,,,sênior,ensino superior completo,nenhum,,gestão e alocação de recursos de ti-ti - sap-,pj/autônomo,0,0,0,0
,,,analista,ensino superior completo,básico,,recursos humanos-,clt full,0,0,0,0
,pós graduação completo,avançado,analista,ensino superior completo,básico,administrativa,ti - projetos-,"pj/autônomo, clt full",0,0,0,0
,,,sênior,ensino superior completo,fluente,,ti - desenvolvimento/design-,pj/autônomo,0,0,0,0
,,,analista,ensino superior completo,avançado,,ti - projetos-,"clt full, pj/autônomo",0,0,0,0
,,,analista,ensino superior completo,básico,,ti - sap-,cooperado,0,0,0,0
,,,analista,ensino superior completo,básico,,ti - projetos-,hunting,0,0,0,0
,,,pleno,ensino superior completo,avançado,,gestão e alocação de recursos de ti-ti - suporte-,pj/autônomo,0,0,0,0
,,,analista,ensino superior completo,básico,,ti - projetos-,"clt full, pj/autônomo",0,0,0,0
,,,analista,ensino superior completo,básico,,ti - projetos-,hunting,0,0,0,0
,,,pleno,ensino superior completo,básico,,ti - projetos-,"pj/autônomo, clt full",0,0,0,0
,,,analista,ensino superior completo,básico,,ti - projetos-,"clt full, pj/autônomo",0,0,0,0
,,,analista,ensino superior completo,fluente,,ti - desenvolvimento/design-ti - desenvolvimento/programação-,clt full,0,0,0,0
,,,sênior,ensino superior completo,nenhum,,ti - desenvolvimento/programação-,,0,0,0,0
,pós graduação cursando,avançado,sênior,ensino médio completo,nenhum,ti - desenvolvimento/programação,administrativa-,cooperado,0,0,0,0
,pós graduação completo,básico,sênior,ensino médio completo,nenhum,ti - projetos,gestão e alocação de recursos de ti-,cooperado,0,0,0,0
,,,pleno,ensino técnico completo,nenhum,,gestão e alocação de recursos de ti-,hunting,0,0,0,0
,,,analista,ensino superior completo,básico,,ti - projetos-,"clt full, pj/autônomo",0,0,0,0
,ensino superior completo,,analista,ensino superior completo,básico,,ti - desenvolvimento/programação-,clt full,0,1,0,0
,,,assistente,ensino superior completo,básico,,ti - sap-,pj/autônomo,0,0,0,0
,,,analista,ensino superior completo,básico,,ti - desenvolvimento/programação-,clt full,0,0,0,0
,,,analista,ensino superior completo,básico,,ti - sap-,hunting,0,0,0,0
,,,sênior,ensino médio completo,avançado,,ti - projetos-ti - sap-,pj/autônomo,0,0,0,0
,pós graduação completo,avançado,pleno,ensino superior completo,avançado,ti - processos e negócios,ti - projetos-,hunting,0,0,1,0
,,,analista,ensino superior completo,avançado,,ti - infraestrutura-,clt full,0,0,0,0
,,,analista,ensino superior completo,básico,,ti - sap-,clt full,0,0,0,0
,,,sênior,ensino superior completo,nenhum,,ti - sap-,pj/autônomo,0,0,0,0
,ensino superior incompleto,intermediário,pleno,ensino médio completo,nenhum,ti - desenvolvimento/programação,financeira/controladoria-,hunting,0,0,0,0
,,,sênior,ensino médio completo,fluente,,gestão e alocação de recursos de ti-,pj/autônomo,0,0,0,0
,,,analista,ensino superior completo,básico,,ti - projetos-,"clt full, pj/autônomo",0,0,0,0
,,,analista,ensino superior completo,básico,,ti - projetos-,"clt full, pj/autônomo",0,0,0,0
,ensino superior completo,fluente,pleno,ensino médio completo,avançado,ti - projetos,gestão e alocação de recursos de ti-,pj/autônomo,0,0,0,0
,,,sênior,ensino superior completo,avançado,,ti - projetos-,hunting,0,0,0,0
,,,pleno,ensino técnico completo,nenhum,,gestão e alocação de recursos de ti-,pj/autônomo,0,0,0,0
,,,sênior,ensino médio completo,nenhum,,ti - sap-,pj/autônomo,0,0,0,0
,ensino superior incompleto,básico,pleno,ensino superior completo,básico,ti - segurança da informação,ti - projetos-,clt full,0,0,1,0
,,,sênior,ensino superior completo,básico,,ti - projetos-,"pj/autônomo, cooperado",0,0,0,0
,ensino médio completo,básico,assistente,ensino médio completo,nenhum,administrativa,ti - projetos-,clt full,0,1,0,0
,,,analista,ensino superior completo,básico,,ti - desenvolvimento/programação-,"pj/autônomo, clt full",0,0,0,0
,,,sênior,ensino superior completo,avançado,,ti - sap-,hunting,0,0,0,0
,,,analista,ensino superior incompleto,avançado,,ti - qualidade/testes-,clt full,0,0,0,0
,,,gerente,ensino superior completo,básico,,ti - governança-ti - infraestrutura-ti - suporte-,"cooperado, pj/autônomo",0,0,0,0
,,,sênior,ensino superior completo,básico,,ti - projetos-,"pj/autônomo, clt full",0,0,0,0
,ensino superior completo,básico,analista,ensino superior completo,básico,"administrativa, financeira/controladoria",ti - projetos-,"clt full, pj/autônomo",0,1,1,0
,,,pleno,ensino técnico completo,nenhum,,gestão e alocação de recursos de ti-,pj/autônomo,0,0,0,0
,ensino superior completo,avançado,analista,ensino superior completo,básico,ti - desenvolvimento/programação,ti - desenvolvimento/programação-,clt full,0,1,0,0
,ensino superior completo,intermediário,coordenador,ensino superior completo,básico,ti - projetos,ti - projetos-,"pj/autônomo, clt full",0,1,0,0
,ensino superior completo,intermediário,sênior,ensino superior completo,intermediário,comercial,ti - projetos-,pj/autônomo,0,1,1,0
,,,pleno,ensino superior completo,nenhum,,gestão e alocação de recursos de ti-ti - arquitetura-,pj/autônomo,0,0,0,0
,,,sênior,ensino superior completo,básico,,ti - projetos-,clt full,0,0,0,0
,pós graduação cursando,avançado,gerente,ensino superior completo,básico,"ti - processos e negócios, ti - projetos",ti - projetos-,cooperado,0,0,0,0
,,,pleno,ensino superior completo,nenhum,,ti - desenvolvimento/programação-,clt full,0,0,0,0
,,,sênior,ensino técnico completo,avançado,,ti - projetos-,hunting,0,0,0,0
,,,sênior,ensino superior completo,básico,,ti - sap-,pj/autônomo,0,0,0,0
,,,sênior,ensino superior completo,intermediário,,ti - projetos-,clt full,0,0,0,0
,,,sênior,ensino superior completo,nenhum,,ti - desenvolvimento/programação-,clt full,0,0,0,0
,ensino superior completo,intermediário,sênior,ensino superior completo,básico,ti - processos e negócios,ti - projetos-,"cooperado, pj/autônomo",0,1,0,0
,,,analista,ensino superior completo,básico,,ti - projetos-,"pj/autônomo, clt full",0,0,0,0
,,,analista,ensino superior completo,básico,,ti - sap-,pj/autônomo,0,0,0,0
,,,analista,ensino superior completo,avançado,,ti - projetos-,"pj/autônomo, clt full",0,0,0,0
,ensino superior completo,intermediário,pleno,ensino superior completo,nenhum,ti - desenvolvimento/programação,ti - desenvolvimento/programação-,hunting,0,1,0,0
,,,pleno,ensino médio completo,avançado,,gestão e alocação de recursos de ti-,pj/autônomo,0,0,0,0
,,,pleno,ensino técnico completo,nenhum,,gestão e alocação de recursos de ti-,pj/autônomo,0,0,0,0
,,,sênior,ensino médio completo,avançado,,ti - projetos-,pj/autônomo,0,0,0,0
,,,sênior,ensino superior completo,avançado,,ti - projetos-,pj/autônomo,0,0,0,0
,,,sênior,ensino superior completo,nenhum,,ti - sap-,pj/autônomo,0,0,0,0
,,,sênior,ensino superior completo,nenhum,,gestão e alocação de recursos de ti-,clt full,0,0,0,0
,ensino superior completo,avançado,analista,ensino superior completo,fluente,"ti - arquitetura, ti - processos e negócios, ti - projetos, ti - qualidade/testes, ti - sap",ti - processos e negócios-,clt full,0,1,0,0
,,,gerente,ensino superior completo,avançado,,ti - projetos-,hunting,0,0,0,0
,,,sênior,ensino superior completo,intermediário,,ti - desenvolvimento/design-,pj/autônomo,0,0,0,0
,,,sênior,ensino superior completo,fluente,,ti - sap-,pj/autônomo,0,0,0,0
,ensino superior completo,avançado,analista,ensino superior completo,básico,administrativa,ti - projetos-,"pj/autônomo, clt full",0,1,0,0
,,,pleno,ensino superior completo,nenhum,,gestão e alocação de recursos de ti-ti - infraestrutura-,pj/autônomo,0,0,0,0
,ensino superior completo,avançado,sênior,ensino superior completo,fluente,ti - sap,ti - sap-,pj/autônomo,0,1,0,0
,,,analista,ensino superior completo,básico,,ti - projetos-,"pj/autônomo, clt full",0,0,0,0
,,,pleno,ensino superior completo,avançado,,ti - sap-,pj/autônomo,0,0,0,0
,,,analista,ensino superior completo,básico,,ti - projetos-,clt cotas,0,0,0,0
,,,analista,ensino superior completo,básico,,ti - sap-,pj/autônomo,0,0,0,0
,,,sênior,ensino superior completo,avançado,,ti - projetos-,hunting,0,0,0,0
,ensino superior incompleto,básico,sênior,ensino médio completo,avançado,administrativa,gestão e alocação de recursos de ti-,pj/autônomo,0,0,0,0
,,,sênior,ensino superior completo,básico,,ti - sap-,"pj/autônomo, clt full",0,0,0,0
,,,analista,ensino superior completo,básico,,ti - sap-,pj/autônomo,0,0,0,0
,,,pleno,ensino técnico completo,nenhum,,gestão e alocação de recursos de ti-,pj/autônomo,0,0,0,0
,,,pleno,ensino superior completo,intermediário,,ti - sistemas e ferramentas-,,0,0,0,0
,pós graduação cursando,fluente,sênior,ensino superior completo,nenhum,ti - sap,ti - sap-,cooperado,0,0,0,0
,,,sênior,ensino superior completo,nenhum,,ti - sistemas e ferramentas-,clt full,0,0,0,0
,,,analista,ensino superior completo,básico,,ti - desenvolvimento/programação-,clt full,0,0,0,0
,,,sênior,ensino superior completo,básico,,ti - desenvolvimento/programação-,clt full,0,0,0,0
,,,analista,ensino superior completo,fluente,,ti - sap-,"pj/autônomo, clt full",0,0,0,0
,ensino superior cursando,básico,analista,ensino superior completo,básico,relacionamento técnico,ti - projetos-,"clt full, pj/autônomo",0,0,1,0
,,,pleno,ensino técnico completo,nenhum,,gestão e alocação de recursos de ti-,pj/autônomo,0,0,0,0
,,,analista,ensino superior completo,básico,,ti - projetos-,"pj/autônomo, cooperado",0,0,0,0
,,,júnior,ensino superior cursando,intermediário,,ti - infraestrutura-,hunting,0,0,0,0
,,,júnior,ensino superior completo,nenhum,,ti - banco de dados-,clt full,0,0,0,0
,,,júnior,ensino médio completo,nenhum,,administrativa-,clt full,0,0,0,0
,,,sênior,ensino superior completo,básico,,ti - sap-,pj/autônomo,0,0,0,0
,,,sênior,ensino superior completo,fluente,,ti - sap-,pj/autônomo,0,0,0,0
,,,pleno,ensino superior completo,nenhum,,ti - desenvolvimento/programação-,clt cotas,0,0,0,0
,,,analista,ensino superior completo,intermediário,,ti - sap-,"clt full, clt cotas, cooperado, estagiário, pj/autônomo",0,0,0,0
,,,analista,ensino superior completo,básico,,ti - sap-,,0,0,0,0
,,,analista,ensino superior completo,básico,,ti - projetos-,"clt full, pj/autônomo",0,0,0,0
,,,sênior,ensino médio completo,avançado,,ti - desenvolvimento/programação-ti - processos e negócios-ti - projetos-,pj/autônomo,0,0,0,0
,,intermediário,analista,ensino superior completo,básico,ti - sap,ti - projetos-,"clt full, pj/autônomo",0,0,0,0
,,,pleno,ensino superior completo,nenhum,,ti - desenvolvimento/programação-,hunting,0,0,0,0
,,,analista,ensino superior completo,avançado,,ti - sap-,pj/autônomo,0,0,0,0
,,,assistente,ensino superior cursando,nenhum,,administrativa-,clt full,0,0,0,0
,,,sênior,ensino superior completo,fluente,,ti - sap-,hunting,0,0,0,0
,,,júnior,ensino médio completo,nenhum,,administrativa-,clt full,0,0,0,0
,,,pleno,ensino técnico completo,nenhum,,gestão e alocação de recursos de ti-,pj/autônomo,0,0,0,0
,,,sênior,ensino superior completo,fluente,,ti - projetos-,pj/autônomo,0,0,0,0
,ensino superior completo,básico,sênior,ensino superior completo,nenhum,ti - arquitetura,ti - sistemas e ferramentas-,pj/autônomo,0,1,0,0
,ensino superior completo,intermediário,sênior,ensino superior completo,nenhum,ti - projetos,ti - projetos-,hunting,0,1,0,0
,,,sênior,ensino superior completo,nenhum,,ti - projetos-,pj/autônomo,0,0,0,0
,,,pleno,ensino médio completo,avançado,,gestão e alocação de recursos de ti-,pj/autônomo,0,0,0,0
,,,sênior,ensino superior completo,nenhum,,gestão e alocação de recursos de ti-ti - sap-,pj/autônomo,0,0,0,0
,,,júnior,ensino superior completo,técnico,,ti - sap-,pj/autônomo,0,0,0,0
,,,pleno,ensino médio completo,nenhum,,gestão e alocação de recursos de ti-,pj/autônomo,0,0,0,0
,,,sênior,ensino superior completo,fluente,,ti - projetos-,pj/autônomo,0,0,0,0
,ensino superior completo,fluente,sênior,ensino superior completo,avançado,ti - processos e negócios,gestão e alocação de recursos de ti-,pj/autônomo,0,1,0,0
,pós graduação completo,avançado,analista,ensino superior completo,básico,"ti - arquitetura, ti - desenvolvimento/design, ti - governança, ti - infraestrutura, ti - processos e negócios, ti - projetos, ti - sistemas e ferramentas, ti - suporte, ti - telecom, ti - ux",ti - desenvolvimento/programação-,hunting,0,0,0,0
,,,sênior,ensino médio completo,nenhum,,administrativa-,pj/autônomo,0,0,0,0
,ensino superior cursando,básico,analista,ensino superior completo,básico,ti - suporte,ti - projetos-,pj/autônomo,0,0,1,0
sênior,ensino técnico completo,básico,analista,ensino superior completo,fluente,ti - sap,ti - sap-,"pj/autônomo, clt full",0,0,0,0
,,,analista,ensino superior completo,básico,,ti - sap-,"pj/autônomo, clt full",0,0,0,0
,,,sênior,ensino superior completo,nenhum,,gestão e alocação de recursos de ti-ti - sap-,pj/autônomo,0,0,0,0
,,,analista,ensino superior completo,avançado,,ti - sap-,"pj/autônomo, clt cotas",0,0,0,0
,,,júnior,ensino superior cursando,nenhum,,ti - qualidade/testes-,clt full,0,0,0,0
,,,analista,ensino superior completo,intermediário,,ti - sap-,clt full,0,0,0,0
,,,sênior,ensino superior incompleto,intermediário,,ti - sap-,pj/autônomo,0,0,0,0
,,,analista,ensino superior completo,básico,,ti - projetos-,"clt full, pj/autônomo",0,0,0,0
,,,pleno,ensino superior completo,nenhum,,gestão e alocação de recursos de ti-,hunting,0,0,0,0
,,,analista,ensino superior completo,básico,,ti - projetos-,"clt full, pj/autônomo",0,0,0,0
,ensino superior completo,básico,sênior,ensino médio completo,nenhum,ti - qualidade/testes,gestão e alocação de recursos de ti-,cooperado,0,0,0,0
,ensino superior completo,intermediário,assistente,ensino médio completo,nenhum,financeira/controladoria,administrativa-,clt full,0,0,0,0
,ensino superior cursando,básico,pleno,ensino superior completo,básico,ti - desenvolvimento/programação,ti - projetos-,"clt full, pj/autônomo",0,0,1,0
,ensino superior completo,intermediário,analista,ensino superior completo,básico,ti - suporte,ti - suporte-,clt full,0,1,0,0
,pós graduação completo,,sênior,ensino superior completo,básico,,ti - sap-,"pj/autônomo, clt full",0,0,0,0
,,,analista,ensino superior cursando,nenhum,,ti - sap-,clt cotas,0,0,0,0
,,,pleno,ensino superior completo,intermediário,,gestão e alocação de recursos de ti-,clt full,0,0,0,0
,ensino superior completo,avançado,analista,ensino superior completo,básico,"ti - desenvolvimento/design, ti - ux",ti - ux-,clt full,0,1,0,0
,ensino superior completo,intermediário,pleno,ensino superior completo,básico,financeira/controladoria,ti - projetos-,clt full,0,1,0,0
,,,sênior,ensino superior completo,básico,,ti - projetos-,cooperado,0,0,0,0
,ensino superior completo,básico,sênior,ensino superior completo,avançado,ti - infraestrutura,ti - desenvolvimento/programação-,pj/autônomo,0,1,0,0
,,,sênior,ensino superior completo,fluente,,gestão e alocação de recursos de ti-ti - sap-,pj/autônomo,0,0,0,0
,,,pleno,ensino médio completo,avançado,,ti - projetos-,pj/autônomo,0,0,0,0
,ensino superior completo,intermediário,sênior,ensino superior completo,intermediário,ti - desenvolvimento/programação,ti - desenvolvimento/mobile-,,0,1,1,0
,,,sênior,ensino superior cursando,fluente,,ti - sap-,cooperado,0,0,0,0
,pós graduação completo,básico,pleno,ensino superior completo,intermediário,ti - infraestrutura,ti - projetos-,clt full,0,0,0,0
,ensino superior cursando,básico,analista,ensino superior completo,básico,ti - infraestrutura,ti - infraestrutura-,clt full,0,0,1,0
,ensino superior completo,avançado,sênior,ensino superior completo,nenhum,ti - desenvolvimento/programação,ti - sap-,pj/autônomo,0,1,0,0
,ensino superior completo,básico,pleno,ensino técnico completo,nenhum,ti - desenvolvimento/programação,gestão e alocação de recursos de ti-,pj/autônomo,0,0,0,0
,,,pleno,ensino médio completo,avançado,,ti - projetos-,pj/autônomo,0,0,0,0
,,,assistente,ensino superior cursando,nenhum,,administrativa-,clt full,0,0,0,0
,pós graduação completo,fluente,analista,ensino superior completo,básico,ti - processos e negócios,ti - sap-,"pj/autônomo, clt full",0,0,0,0
,pós graduação completo,avançado,gerente,ensino superior completo,básico,"ti - desenvolvimento/design, ti - desenvolvimento/mobile, ti - desenvolvimento/programação, ti - governança, ti - infraestrutura, ti - processos e negócios, ti - projetos, ti - qualidade/testes",ti - projetos-,"clt full, pj/autônomo",0,0,0,0
,,,analista,ensino superior completo,básico,,ti - projetos-,"pj/autônomo, clt full",0,0,0,0
,,,analista,ensino superior completo,básico,,ti - sap-,"pj/autônomo, clt full",0,0,0,0
,,,pleno,ensino médio completo,básico,,financeira/controladoria-,clt full,0,0,0,0
,pós graduação completo,,sênior,ensino superior completo,básico,,ti - sap-,pj/autônomo,0,0,0,0
,,,sênior,ensino superior completo,intermediário,,ti - desenvolvimento/programação-,,0,0,0,0
,,,sênior,ensino superior completo,básico,,ti - projetos-,"pj/autônomo, clt full",0,0,0,0
,,,sênior,ensino superior cursando,avançado,,ti - sap-,"pj/autônomo, clt full",0,0,0,0
,,,sênior,ensino superior completo,nenhum,,ti - sap-,pj/autônomo,0,0,0,0
,ensino superior completo,fluente,sênior,ensino médio completo,fluente,"ti - desenvolvimento/design, ti - desenvolvimento/mobile, ti - desenvolvimento/programação",administrativa-,hunting,0,0,1,0
,,,analista,ensino superior completo,intermediário,,ti - projetos-,clt full,0,0,0,0
,,,pleno,ensino técnico completo,nenhum,,gestão e alocação de recursos de ti-,clt full,0,0,0,0
,ensino superior completo,fluente,pleno,ensino superior completo,nenhum,ti - banco de dados,ti - qualidade/testes-,pj/autônomo,0,1,0,0
,ensino superior completo,intermediário,pleno,ensino superior completo,avançado,"ti - desenvolvimento/mobile, ti - desenvolvimento/programação, ti - sistemas e ferramentas",gestão e alocação de recursos de ti-,pj/autônomo,0,1,0,0
,,,analista,ensino superior completo,avançado,,ti - projetos-,"cooperado, pj/autônomo",0,0,0,0
,ensino superior completo,fluente,analista,ensino superior completo,básico,administrativa,ti - projetos-,"clt full, pj/autônomo",0,1,0,0
,,,analista,ensino superior completo,básico,,ti - suporte-,clt cotas,0,0,0,0
,,,sênior,ensino superior completo,básico,,ti - projetos-,hunting,0,0,0,0
,pós graduação completo,intermediário,sênior,ensino médio completo,técnico,"ti - governança, ti - processos e negócios, ti - projetos, ti - sap, ti - segurança da informação, ti - suporte",ti - sap-,pj/autônomo,0,0,0,0
,,,analista,ensino superior completo,básico,,ti - sap-,"pj/autônomo, clt full",0,0,0,0
,,,analista,ensino superior completo,básico,,ti - desenvolvimento/programação-,hunting,0,0,0,0
,,,analista,ensino superior completo,básico,,ti - suporte-,"cooperado, pj/autônomo",0,0,0,0
,,,analista,ensino superior completo,básico,,ti - sistemas e ferramentas-,clt cotas,0,0,0,0
,,,sênior,ensino superior completo,avançado,,ti - projetos-,hunting,0,0,0,0
,,,sênior,ensino médio completo,avançado,,gestão e alocação de recursos de ti-,pj/autônomo,0,0,0,0
,,,sênior,ensino superior completo,fluente,,ti - sap-,pj/autônomo,0,0,0,0
,,,pleno,ensino superior completo,nenhum,,ti - sap-,hunting,0,0,0,0
,ensino superior completo,avançado,analista,ensino superior completo,intermediário,ti - sistemas e ferramentas,ti - projetos-,pj/autônomo,0,1,0,0
,,,pleno,ensino médio completo,nenhum,,administrativa-,cooperado,0,0,0,0
,,,analista,ensino superior completo,básico,,ti - desenvolvimento/programação-,clt full,0,0,0,0
,,,analista,ensino superior completo,básico,,ti - sap-,pj/autônomo,0,0,0,0
,,,analista,ensino superior completo,básico,,ti - projetos-,"clt full, pj/autônomo",0,0,0,0
,,,sênior,ensino superior completo,avançado,,ti - sap-,hunting,0,0,0,0
,,,sênior,ensino superior completo,fluente,,ti - desenvolvimento/programação-,clt full,0,0,0,0
,,,analista,ensino superior completo,avançado,,ti - projetos-,"pj/autônomo, clt full",0,0,0,0
,,,assistente,ensino médio completo,nenhum,,administrativa-,clt full,0,0,0,0
,pós graduação completo,,sênior,ensino superior completo,básico,,ti - projetos-,pj/autônomo,0,0,0,0
,,,sênior,ensino superior completo,fluente,,gestão e alocação de recursos de ti-ti - sap-,pj/autônomo,0,0,0,0
,,,analista,ensino superior completo,fluente,,ti - sap-,pj/autônomo,0,0,0,0
,,,analista,ensino superior completo,básico,,ti - projetos-,"clt full, pj/autônomo",0,0,0,0
,ensino superior completo,básico,analista,ensino superior completo,básico,ti - desenvolvimento/programação,ti - projetos-,clt full,0,1,1,0
,ensino superior completo,básico,sênior,ensino médio completo,nenhum,ti - projetos,financeira/controladoria-,cooperado,0,0,0,0
,,,analista,ensino superior completo,básico,,ti - desenvolvimento/programação-,"clt cotas, pj/autônomo",0,0,0,0
,,,pleno,pós graduação cursando,nenhum,,gestão e alocação de recursos de ti-ti - segurança da informação-,pj/autônomo,0,0,0,0
,,,sênior,ensino superior completo,básico,,ti - sap-,pj/autônomo,0,0,0,0
,,,analista,ensino superior completo,básico,,ti - projetos-,"clt full, pj/autônomo",0,0,0,0
,,,analista,ensino superior completo,fluente,,ti - projetos-,pj/autônomo,0,0,0,0
,,,analista,ensino superior completo,básico,,ti - projetos-,"clt full, pj/autônomo",0,0,0,0
,pós graduação completo,avançado,sênior,ensino superior completo,avançado,"ti - arquitetura, ti - desenvolvimento/mobile, ti - desenvolvimento/programação, ti - processos e negócios, ti - sistemas e ferramentas",ti - sistemas e ferramentas-,clt full,0,0,1,0
,,,júnior,ensino superior completo,básico,,jurídica-,clt full,0,0,0,0
,ensino superior incompleto,intermediário,analista,ensino superior completo,intermediário,ti - desenvolvimento/programação,ti - desenvolvimento/programação-,clt full,0,0,1,0
,ensino superior cursando,básico,júnior,ensino superior completo,nenhum,ti - desenvolvimento/design,ti - projetos-,pj/autônomo,0,0,0,0
,,,analista,ensino superior completo,básico,,ti - projetos-,hunting,0,0,0,0
,,,pleno,ensino médio completo,nenhum,,administrativa-,clt full,0,0,0,0
,ensino superior completo,intermediário,analista,ensino superior completo,básico,ti - desenvolvimento/programação,ti - desenvolvimento/programação-,clt full,0,1,0,0
,,,sênior,ensino superior completo,avançado,,ti - suporte-,clt full,0,0,0,0
,,,pleno,ensino técnico completo,nenhum,,gestão e alocação de recursos de ti-,pj/autônomo,0,0,0,0
,,,sênior,ensino superior completo,avançado,,ti - sap-,pj/autônomo,0,0,0,0
,,,analista,ensino superior completo,básico,,ti - sap-,pj/autônomo,0,0,0,0
,,,analista,ensino superior completo,avançado,,ti - projetos-,pj/autônomo,0,0,0,0
,,,sênior,ensino superior completo,avançado,,ti - sap-,hunting,0,0,0,0
,,avançado,sênior,ensino médio completo,nenhum,,financeira/controladoria-,pj/autônomo,0,0,0,0
,,,sênior,ensino médio completo,nenhum,,gestão e alocação de recursos de ti-,cooperado,0,0,0,0
,,,analista,ensino superior completo,básico,,ti - projetos-,hunting,0,0,0,0
,,,pleno,ensino superior completo,básico,,ti - projetos-,cooperado,0,0,0,0
,,,pleno,ensino superior completo,avançado,,ti - projetos-,pj/autônomo,0,0,0,0
,,,especialista,ensino superior completo,básico,,gestão e alocação de recursos de ti-ti - projetos-,hunting,0,0,0,0
,,,sênior,ensino superior completo,básico,,ti - sap-,hunting,0,0,0,0
,,,júnior,ensino técnico incompleto,técnico,,financeira/controladoria-,clt cotas,0,0,0,0
,,,analista,ensino superior completo,básico,,ti - projetos-,"clt full, pj/autônomo",0,0,0,0
líder,mestrado completo,,sênior,ensino superior incompleto,intermediário,,ti - sap-,pj/autônomo,0,0,0,0
,pós graduação completo,avançado,pleno,ensino técnico completo,nenhum,financeira/controladoria,gestão e alocação de recursos de ti-,pj/autônomo,0,0,0,0
,,,sênior,ensino superior completo,avançado,,gestão e alocação de recursos de ti-ti - sap-,pj/autônomo,0,0,0,0
,pós graduação completo,avançado,sênior,ensino superior completo,básico,ti - sap,ti - sap-,"pj/autônomo, clt full",0,0,0,0
,,,júnior,ensino superior completo,avançado,,ti - suporte-,hunting,0,0,0,0
,pós graduação completo,básico,analista,ensino superior completo,básico,ti - sistemas e ferramentas,ti - desenvolvimento/programação-,"clt full, pj/autônomo",0,0,1,0
,,,pleno,ensino superior completo,avançado,,ti - projetos-,pj/autônomo,0,0,0,0
,,,analista,ensino superior completo,básico,,ti - projetos-,"clt full, pj/autônomo",0,0,0,0
,pós graduação completo,,sênior,ensino médio completo,nenhum,,financeira/controladoria-,cooperado,0,0,0,0
,,,sênior,ensino superior completo,avançado,,ti - sap-,pj/autônomo,0,0,0,0
,pós graduação incompleto,básico,sênior,ensino superior completo,avançado,"ti - banco de dados, ti - desenvolvimento/programação",ti - projetos-,pj/autônomo,0,0,0,0
,ensino superior completo,intermediário,analista,ensino superior completo,básico,ti - suporte,ti - projetos-,pj/autônomo,0,1,0,0
,,,pleno,ensino superior completo,básico,,ti - sap-,hunting,0,0,0,0
,,,analista,ensino superior completo,básico,,ti - projetos-,"clt full, pj/autônomo",0,0,0,0
,ensino superior cursando,intermediário,sênior,ensino superior cursando,nenhum,administrativa,ti - projetos-,pj/autônomo,0,1,0,0
,,,sênior,ensino superior completo,nenhum,,ti - sap-,hunting,0,0,0,0
,,,sênior,ensino superior completo,técnico,,ti - desenvolvimento/programação-,,0,0,0,0
,,,sênior,ensino superior completo,básico,,ti - projetos-,"pj/autônomo, clt full",0,0,0,0
,,,sênior,ensino superior completo,avançado,,ti - projetos-,cooperado,0,0,0,0
,,,sênior,ensino superior completo,básico,,ti - sap-,"pj/autônomo, clt full",0,0,0,0
,,,analista,ensino superior completo,básico,,ti - sap-,clt cotas,0,0,0,0
,,,analista,ensino superior completo,básico,,ti - sap-,pj/autônomo,0,0,0,0
,pós graduação completo,básico,sênior,ensino superior completo,nenhum,ti - projetos,ti - sap-,pj/autônomo,0,0,0,0
,,,sênior,ensino superior completo,intermediário,,ti - sistemas e ferramentas-,clt cotas,0,0,0,0
,,,sênior,ensino superior completo,nenhum,,ti - desenvolvimento/programação-,pj/autônomo,0,0,0,0
,mestrado completo,fluente,analista,ensino superior completo,básico,"financeira/controladoria, ti - governança, ti - processos e negócios, ti - projetos, ti - ux",ti - projetos-,"pj/autônomo, clt full",0,0,0,0
,,,sênior,ensino superior completo,nenhum,,gestão e alocação de recursos de ti-,clt full,0,0,0,0
,,,sênior,ensino superior completo,nenhum,,ti - sistemas e ferramentas-,pj/autônomo,0,0,0,0
,,,sênior,ensino superior completo,intermediário,,ti - projetos-,clt full,0,0,0,0
,ensino superior completo,intermediário,pleno,ensino técnico completo,nenhum,ti - sap,gestão e alocação de recursos de ti-,pj/autônomo,0,0,0,0
,,,especialista,pós graduação completo,básico,,ti - sap-,pj/autônomo,0,0,0,0
,,,analista,ensino superior completo,intermediário,,ti - projetos-,"clt full, pj/autônomo",0,0,0,0
,,,analista,ensino superior completo,básico,,ti - projetos-,"pj/autônomo, clt full",0,0,0,0
,pós graduação completo,,sênior,ensino médio completo,avançado,,gestão e alocação de recursos de ti-,pj/autônomo,0,0,0,0
,,,sênior,ensino superior completo,avançado,,ti - sap-,hunting,0,0,0,0
,,,pleno,ensino técnico completo,nenhum,,gestão e alocação de recursos de ti-,pj/autônomo,0,0,0,0
,ensino superior completo,intermediário,sênior,ensino médio completo,avançado,ti - desenvolvimento/programação,gestão e alocação de recursos de ti-,pj/autônomo,0,0,0,0
,ensino superior completo,,analista,ensino superior completo,avançado,,ti - sap-,clt cotas,0,1,0,0
,,,pleno,ensino superior completo,intermediário,,gestão e alocação de recursos de ti-,pj/autônomo,0,0,0,0
,,,analista,ensino superior completo,básico,,ti - sap-,"pj/autônomo, clt cotas",0,0,0,0
,,,pleno,ensino técnico completo,nenhum,,ti - projetos-,clt full,0,0,0,0
,,,sênior,ensino superior completo,nenhum,,ti - projetos-,hunting,0,0,0,0
,,,pleno,ensino superior completo,nenhum,,gestão e alocação de recursos de ti-ti - infraestrutura-,pj/autônomo,0,0,0,0
,,,sênior,ensino superior completo,básico,,ti - sap-,"clt full, pj/autônomo",0,0,0,0
,,,analista,ensino superior completo,intermediário,,ti - projetos-,"clt full, pj/autônomo",0,0,0,0
,ensino superior cursando,avançado,sênior,ensino superior completo,intermediário,ti - desenvolvimento/programação,ti - desenvolvimento/programação-,,0,0,0,0
,ensino superior completo,avançado,sênior,ensino médio completo,avançado,ti - qualidade/testes,financeira/controladoria-,pj/autônomo,0,0,1,0
,ensino superior completo,básico,especialista,ensino superior completo,básico,ti - sap,ti - sap-,"clt full, pj/autônomo",0,1,1,0
,,,analista,ensino superior completo,básico,,ti - projetos-,"pj/autônomo, clt full",0,0,0,0
,,,analista,ensino superior completo,básico,,ti - projetos-,hunting,0,0,0,0
,,,sênior,ensino superior completo,básico,,ti - sistemas e ferramentas-,,0,0,0,0
,,,especialista,ensino superior completo,avançado,,ti - sap-,pj/autônomo,0,0,0,0
,,,sênior,ensino técnico completo,nenhum,,gestão e alocação de recursos de ti-,pj/autônomo,0,0,0,0
,,,sênior,ensino superior completo,avançado,,ti - projetos-,pj/autônomo,0,0,0,0
,,,sênior,ensino superior completo,básico,,ti - projetos-,hunting,0,0,0,0
,ensino superior incompleto,nenhum,analista,ensino superior completo,intermediário,ti - suporte,ti - projetos-,"clt full, pj/autônomo",0,0,0,0
,,,pleno,ensino superior completo,nenhum,,gestão e alocação de recursos de ti-ti - arquitetura-,pj/autônomo,0,0,0,0
,,,analista,ensino superior completo,intermediário,,ti - projetos-,pj/autônomo,0,0,0,0
,,,especialista,ensino superior completo,nenhum,,ti - projetos-,pj/autônomo,0,0,0,0
,,,sênior,ensino superior completo,técnico,,ti - sap-,pj/autônomo,0,0,0,0
,,,sênior,ensino médio completo,fluente,,gestão e alocação de recursos de ti-,pj/autônomo,0,0,0,0
,,,analista,ensino superior completo,básico,,ti - desenvolvimento/programação-,clt full,0,0,0,0
,,,pleno,ensino técnico completo,básico,,gestão e alocação de recursos de ti-,hunting,0,0,0,0
,,,sênior,ensino superior completo,fluente,,ti - sap-,clt full,0,0,0,0
,pós graduação completo,avançado,pleno,ensino superior completo,básico,"administrativa, ti - governança, ti - processos e negócios, ti - projetos",ti - sap-,pj/autônomo,0,0,0,0
,,,sênior,ensino médio completo,fluente,,ti - projetos-,hunting,0,0,0,0
,,,sênior,ensino superior completo,nenhum,,ti - projetos-,pj/autônomo,0,0,0,0
,,,pleno,ensino médio completo,nenhum,,ti - suporte-,cooperado,0,0,0,0
,,,sênior,ensino superior completo,avançado,,ti - projetos-,hunting,0,0,0,0
,,,analista,ensino superior completo,básico,,ti - projetos-,"pj/autônomo, clt full",0,0,0,0
,,,sênior,ensino superior completo,intermediário,,ti - arquitetura-,,0,0,0,0
,,,analista,ensino superior completo,básico,,ti - banco de dados-,clt full,0,0,0,0
,,,sênior,ensino superior completo,avançado,,ti - projetos-,pj/autônomo,0,0,0,0
,ensino superior completo,,sênior,ensino superior completo,nenhum,,ti - sap-,pj/autônomo,0,1,0,0
,pós graduação completo,básico,analista,ensino superior completo,básico,ti - sistemas e ferramentas,ti - projetos-,"clt full, pj/autônomo",0,0,1,0
,,,sênior,ensino superior completo,fluente,,ti - projetos-,pj/autônomo,0,0,0,0
,,,sênior,ensino superior completo,nenhum,,ti - desenvolvimento/programação-,,0,0,0,0
,,,analista,ensino superior completo,básico,,ti - projetos-,"clt full, pj/autônomo",0,0,0,0
,,,analista,ensino superior completo,básico,,ti - projetos-,"pj/autônomo, clt full",0,0,0,0
,,,pleno,ensino superior completo,nenhum,,ti - projetos-,hunting,0,0,0,0
,,,sênior,ensino superior completo,avançado,,ti - desenvolvimento/programação-,clt full,0,0,0,0
,pós graduação incompleto,avançado,analista,ensino superior completo,básico,ti - sap,ti - projetos-,"pj/autônomo, clt full",0,0,0,0
,,,sênior,ensino superior completo,básico,,ti - sap-,pj/autônomo,0,0,0,0
,,,pleno,ensino superior completo,nenhum,,gestão e alocação de recursos de ti-ti - sap-,pj/autônomo,0,0,0,0
,,,pleno,ensino médio completo,avançado,,gestão e alocação de recursos de ti-,pj/autônomo,0,0,0,0
,,,sênior,ensino superior completo,fluente,,ti - projetos-,pj/autônomo,0,0,0,0
,pós graduação completo,intermediário,pleno,ensino técnico completo,nenhum,ti - desenvolvimento/programação,gestão e alocação de recursos de ti-,pj/autônomo,0,0,0,0
,,,sênior,ensino superior incompleto,intermediário,,ti - sap-,pj/autônomo,0,0,0,0
,pós graduação completo,básico,sênior,ensino superior completo,avançado,ti - infraestrutura,ti - projetos-,hunting,0,0,0,0
,,,sênior,ensino superior completo,intermediário,,ti - projetos-,clt full,0,0,0,0
,,,sênior,ensino médio completo,fluente,,gestão e alocação de recursos de ti-,pj/autônomo,0,0,0,0
,pós graduação completo,avançado,analista,ensino superior completo,básico,ti - sap,ti - sap-,pj/autônomo,0,0,0,0
,,,analista,ensino superior completo,básico,,ti - projetos-,"pj/autônomo, clt full",0,0,0,0
,,,analista,ensino superior completo,básico,,ti - sap-,"pj/autônomo, clt full",0,0,0,0
,,,pleno,ensino superior completo,nenhum,,ti - projetos-,pj/autônomo,0,0,0,0
,ensino superior cursando,básico,júnior,ensino superior cursando,intermediário,recursos humanos,ti - projetos-,clt full,0,1,0,0
,ensino superior completo,básico,sênior,ensino superior completo,básico,ti - desenvolvimento/programação,ti - projetos-,"clt full, pj/autônomo",0,1,1,0
,,,pleno,ensino superior completo,intermediário,,ti - projetos-,pj/autônomo,0,0,0,0
,,,sênior,ensino superior completo,básico,,ti - projetos-,pj/autônomo,0,0,0,0
,ensino superior incompleto,básico,sênior,ensino superior completo,básico,ti - sap,ti - sap-,hunting,0,0,1,0
,,,sênior,ensino superior completo,fluente,,ti - sap-,pj/autônomo,0,0,0,0
,pós graduação completo,básico,sênior,ensino superior incompleto,nenhum,"ti - desenvolvimento/mobile, ti - desenvolvimento/programação",gestão e alocação de recursos de ti-,pj/autônomo,0,0,0,0
,,,sênior,ensino superior completo,básico,,ti - sap-,"clt full, pj/autônomo",0,0,0,0
,,,analista,ensino superior completo,básico,ti - suporte,ti - projetos-,"pj/autônomo, clt full",0,0,0,0
,,,pleno,ensino superior completo,avançado,,ti - projetos-,hunting,0,0,0,0
,,,sênior,ensino superior completo,intermediário,,ti - infraestrutura-,,0,0,0,0
,mestrado incompleto,básico,sênior,ensino superior cursando,básico,financeira/controladoria,ti - desenvolvimento/programação-,"clt full, cooperado, pj/autônomo",0,0,1,0
,ensino superior completo,intermediário,pleno,ensino técnico completo,nenhum,ti - projetos,gestão e alocação de recursos de ti-,pj/autônomo,0,0,0,0
,,,analista,ensino superior completo,básico,,ti - projetos-,"pj/autônomo, clt full",0,0,0,0
,pós graduação cursando,avançado,pleno,ensino superior completo,nenhum,ti - banco de dados,gestão e alocação de recursos de ti-,pj/autônomo,0,0,0,0
,,,sênior,ensino médio completo,nenhum,,ti - projetos-,pj/autônomo,0,0,0,0
,,,especialista,ensino superior completo,básico,,ti - projetos-,"clt full, pj/autônomo",0,0,0,0
,pós graduação completo,intermediário,analista,ensino superior completo,básico,ti - ux,ti - projetos-,"pj/autônomo, clt full",0,0,0,0
,,,analista,ensino superior completo,básico,,ti - sap-,pj/autônomo,0,0,0,0
,,,analista,ensino superior completo,básico,,ti - projetos-,"pj/autônomo, clt full",0,0,0,0
,,,sênior,ensino superior completo,avançado,,ti - projetos-,pj/autônomo,0,0,0,0
,,,analista,ensino superior completo,básico,,ti - banco de dados-,clt full,0,0,0,0
,,,sênior,ensino superior completo,avançado,,ti - sap-,"pj/autônomo, clt full",0,0,0,0
,ensino superior cursando,avançado,sênior,ensino superior completo,fluente,ti - sap,ti - sap-,"pj/autônomo, clt full",0,0,0,0
,,,sênior,ensino superior completo,avançado,,ti - sap-,pj/autônomo,0,0,0,0
,pós graduação completo,intermediário,analista,ensino superior completo,avançado,ti - banco de dados,ti - projetos-,"pj/autônomo, clt full",0,0,0,0
,,,sênior,ensino superior cursando,avançado,,ti - sistemas e ferramentas-,pj/autônomo,0,0,0,0
,,,gerente,ensino superior completo,avançado,,ti - projetos-,pj/autônomo,0,0,0,0
,,,analista,ensino superior completo,básico,,ti - projetos-,clt full,0,0,0,0
,,,sênior,ensino superior completo,intermediário,,ti - desenvolvimento/design-,pj/autônomo,0,0,0,0
,pós graduação incompleto,nenhum,analista,ensino superior completo,básico,recursos humanos,ti - projetos-,"clt full, pj/autônomo",0,0,0,0
,,,sênior,ensino médio completo,nenhum,,gestão e alocação de recursos de ti-,cooperado,0,0,0,0
,pós graduação completo,intermediário,pleno,ensino técnico completo,nenhum,"administrativa, ti - infraestrutura, ti - projetos, ti - segurança da informação, ti - suporte, ti - telecom",gestão e alocação de recursos de ti-,hunting,0,0,0,0
,ensino superior completo,intermediário,sênior,ensino superior completo,nenhum,ti - sap,ti - sap-,pj/autônomo,0,1,0,0
,,,sênior,ensino superior completo,nenhum,,ti - desenvolvimento/programação-,,0,0,0,0
,ensino superior incompleto,intermediário,analista,ensino superior completo,fluente,"ti - arquitetura, ti - governança, ti - infraestrutura, ti - processos e negócios, ti - projetos, ti - sistemas e ferramentas, ti - suporte",ti - projetos-,pj/autônomo,0,0,0,0
,,,sênior,ensino superior completo,nenhum,,gestão e alocação de recursos de ti-ti - sap-,pj/autônomo,0,0,0,0
,,,analista,ensino superior completo,básico,,ti - sap-,clt cotas,0,0,0,0
,,,pleno,ensino técnico completo,nenhum,,gestão e alocação de recursos de ti-,pj/autônomo,0,0,0,0
,,,analista,ensino superior completo,básico,,ti - desenvolvimento/programação-,clt full,0,0,0,0
,,,sênior,ensino superior completo,avançado,,ti - projetos-,pj/autônomo,0,0,0,0
,ensino superior completo,intermediário,analista,ensino superior completo,avançado,ti - telecom,ti - projetos-,clt full,0,1,0,0
,,,pleno,ensino técnico completo,nenhum,,gestão e alocação de recursos de ti-,pj/autônomo,0,0,0,0
,pós graduação completo,fluente,sênior,ensino superior completo,intermediário,"ti - arquitetura, ti - banco de dados, ti - desenvolvimento/mobile, ti - desenvolvimento/programação, ti - governança, ti - processos e negócios, ti - projetos",ti - desenvolvimento/programação-,,0,0,0,0
,ensino superior completo,intermediário,analista,ensino superior completo,fluente,marketing,ti - projetos-,"pj/autônomo, clt full",0,1,0,0
,,,analista,ensino superior completo,básico,,ti - projetos-,hunting,0,0,0,0
,pós graduação cursando,avançado,analista,ensino superior completo,avançado,financeira/controladoria,ti - projetos-,"clt full, pj/autônomo",0,0,1,0
,,,pleno,ensino técnico completo,nenhum,,gestão e alocação de recursos de ti-,pj/autônomo,0,0,0,0
,,,analista,ensino superior completo,básico,,ti - projetos-,pj/autônomo,0,0,0,0
,ensino superior completo,avançado,gerente,ensino superior completo,básico,qualidade corporativa,ti - projetos-,"clt full, pj/autônomo",0,1,0,0
,,,analista,ensino superior cursando,intermediário,,ti - sap-,"clt full, clt cotas, cooperado, estagiário, pj/autônomo",0,0,0,0
,,,sênior,pós graduação completo,avançado,,ti - projetos-,hunting,0,0,0,0
,,,sênior,ensino superior completo,fluente,,ti - projetos-,pj/autônomo,0,0,0,0
,,,analista,ensino médio completo,nenhum,,administrativa-financeira/controladoria-,clt full,0,0,0,0
,,,analista,ensino superior completo,intermediário,,ti - projetos-,"clt full, pj/autônomo",0,0,0,0
,,,sênior,ensino superior completo,intermediário,,ti - sap-,pj/autônomo,0,0,0,0
,,,sênior,ensino superior completo,básico,,ti - projetos-,"pj/autônomo, clt full",0,0,0,0
,,,assistente,ensino superior cursando,nenhum,,administrativa-,clt full,0,0,0,0
,,,gerente,ensino superior completo,básico,,ti - governança-ti - infraestrutura-ti - suporte-,"cooperado, pj/autônomo",0,0,0,0
,,,pleno,ensino técnico completo,nenhum,,gestão e alocação de recursos de ti-,clt full,0,0,0,0
,,,sênior,ensino médio completo,nenhum,,financeira/controladoria-,cooperado,0,0,0,0
,,,sênior,ensino médio completo,avançado,,ti - sap-,pj/autônomo,0,0,0,0
,,,especialista,ensino superior completo,nenhum,,ti - projetos-,hunting,0,0,0,0
,,,sênior,ensino médio completo,nenhum,,ti - projetos-,cooperado,0,0,0,0
,,,analista,ensino superior completo,básico,,ti - sap-,pj/autônomo,0,0,0,0
,,,sênior,ensino superior completo,nenhum,,gestão e alocação de recursos de ti-ti - sap-,pj/autônomo,0,0,0,0
,,,sênior,ensino superior completo,nenhum,,ti - sistemas e ferramentas-,clt full,0,0,0,0
,,,sênior,ensino superior completo,nenhum,,gestão e alocação de recursos de ti-ti - sap-,pj/autônomo,0,0,0,0
,,,sênior,ensino superior completo,avançado,,ti - desenvolvimento/programação-,clt full,0,0,0,0
,ensino superior cursando,básico,analista,ensino superior completo,básico,"administrativa, ti - arquitetura, ti - desenvolvimento/programação",ti - projetos-,clt full,0,0,1,0
,,,sênior,ensino superior completo,técnico,,gestão e alocação de recursos de ti-,cooperado,0,0,0,0
,ensino superior cursando,intermediário,pleno,ensino superior completo,intermediário,ti - desenvolvimento/programação,ti - desenvolvimento/programação-,,0,0,1,0
,,,analista,ensino superior completo,básico,,ti - projetos-,"clt full, pj/autônomo",0,0,0,0
,pós graduação completo,,sênior,ensino médio completo,técnico,,gestão e alocação de recursos de ti-,pj/autônomo,0,0,0,0
,,,sênior,ensino superior incompleto,nenhum,,ti - desenvolvimento/programação-,pj/autônomo,0,0,0,0
,pós graduação completo,avançado,pleno,ensino médio completo,avançado,ti - desenvolvimento/programação,gestão e alocação de recursos de ti-,pj/autônomo,0,0,1,0
,,,sênior,ensino superior completo,intermediário,,ti - projetos-,,0,0,0,0
,,,sênior,ensino superior completo,avançado,,ti - sap-,pj/autônomo,0,0,0,0
,ensino médio completo,avançado,júnior,ensino médio completo,intermediário,financeira/controladoria,financeira/controladoria-,pj/autônomo,0,1,0,0
,,,analista,ensino superior completo,fluente,,ti - projetos-,"clt full, pj/autônomo",0,0,0,0
,,,pleno,ensino superior completo,avançado,,ti - projetos-,pj/autônomo,0,0,0,0
,,,pleno,ensino superior completo,avançado,,ti - projetos-,hunting,0,0,0,0
,ensino superior incompleto,nenhum,analista,ensino superior completo,básico,recursos humanos,ti - projetos-,"clt full, pj/autônomo",0,0,0,0
,ensino superior completo,avançado,analista,ensino superior completo,básico,ti - processos e negócios,ti - projetos-,"pj/autônomo, clt full",0,1,0,0
sênior,,,sênior,ensino superior completo,básico,,ti - sap-,"clt full, pj/autônomo",1,0,0,0
,,,pleno,ensino médio completo,avançado,,gestão e alocação de recursos de ti-,pj/autônomo,0,0,0,0
,,,analista,ensino superior completo,avançado,,ti - sap-,"clt cotas, cooperado, estagiário, pj/autônomo, hunting",0,0,0,0
,,,sênior,ensino superior completo,nenhum,,ti - desenvolvimento/programação-,clt full,0,0,0,0
,pós graduação completo,avançado,pleno,ensino médio completo,nenhum,ti - projetos,gestão e alocação de recursos de ti-,pj/autônomo,0,0,0,0
,ensino superior completo,intermediário,sênior,ensino superior cursando,nenhum,ti - projetos,ti - projetos-,pj/autônomo,0,0,0,0
,,,sênior,ensino superior completo,nenhum,,ti - projetos-,pj/autônomo,0,0,0,0
,ensino superior completo,avançado,analista,ensino superior completo,fluente,ti - sap,ti - sap-,pj/autônomo,0,1,0,0
,ensino superior completo,básico,analista,ensino superior completo,básico,financeira/controladoria,ti - projetos-,"clt full, pj/autônomo",0,1,1,0
,,,analista,ensino superior completo,básico,,ti - projetos-,"clt full, pj/autônomo",0,0,0,0
,,,júnior,ensino médio completo,nenhum,,administrativa-,clt full,0,0,0,0
,,,pleno,ensino técnico completo,nenhum,,gestão e alocação de recursos de ti-,pj/autônomo,0,0,0,0
,ensino superior completo,intermediário,sênior,ensino médio completo,nenhum,ti - banco de dados,financeira/controladoria-,hunting,0,0,0,0
,,,sênior,ensino superior completo,intermediário,,ti - desenvolvimento/programação-,,0,0,0,0
,,,sênior,ensino superior completo,fluente,,ti - sistemas e ferramentas-,clt full,0,0,0,0
,,,analista,ensino superior completo,básico,,ti - projetos-,"clt full, pj/autônomo",0,0,0,0
,,,analista,ensino superior completo,intermediário,,ti - projetos-,clt full,0,0,0,0
,,,analista,ensino superior completo,avançado,,ti - sap-,"clt full, pj/autônomo",0,0,0,0
,,,sênior,ensino superior completo,básico,,ti - sap-,"clt full, pj/autônomo",0,0,0,0
,,,líder,ensino superior completo,básico,,ti - projetos-,"pj/autônomo, clt full",0,0,0,0
,,,pleno,ensino técnico completo,nenhum,,gestão e alocação de recursos de ti-,pj/autônomo,0,0,0,0
,,,analista,ensino superior completo,básico,,ti - projetos-,"cooperado, pj/autônomo",0,0,0,0
,,,sênior,ensino superior completo,avançado,,ti - sap-,pj/autônomo,0,0,0,0
,,,analista,ensino superior completo,básico,,ti - sap-,"clt full, pj/autônomo",0,0,0,0
,,,analista,ensino superior completo,básico,,ti - sap-,pj/autônomo,0,0,0,0
,,,pleno,ensino superior completo,avançado,,gestão e alocação de recursos de ti-,pj/autônomo,0,0,0,0
,ensino superior completo,básico,júnior,ensino superior completo,intermediário,ti - suporte,ti - projetos-,clt full,0,1,0,0
,pós graduação completo,básico,sênior,ensino superior completo,intermediário,ti - desenvolvimento/programação,ti - sistemas e ferramentas-,clt cotas,0,0,0,0
,ensino superior completo,intermediário,analista,ensino superior completo,básico,ti - infraestrutura,ti - projetos-,"pj/autônomo, clt full",0,1,0,0
,,,sênior,ensino médio completo,nenhum,,gestão e alocação de recursos de ti-,cooperado,0,0,0,0
,,,analista,ensino superior completo,básico,,ti - projetos-,"pj/autônomo, clt full",0,0,0,0
,ensino superior completo,básico,sênior,ensino médio completo,nenhum,ti - desenvolvimento/programação,ti - projetos-,cooperado,0,0,0,0
,,,sênior,ensino superior completo,fluente,,ti - projetos-,pj/autônomo,0,0,0,0
,,,pleno,ensino superior completo,nenhum,,gestão e alocação de recursos de ti-ti - infraestrutura-,pj/autônomo,0,0,0,0
,,,sênior,ensino superior completo,básico,,ti - projetos-,pj/autônomo,0,0,0,0
,,,analista,ensino superior completo,básico,,ti - suporte-,"pj/autônomo, clt full",0,0,0,0
,,,pleno,ensino superior completo,intermediário,,ti - desenvolvimento/programação-,hunting,0,0,0,0
,pós graduação completo,avançado,analista,ensino superior completo,intermediário,"ti - governança, ti - processos e negócios, ti - projetos, ti - sistemas e ferramentas",ti - sistemas e ferramentas-,hunting,0,0,0,0
,ensino superior completo,intermediário,analista,ensino superior completo,básico,financeira/controladoria,ti - projetos-,"clt full, pj/autônomo",0,1,0,0
,,,sênior,ensino superior completo,nenhum,,ti - sap-,pj/autônomo,0,0,0,0
,,,sênior,ensino superior completo,avançado,,ti - sap-,pj/autônomo,0,0,0,0
,pós graduação cursando,avançado,sênior,ensino superior completo,avançado,ti - sap,ti - sap-,hunting,0,0,1,0
,,,analista,ensino superior completo,fluente,,ti - projetos-,"pj/autônomo, clt full",0,0,0,0
,,,júnior,ensino médio completo,nenhum,,comercial-,clt full,0,0,0,0
,,,sênior,ensino superior completo,nenhum,,ti - projetos-,hunting,0,0,0,0
,ensino superior completo,básico,pleno,ensino superior completo,nenhum,marketing,ti - processos e negócios-,clt full,0,1,0,0
,,,analista,ensino superior completo,básico,,ti - projetos-,"pj/autônomo, clt full",0,0,0,0
,ensino superior completo,básico,analista,ensino superior completo,básico,ti - desenvolvimento/programação,ti - infraestrutura-ti - processos e negócios-ti - projetos-,clt full,0,1,1,0
,,,analista,ensino superior completo,básico,,ti - projetos-,"clt full, pj/autônomo",0,0,0,0
,,,sênior,ensino superior completo,nenhum,,gestão e alocação de recursos de ti-ti - sap-,pj/autônomo,0,0,0,0
,,,sênior,ensino superior completo,básico,,ti - sap-,pj/autônomo,0,0,0,0
,,,analista,ensino superior completo,básico,,ti - projetos-,"pj/autônomo, clt full",0,0,0,0
,ensino superior incompleto,básico,sênior,ensino superior completo,intermediário,ti - desenvolvimento/programação,ti - desenvolvimento/programação-,,0,0,0,0
,,,assistente,ensino médio completo,nenhum,,administrativa-,clt full,0,0,0,0
,,,pleno,ensino médio completo,nenhum,,qualidade corporativa-,clt full,0,0,0,0
,,,júnior,ensino superior cursando,intermediário,,ti - projetos-,clt full,0,0,0,0
,,,analista,ensino superior completo,básico,,ti - banco de dados-,"cooperado, pj/autônomo",0,0,0,0
,,,pleno,ensino técnico completo,nenhum,,gestão e alocação de recursos de ti-,pj/autônomo,0,0,0,0
,ensino superior cursando,intermediário,analista,ensino superior completo,básico,ti - desenvolvimento/programação,ti - projetos-,"clt full, pj/autônomo",0,0,0,0
,,,pleno,ensino técnico completo,nenhum,,gestão e alocação de recursos de ti-,pj/autônomo,0,0,0,0
,ensino superior completo,intermediário,analista,ensino superior completo,intermediário,ti - desenvolvimento/programação,ti - desenvolvimento/programação-,clt full,0,1,1,0
,,,sênior,ensino superior completo,nenhum,,ti - sap-,pj/autônomo,0,0,0,0
,,,sênior,ensino superior completo,avançado,,ti - projetos-,pj/autônomo,0,0,0,0
,,,analista,ensino superior completo,básico,,ti - projetos-,clt full,0,0,0,0
,,,sênior,ensino superior completo,avançado,,gestão e alocação de recursos de ti-,cooperado,0,0,0,0
,,,analista,ensino superior completo,básico,,ti - desenvolvimento/programação-,clt full,0,0,0,0
,,,analista,ensino superior completo,fluente,,ti - sap-,"pj/autônomo, clt full",0,0,0,0
,,,líder,ensino superior completo,fluente,,ti - projetos-,"pj/autônomo, clt full",0,0,0,0
,,,sênior,ensino superior completo,avançado,,ti - sap-,pj/autônomo,0,0,0,0
,ensino fundamental completo,básico,pleno,ensino superior completo,básico,ti - desenvolvimento/mobile,ti - projetos-,"clt full, pj/autônomo",0,0,1,0
,ensino superior completo,básico,júnior,ensino superior completo,básico,ti - desenvolvimento/programação,ti - sap-,clt full,0,1,1,0
,,,pleno,ensino superior completo,intermediário,,marketing-,clt full,0,0,0,0
,pós graduação completo,intermediário,sênior,ensino técnico completo,avançado,ti - projetos,marketing-,pj/autônomo,0,0,0,0
,,,sênior,ensino superior completo,fluente,,ti - projetos-,pj/autônomo,0,0,0,0
,,,sênior,ensino superior completo,intermediário,,ti - desenvolvimento/programação-,pj/autônomo,0,0,0,0
,,,pleno,ensino superior completo,avançado,,gestão e alocação de recursos de ti-,pj/autônomo,0,0,0,0
,,,analista,ensino superior completo,fluente,,ti - projetos-,"clt full, pj/autônomo",0,0,0,0
,pós graduação completo,intermediário,pleno,ensino superior completo,nenhum,ti - sistemas e ferramentas,ti - sap-,pj/autônomo,0,0,0,0
,,,sênior,ensino superior completo,fluente,,ti - projetos-,"clt full, pj/autônomo",0,0,0,0
,,,sênior,ensino médio completo,avançado,,gestão e alocação de recursos de ti-,pj/autônomo,0,0,0,0
,,,analista,ensino superior completo,básico,,ti - projetos-,,0,0,0,0
,,,sênior,ensino superior completo,básico,,ti - projetos-,"clt full, pj/autônomo",0,0,0,0
,ensino superior completo,básico,sênior,ensino superior completo,nenhum,ti - projetos,ti - desenvolvimento/programação-,pj/autônomo,0,1,0,0
,ensino superior completo,intermediário,sênior,ensino superior completo,avançado,ti - sap,ti - sap-,pj/autônomo,0,1,0,0
,,,analista,ensino superior completo,básico,,ti - sap-,clt full,0,0,0,0
,pós graduação completo,avançado,sênior,ensino superior completo,fluente,ti - sap,ti - sap-,clt full,0,0,0,0
,,,sênior,ensino superior completo,básico,,ti - sap-,"clt full, pj/autônomo",0,0,0,0
,ensino superior incompleto,básico,sênior,ensino superior completo,avançado,ti - desenvolvimento/programação,ti - sap-,"clt full, pj/autônomo",0,0,0,0
,pós graduação cursando,básico,analista,ensino superior completo,básico,ti - sistemas e ferramentas,ti - projetos-,"clt full, pj/autônomo",0,0,1,0
,,,analista,ensino superior completo,básico,,ti - sap-,"clt full, pj/autônomo",0,0,0,0
,,,sênior,ensino superior completo,avançado,,ti - projetos-,hunting,0,0,0,0
,,,pleno,ensino técnico completo,nenhum,,gestão e alocação de recursos de ti-,pj/autônomo,0,0,0,0
,,,sênior,ensino superior completo,intermediário,,ti - projetos-,hunting,0,0,0,0
,,,pleno,ensino técnico completo,nenhum,,gestão e alocação de recursos de ti-,pj/autônomo,0,0,0,0
,,,sênior,ensino superior completo,intermediário,,ti - projetos-,pj/autônomo,0,0,0,0
,ensino superior completo,intermediário,analista,ensino superior completo,básico,ti - projetos,ti - projetos-,"pj/autônomo, clt full",0,1,0,0
,,,sênior,ensino superior completo,nenhum,,gestão e alocação de recursos de ti-,clt full,0,0,0,0
,,,analista,ensino superior completo,básico,,ti - projetos-,clt full,0,0,0,0
,,,sênior,ensino superior completo,intermediário,,ti - sistemas e ferramentas-,pj/autônomo,0,0,0,0
,,,sênior,ensino médio completo,avançado,,ti - projetos-,pj/autônomo,0,0,0,0
,,,sênior,ensino médio completo,nenhum,,ti - projetos-,pj/autônomo,0,0,0,0
,,,pleno,ensino técnico completo,nenhum,,gestão e alocação de recursos de ti-,pj/autônomo,0,0,0,0
,,,analista,ensino superior completo,básico,,ti - projetos-,hunting,0,0,0,0
,,,analista,ensino superior completo,básico,,ti - desenvolvimento/programação-,clt full,0,0,0,0
,ensino superior completo,avançado,sênior,ensino superior completo,nenhum,ti - desenvolvimento/programação,ti - desenvolvimento/programação-,clt full,0,1,0,0
,,,pleno,ensino superior completo,avançado,,ti - projetos-,clt full,0,0,0,0
,,,sênior,ensino superior completo,básico,,ti - projetos-,pj/autônomo,0,0,0,0
,ensino superior completo,avançado,analista,ensino superior completo,básico,financeira/controladoria,ti - projetos-,"clt full, pj/autônomo",0,1,0,0
,ensino superior completo,básico,sênior,ensino médio completo,fluente,"ti - infraestrutura, ti - processos e negócios, ti - projetos, ti - sistemas e ferramentas, ti - suporte, ti - telecom",administrativa-,hunting,0,0,0,0
,,,sênior,ensino superior cursando,básico,,ti - desenvolvimento/programação-,"clt full, cooperado, pj/autônomo",0,0,0,0
,,,analista,ensino superior completo,básico,,ti - projetos-,pj/autônomo,0,0,0,0
,,,sênior,ensino superior completo,avançado,,ti - projetos-,hunting,0,0,0,0
,,,júnior,ensino médio completo,nenhum,,administrativa-,clt full,0,0,0,0
,ensino superior cursando,avançado,analista,ensino superior completo,básico,ti - desenvolvimento/programação,ti - projetos-,"clt full, pj/autônomo",0,0,0,0
,,,analista,ensino superior completo,básico,,ti - sap-,pj/autônomo,0,0,0,0
,,,sênior,ensino superior completo,intermediário,,ti - desenvolvimento/programação-,clt full,0,0,0,0
,,,sênior,ensino superior completo,avançado,,ti - projetos-,pj/autônomo,0,0,0,0
,pós graduação cursando,avançado,sênior,ensino médio completo,avançado,recursos humanos,gestão e alocação de recursos de ti-,pj/autônomo,0,0,1,0
,,,sênior,ensino superior completo,nenhum,,ti - projetos-,pj/autônomo,0,0,0,0
,,,analista,ensino superior completo,básico,,ti - projetos-,"clt full, pj/autônomo",0,0,0,0
,,,analista,ensino superior completo,avançado,,ti - sap-,"pj/autônomo, clt full",0,0,0,0
,,,analista,ensino superior completo,avançado,,ti - sap-,pj/autônomo,0,0,0,0
,,,sênior,ensino médio completo,avançado,,gestão e alocação de recursos de ti-,pj/autônomo,0,0,0,0
,pós graduação completo,avançado,analista,ensino superior completo,básico,administrativa,ti - projetos-,"clt full, pj/autônomo",0,0,0,0
,pós graduação completo,básico,gerente,ensino superior completo,básico,ti - governança,ti - projetos-,hunting,0,0,1,0
,,,pleno,ensino técnico completo,nenhum,,gestão e alocação de recursos de ti-,pj/autônomo,0,0,0,0
,,,sênior,ensino superior completo,nenhum,,ti - sap-,pj/autônomo,0,0,0,0
,,,sênior,ensino superior completo,avançado,,ti - infraestrutura-,pj/autônomo,0,0,0,0
,ensino superior completo,básico,sênior,ensino superior completo,fluente,ti - sap,ti - sap-,pj/autônomo,0,1,0,0
,pós graduação completo,avançado,sênior,ensino superior completo,básico,ti - arquitetura,ti - sap-,"pj/autônomo, clt full",0,0,0,0
,,,pleno,ensino médio completo,avançado,,gestão e alocação de recursos de ti-,pj/autônomo,0,0,0,0
,ensino superior completo,,pleno,ensino superior completo,técnico,,ti - sap-,pj/autônomo,0,1,0,0
,,,analista,ensino superior completo,básico,,ti - projetos-,"clt full, pj/autônomo",0,0,0,0
,,,sênior,ensino médio completo,avançado,,gestão e alocação de recursos de ti-,pj/autônomo,0,0,0,0
,,,sênior,ensino médio completo,fluente,,gestão e alocação de recursos de ti-,pj/autônomo,0,0,0,0
,,,sênior,ensino médio completo,avançado,,gestão e alocação de recursos de ti-,pj/autônomo,0,0,0,0
,ensino superior completo,avançado,sênior,ensino superior completo,fluente,"ti - governança, ti - infraestrutura, ti - projetos, ti - sistemas e ferramentas, ti - suporte, ti - telecom",gestão e alocação de recursos de ti-ti - infraestrutura-,pj/autônomo,0,1,0,0
,,,analista,ensino superior completo,intermediário,,recursos humanos-,clt cotas,0,0,0,0
,ensino superior cursando,nenhum,analista,ensino superior completo,intermediário,"administrativa, recursos humanos",recursos humanos-,clt full,0,0,0,0
,,,sênior,ensino médio completo,nenhum,,gestão e alocação de recursos de ti-,pj/autônomo,0,0,0,0
,,,pleno,ensino superior completo,avançado,,ti - projetos-,pj/autônomo,0,0,0,0
,,,sênior,ensino superior completo,básico,,ti - projetos-,"clt full, cooperado, pj/autônomo",0,0,0,0
,mestrado incompleto,intermediário,sênior,ensino superior completo,básico,ti - sap,ti - sap-,"clt full, pj/autônomo",0,0,0,0
,pós graduação completo,básico,sênior,ensino superior completo,fluente,ti - projetos,ti - sap-,pj/autônomo,0,0,0,0
,,,assistente,ensino superior incompleto,nenhum,,administrativa-,clt full,0,0,0,0
,,,pleno,ensino superior completo,avançado,,ti - projetos-,pj/autônomo,0,0,0,0
,pós graduação completo,fluente,sênior,ensino superior completo,técnico,administrativa,ti - projetos-,pj/autônomo,0,0,0,0
,,,analista,ensino superior completo,básico,,ti - sap-,"pj/autônomo, cooperado",0,0,0,0
,,,pleno,ensino superior completo,nenhum,,gestão e alocação de recursos de ti-ti - sap-,pj/autônomo,0,0,0,0
,,,sênior,ensino superior completo,avançado,,ti - sistemas e ferramentas-,,0,0,0,0
,pós graduação completo,fluente,analista,ensino superior completo,fluente,financeira/controladoria,ti - projetos-,"clt full, pj/autônomo",0,0,1,0
,,,especialista,ensino superior completo,básico,,ti - sap-,"clt full, pj/autônomo",0,0,0,0
,,,analista,ensino superior completo,básico,,ti - sap-,pj/autônomo,0,0,0,0
,ensino superior completo,avançado,assistente,ensino médio completo,nenhum,administrativa,ti - projetos-,clt full,0,0,0,0
,,,analista,ensino superior completo,intermediário,,ti - desenvolvimento/programação-,clt full,0,0,0,0
,,,sênior,ensino superior completo,avançado,,ti - projetos-,pj/autônomo,0,0,0,0
,,,assistente,ensino médio completo,nenhum,,administrativa-recursos humanos-,clt full,0,0,0,0
,,,analista,ensino superior completo,básico,,ti - projetos-,"clt full, pj/autônomo",0,0,0,0
,,,pleno,ensino técnico completo,básico,,gestão e alocação de recursos de ti-,hunting,0,0,0,0
,,,sênior,ensino superior completo,avançado,,ti - sistemas e ferramentas-,clt full,0,0,0,0
,,,sênior,ensino superior cursando,fluente,,ti - projetos-,pj/autônomo,0,0,0,0
,,,sênior,ensino superior completo,avançado,,ti - sap-,pj/autônomo,0,0,0,0
,,,analista,ensino superior completo,básico,,ti - sap-,"pj/autônomo, clt full",0,0,0,0
,,,pleno,ensino técnico completo,nenhum,,gestão e alocação de recursos de ti-,pj/autônomo,0,0,0,0
,ensino superior completo,,sênior,ensino superior completo,intermediário,,ti - sap-,,0,1,0,0
,ensino superior cursando,intermediário,analista,ensino superior completo,básico,ti - suporte,ti - projetos-,pj/autônomo,0,0,0,0
,,,pleno,ensino técnico completo,nenhum,,gestão e alocação de recursos de ti-ti - infraestrutura-,pj/autônomo,0,0,0,0
,,,analista,ensino superior completo,básico,,ti - sap-,"clt cotas, cooperado",0,0,0,0
,,,analista,ensino superior completo,básico,,ti - sap-,"clt full, pj/autônomo",0,0,0,0
,,,analista,ensino superior completo,fluente,,ti - sap-,pj/autônomo,0,0,0,0
,,,analista,ensino superior completo,básico,,ti - sap-,pj/autônomo,0,0,0,0
,,,analista,ensino superior completo,básico,,ti - sap-,pj/autônomo,0,0,0,0
,,,sênior,ensino superior completo,avançado,,ti - projetos-,hunting,0,0,0,0
,ensino superior completo,básico,analista,ensino superior completo,básico,ti - desenvolvimento/programação,ti - desenvolvimento/programação-,clt full,0,1,1,0
,pós graduação completo,básico,analista,ensino superior completo,básico,ti - projetos,ti - sap-,pj/autônomo,0,0,1,0
,ensino superior completo,nenhum,analista,ensino superior completo,básico,administrativa,ti - projetos-,"pj/autônomo, clt full",0,1,0,0
,pós graduação cursando,intermediário,sênior,ensino superior completo,nenhum,ti - desenvolvimento/programação,ti - desenvolvimento/programação-,hunting,0,0,0,0
,,,sênior,ensino superior completo,avançado,,ti - projetos-,pj/autônomo,0,0,0,0
,ensino superior completo,fluente,analista,ensino superior completo,fluente,ti - sap,ti - sap-,"clt full, pj/autônomo",0,1,1,0
,,,sênior,ensino superior completo,intermediário,,ti - arquitetura-,,0,0,0,0
,,,sênior,ensino superior completo,básico,,ti - projetos-,"cooperado, pj/autônomo",0,0,0,0
,,,analista,ensino superior completo,básico,,ti - sap-,pj/autônomo,0,0,0,0
,,,pleno,ensino superior completo,nenhum,,ti - projetos-,pj/autônomo,0,0,0,0
,,,analista,ensino superior completo,fluente,,ti - sap-,pj/autônomo,0,0,0,0
,,,sênior,ensino médio completo,nenhum,,ti - projetos-,cooperado,0,0,0,0
,,,gerente,ensino superior completo,avançado,,ti - projetos-,clt full,0,0,0,0
,,,júnior,ensino médio completo,nenhum,,administrativa-,clt full,0,0,0,0
,,,sênior,ensino superior completo,nenhum,,ti - projetos-,pj/autônomo,0,0,0,0
,,,analista,ensino superior completo,básico,,ti - projetos-,"pj/autônomo, clt full",0,0,0,0
,,,sênior,ensino superior completo,básico,,ti - sap-,"pj/autônomo, clt full",0,0,0,0
,,,sênior,ensino superior completo,básico,,ti - projetos-,"pj/autônomo, clt full",0,0,0,0
,ensino superior completo,,analista,ensino superior completo,básico,,ti - sap-,"pj/autônomo, clt full",0,1,0,0
,ensino superior completo,intermediário,pleno,ensino técnico completo,nenhum,recursos humanos,gestão e alocação de recursos de ti-,clt cotas,0,0,0,0
,ensino superior completo,avançado,pleno,ensino superior completo,básico,"financeira/controladoria, ti - sap",ti - sap-,pj/autônomo,0,1,0,0
,ensino superior completo,intermediário,sênior,ensino médio completo,nenhum,ti - desenvolvimento/programação,gestão e alocação de recursos de ti-,cooperado,0,0,0,0
,,,sênior,ensino superior completo,avançado,,ti - sap-,clt full,0,0,0,0
,,,sênior,ensino superior completo,avançado,,ti - sap-,"pj/autônomo, clt full",0,0,0,0
,,,pleno,ensino técnico completo,nenhum,,gestão e alocação de recursos de ti-,pj/autônomo,0,0,0,0
,,,analista,ensino superior completo,nenhum,,administrativa-,clt full,0,0,0,0
,pós graduação completo,avançado,gerente,ensino superior completo,avançado,"ti - infraestrutura, ti - telecom",ti - projetos-,hunting,0,0,1,0
,pós graduação completo,,analista,ensino superior completo,fluente,,ti - projetos-,hunting,0,0,0,0
,,,sênior,ensino superior completo,avançado,,ti - projetos-,cooperado,0,0,0,0
,,,analista,ensino superior completo,básico,,ti - sap-,pj/autônomo,0,0,0,0
,ensino superior completo,avançado,sênior,ensino superior completo,nenhum,ti - desenvolvimento/programação,ti - sap-,pj/autônomo,0,1,0,0
,ensino superior completo,intermediário,pleno,ensino superior completo,básico,ti - desenvolvimento/programação,ti - desenvolvimento/programação-,clt cotas,0,1,0,0
,,,pleno,ensino superior completo,nenhum,,ti - projetos-,"pj/autônomo, clt full",0,0,0,0
,,,sênior,ensino superior completo,nenhum,,ti - desenvolvimento/programação-,,0,0,0,0
,,,sênior,ensino superior completo,avançado,,ti - projetos-,pj/autônomo,0,0,0,0
,,,pleno,ensino superior completo,nenhum,,gestão e alocação de recursos de ti-,pj/autônomo,0,0,0,0
,,,pleno,ensino técnico completo,nenhum,,gestão e alocação de recursos de ti-,pj/autônomo,0,0,0,0
,,,analista,ensino superior completo,fluente,,ti - projetos-,pj/autônomo,0,0,0,0
,,,analista,ensino superior completo,intermediário,,ti - projetos-,"clt full, pj/autônomo",0,0,0,0
,ensino superior completo,intermediário,pleno,ensino superior completo,nenhum,ti - desenvolvimento/programação,ti - desenvolvimento/programação-,clt full,0,1,0,0
,,,sênior,ensino superior completo,nenhum,,ti - sap-,pj/autônomo,0,0,0,0
,,,sênior,ensino superior completo,avançado,,novos negócios e parcerias-,hunting,0,0,0,0
,,,sênior,ensino superior completo,básico,,ti - projetos-,"clt full, pj/autônomo",0,0,0,0
,,,sênior,ensino superior incompleto,avançado,,ti - sap-,clt full,0,0,0,0
,,,sênior,ensino superior completo,intermediário,,ti - projetos-,"clt full, pj/autônomo",0,0,0,0
,,,analista,ensino superior completo,básico,,ti - sap-,clt full,0,0,0,0
,,,pleno,ensino superior cursando,nenhum,,ti - desenvolvimento/programação-,hunting,0,0,0,0
,,,pleno,ensino superior completo,fluente,,ti - suporte-,clt full,0,0,0,0
,ensino superior completo,intermediário,pleno,ensino superior completo,nenhum,ti - infraestrutura,ti - projetos-,hunting,0,1,0,0
,,,sênior,ensino superior completo,fluente,,ti - sap-,hunting,0,0,0,0
,,,sênior,ensino superior completo,nenhum,,ti - sap-,pj/autônomo,0,0,0,0
,pós graduação completo,avançado,pleno,ensino técnico completo,nenhum,ti - sap,gestão e alocação de recursos de ti-,pj/autônomo,0,0,0,0
,,,analista,ensino superior completo,básico,,ti - sap-,"clt full, pj/autônomo",0,0,0,0
,,,sênior,ensino superior completo,nenhum,,ti - desenvolvimento/programação-,clt full,0,0,0,0
,,,sênior,ensino superior incompleto,intermediário,,ti - sap-,pj/autônomo,0,0,0,0
,,,pleno,ensino médio completo,nenhum,,administrativa-,cooperado,0,0,0,0
,,,sênior,ensino superior completo,avançado,,ti - sap-,pj/autônomo,0,0,0,0
,,,sênior,ensino superior completo,técnico,,ti - projetos-,pj/autônomo,0,0,0,0
,pós graduação completo,avançado,sênior,ensino superior completo,nenhum,ti - sap,ti - sap-,pj/autônomo,0,0,0,0
,,,sênior,ensino superior completo,avançado,,ti - projetos-,pj/autônomo,0,0,0,0
,,,sênior,ensino superior completo,intermediário,,ti - projetos-,"pj/autônomo, cooperado",0,0,0,0
,pós graduação completo,básico,sênior,ensino superior completo,básico,ti - processos e negócios,ti - projetos-,"cooperado, pj/autônomo",0,0,1,0
,,,analista,ensino superior completo,básico,,ti - projetos-,"clt full, pj/autônomo",0,0,0,0
,,,analista,ensino superior completo,básico,,ti - projetos-,hunting,0,0,0,0
,,,júnior,ensino médio completo,nenhum,,administrativa-,clt full,0,0,0,0
,,,sênior,ensino superior completo,avançado,,ti - projetos-,pj/autônomo,0,0,0,0
,,intermediário,pleno,ensino técnico completo,nenhum,ti - desenvolvimento/programação,gestão e alocação de recursos de ti-,pj/autônomo,0,0,0,0
,,,sênior,ensino médio completo,nenhum,,ti - processos e negócios-,pj/autônomo,0,0,0,0
,ensino superior completo,básico,sênior,ensino médio completo,nenhum,ti - projetos,administrativa-,clt cotas,0,0,0,0
,,,sênior,ensino superior completo,básico,,ti - projetos-,"clt full, pj/autônomo",0,0,0,0
,ensino superior completo,fluente,gerente,ensino superior completo,básico,ti - projetos,ti - projetos-,"clt full, pj/autônomo",0,1,0,0
,pós graduação completo,,sênior,ensino superior completo,nenhum,,gestão e alocação de recursos de ti-ti - sap-,pj/autônomo,0,0,0,0
,pós graduação completo,intermediário,sênior,ensino superior completo,nenhum,"ti - arquitetura, ti - banco de dados, ti - desenvolvimento/design, ti - desenvolvimento/mobile, ti - desenvolvimento/programação, ti - governança, ti - processos e negócios, ti - projetos, ti - sap, ti - sistemas e ferramentas, ti - suporte, ti - ux",gestão e alocação de recursos de ti-ti - sap-,pj/autônomo,0,0,0,0
,,,pleno,ensino superior completo,técnico,,ti - projetos-,hunting,0,0,0,0
,,,analista,ensino superior completo,básico,,ti - projetos-,"pj/autônomo, clt full",0,0,0,0
,,,analista,ensino superior completo,básico,,ti - projetos-,"clt full, pj/autônomo",0,0,0,0
,,,sênior,ensino superior completo,intermediário,,ti - projetos-,pj/autônomo,0,0,0,0
,,,sênior,ensino superior completo,básico,,ti - projetos-,pj/autônomo,0,0,0,0
,,,analista,ensino superior completo,básico,,ti - projetos-,pj/autônomo,0,0,0,0
,,,pleno,ensino técnico completo,intermediário,,gestão e alocação de recursos de ti-,pj/autônomo,0,0,0,0
,,,analista,ensino superior completo,básico,,ti - sap-,clt full,0,0,0,0
,,,pleno,ensino superior completo,intermediário,,relacionamento técnico-,,0,0,0,0
,,,assistente,ensino superior incompleto,básico,,administrativa-,clt full,0,0,0,0
,,,pleno,ensino técnico completo,nenhum,,gestão e alocação de recursos de ti-,pj/autônomo,0,0,0,0
,,,sênior,ensino superior completo,intermediário,,ti - sap-,pj/autônomo,0,0,0,0
,,,sênior,ensino médio completo,nenhum,,administrativa-,pj/autônomo,0,0,0,0
,ensino superior completo,intermediário,sênior,ensino médio completo,nenhum,ti - desenvolvimento/programação,administrativa-,cooperado,0,0,0,0
,,,analista,ensino superior completo,básico,,ti - sap-,pj/autônomo,0,0,0,0
,,,sênior,ensino superior completo,avançado,,marketing-,"clt full, clt cotas, pj/autônomo",0,0,0,0
,,,assistente,ensino médio completo,nenhum,,administrativa-,clt full,0,0,0,0
,ensino superior completo,intermediário,pleno,ensino superior completo,nenhum,ti - desenvolvimento/mobile,ti - desenvolvimento/programação-,clt full,0,1,0,0
,,,sênior,ensino superior completo,básico,,ti - projetos-,"clt full, pj/autônomo",0,0,0,0
,,,sênior,ensino médio completo,nenhum,,ti - sap-,pj/autônomo,0,0,0,0
,,,sênior,ensino superior completo,nenhum,,gestão e alocação de recursos de ti-ti - sap-,pj/autônomo,0,0,0,0
,,,sênior,ensino superior cursando,técnico,,ti - sap-,cooperado,0,0,0,0
,,,sênior,ensino superior completo,intermediário,,ti - sistemas e ferramentas-,,0,0,0,0
,ensino superior cursando,básico,especialista,ensino superior completo,fluente,ti - desenvolvimento/design,ti - projetos-,pj/autônomo,0,0,0,0
,,,analista,ensino superior completo,básico,,ti - infraestrutura-,clt full,0,0,0,0
,ensino médio completo,nenhum,analista,ensino superior completo,básico,"administrativa, comercial, financeira/controladoria",ti - projetos-,"pj/autônomo, clt full",0,0,0,0
,,,sênior,ensino superior completo,nenhum,,gestão e alocação de recursos de ti-ti - sap-,pj/autônomo,0,0,0,0
,,,analista,ensino superior completo,básico,,ti - projetos-,"pj/autônomo, clt full",0,0,0,0
,ensino superior completo,avançado,pleno,ensino técnico completo,nenhum,,gestão e alocação de recursos de ti-,pj/autônomo,0,0,0,0
,,,sênior,ensino superior completo,intermediário,,ti - projetos-,pj/autônomo,0,0,0,0
,,,sênior,ensino superior completo,fluente,,gestão e alocação de recursos de ti-,pj/autônomo,0,0,0,0
,,,sênior,ensino superior cursando,básico,,ti - sap-,"pj/autônomo, clt full",0,0,0,0
,,,sênior,ensino superior completo,básico,,ti - projetos-,"clt full, pj/autônomo",0,0,0,0
,pós graduação completo,intermediário,analista,ensino superior completo,básico,ti - sap,ti - sap-,"clt full, pj/autônomo",0,0,0,0
,,,júnior,ensino superior completo,fluente,,ti - suporte-,hunting,0,0,0,0
,pós graduação completo,fluente,pleno,ensino superior completo,nenhum,ti - desenvolvimento/mobile,ti - desenvolvimento/programação-,clt full,0,0,0,0
,pós graduação completo,,analista,ensino superior completo,avançado,,ti - sap-,"clt full, pj/autônomo",0,0,0,0
,,,pleno,ensino médio completo,avançado,,gestão e alocação de recursos de ti-,pj/autônomo,0,0,0,0
,,,analista,ensino superior completo,intermediário,,ti - sap-,pj/autônomo,0,0,0,0
,,,analista,ensino superior completo,básico,,ti - sap-,clt full,0,0,0,0
,,,analista,ensino superior completo,básico,,ti - sap-,"clt full, pj/autônomo",0,0,0,0
,,,assistente,ensino superior incompleto,básico,,administrativa-,clt full,0,0,0,0
,pós graduação incompleto,intermediário,analista,ensino superior completo,básico,"ti - desenvolvimento/design, ti - ux",ti - ux-,clt full,0,0,0,0
,pós graduação cursando,avançado,sênior,ensino superior cursando,intermediário,"relacionamento técnico, ti - arquitetura, ti - banco de dados, ti - desenvolvimento/design, ti - desenvolvimento/programação, ti - processos e negócios, ti - qualidade/testes, ti - sistemas e ferramentas, ti - telecom",ti - sistemas e ferramentas-,,0,0,0,0
,,,sênior,ensino superior completo,avançado,,ti - desenvolvimento/programação-,pj/autônomo,0,0,0,0
,,,pleno,ensino técnico completo,nenhum,,gestão e alocação de recursos de ti-,pj/autônomo,0,0,0,0
,,,sênior,ensino superior completo,nenhum,,ti - projetos-,pj/autônomo,0,0,0,0
,,,sênior,ensino superior completo,nenhum,,ti - projetos-,hunting,0,0,0,0
,,,sênior,ensino superior completo,fluente,,ti - sap-,pj/autônomo,0,0,0,0
,,,analista,ensino superior completo,básico,,ti - sap-,"clt cotas, cooperado, estagiário, pj/autônomo",0,0,0,0
,,,sênior,ensino superior completo,intermediário,,ti - desenvolvimento/programação-,,0,0,0,0
,,,sênior,ensino superior completo,fluente,,ti - projetos-,cooperado,0,0,0,0
,,,analista,ensino técnico completo,nenhum,,administrativa-financeira/controladoria-,clt full,0,0,0,0
,,,júnior,ensino médio completo,nenhum,,administrativa-,clt full,0,0,0,0
,,,analista,ensino superior completo,básico,,ti - projetos-,"clt full, pj/autônomo",0,0,0,0
,,,analista,ensino superior completo,básico,,ti - desenvolvimento/programação-,clt full,0,0,0,0
,,,sênior,ensino superior completo,avançado,,ti - sap-,pj/autônomo,0,0,0,0
,pós graduação completo,intermediário,sênior,ensino superior completo,nenhum,"ti - arquitetura, ti - banco de dados, ti - desenvolvimento/design, ti - desenvolvimento/mobile, ti - desenvolvimento/programação, ti - governança, ti - processos e negócios, ti - projetos, ti - sap, ti - sistemas e ferramentas, ti - suporte, ti - ux",ti - sap-,pj/autônomo,0,0,0,0
,,,sênior,ensino superior completo,básico,,ti - projetos-,hunting,0,0,0,0
,,,sênior,ensino médio completo,avançado,,ti - projetos-,pj/autônomo,0,0,0,0
,,,sênior,ensino superior completo,básico,,ti - projetos-,"pj/autônomo, clt full",0,0,0,0
,,,sênior,ensino superior completo,avançado,,ti - desenvolvimento/programação-,pj/autônomo,0,0,0,0
,,,analista,ensino superior completo,básico,,ti - projetos-,clt full,0,0,0,0
,,,sênior,ensino médio completo,nenhum,,comercial-,cooperado,0,0,0,0
,,,pleno,ensino superior completo,nenhum,,ti - desenvolvimento/programação-,clt full,0,0,0,0
,,,sênior,ensino superior completo,avançado,,ti - sap-,pj/autônomo,0,0,0,0
,,,sênior,ensino médio completo,nenhum,,financeira/controladoria-,pj/autônomo,0,0,0,0
,,,sênior,ensino superior completo,fluente,,ti - projetos-,pj/autônomo,0,0,0,0
,ensino superior completo,básico,analista,ensino superior completo,básico,ti - desenvolvimento/mobile,ti - desenvolvimento/programação-,clt full,0,1,1,0
,,,pleno,ensino técnico completo,nenhum,,gestão e alocação de recursos de ti-,pj/autônomo,0,0,0,0
,,,sênior,ensino superior completo,avançado,,ti - projetos-,pj/autônomo,0,0,0,0
,pós graduação completo,avançado,pleno,ensino superior completo,avançado,ti - arquitetura,ti - desenvolvimento/programação-,,0,0,1,0
,,,sênior,ensino superior completo,básico,,ti - projetos-,clt full,0,0,0,0
,,,sênior,ensino médio completo,avançado,,gestão e alocação de recursos de ti-,pj/autônomo,0,0,0,0
,,,sênior,ensino superior completo,avançado,,ti - sap-,pj/autônomo,0,0,0,0
,ensino superior completo,avançado,sênior,ensino superior completo,nenhum,"ti - processos e negócios, ti - projetos, ti - qualidade/testes, ti - suporte",gestão e alocação de recursos de ti-,pj/autônomo,0,1,0,0
,,,pleno,ensino técnico completo,nenhum,,gestão e alocação de recursos de ti-,pj/autônomo,0,0,0,0
,,,coordenador,ensino médio completo,fluente,,financeira/controladoria-,cooperado,0,0,0,0
,,,sênior,ensino superior completo,nenhum,,gestão e alocação de recursos de ti-ti - sap-,pj/autônomo,0,0,0,0
,,,analista,ensino superior completo,básico,,ti - projetos-,hunting,0,0,0,0
,,,sênior,ensino superior completo,avançado,,ti - sap-,pj/autônomo,0,0,0,0
,,,analista,ensino superior completo,básico,,ti - projetos-,,0,0,0,0
,,,sênior,ensino superior completo,fluente,,ti - sap-,pj/autônomo,0,0,0,0
,ensino superior cursando,fluente,analista,ensino superior completo,básico,"ti - arquitetura, ti - desenvolvimento/design, ti - desenvolvimento/mobile, ti - desenvolvimento/programação, ti - sistemas e ferramentas",ti - desenvolvimento/programação-,pj/autônomo,0,0,0,0
,ensino superior completo,intermediário,júnior,ensino superior completo,intermediário,ti - sap,ti - sap-,hunting,0,1,1,0
,,,pleno,ensino técnico completo,nenhum,,gestão e alocação de recursos de ti-,pj/autônomo,0,0,0,0
,,,sênior,ensino superior completo,intermediário,,ti - projetos-,pj/autônomo,0,0,0,0
,,,pleno,ensino técnico completo,nenhum,,gestão e alocação de recursos de ti-,pj/autônomo,0,0,0,0
,,,analista,ensino superior completo,básico,,ti - projetos-,"clt full, pj/autônomo",0,0,0,0
,pós graduação completo,fluente,analista,ensino superior completo,básico,"administrativa, comercial, novos negócios e parcerias",ti - projetos-,,0,0,0,0
,,,analista,ensino superior completo,básico,,ti - projetos-,"cooperado, pj/autônomo",0,0,0,0
,,,analista,ensino superior completo,fluente,,ti - sap-,hunting,0,0,0,0
,ensino superior completo,básico,pleno,ensino técnico completo,nenhum,ti - processos e negócios,gestão e alocação de recursos de ti-,pj/autônomo,0,0,0,0
,,,sênior,ensino superior completo,básico,,ti - projetos-,"pj/autônomo, cooperado",0,0,0,0
,,,sênior,ensino médio completo,nenhum,,ti - sap-,cooperado,0,0,0,0
,,,analista,ensino superior completo,nenhum,,ti - suporte-,cooperado,0,0,0,0
,,,analista,ensino superior completo,básico,,ti - projetos-,"clt full, pj/autônomo",0,0,0,0
,,,sênior,ensino médio completo,nenhum,,ti - sap-,cooperado,0,0,0,0
,,,pleno,pós graduação completo,básico,,ti - desenvolvimento/design-,,0,0,0,0
,,,sênior,ensino superior completo,avançado,,ti - sap-,pj/autônomo,0,0,0,0
,ensino superior completo,fluente,analista,ensino superior completo,intermediário,"ti - banco de dados, ti - infraestrutura",ti - desenvolvimento/programação-,clt full,0,1,0,0
,,,sênior,ensino superior completo,intermediário,,ti - desenvolvimento/programação-,,0,0,0,0
,,,analista,ensino superior completo,básico,,ti - projetos-,"pj/autônomo, clt full",0,0,0,0
,,,júnior,ensino superior cursando,intermediário,,ti - desenvolvimento/programação-,clt full,0,0,0,0
,pós graduação completo,fluente,sênior,ensino médio completo,avançado,"ti - governança, ti - projetos",ti - sap-,pj/autônomo,0,0,0,0
,,,analista,ensino superior completo,básico,,ti - projetos-,clt full,0,0,0,0
,,,pleno,ensino técnico completo,nenhum,,gestão e alocação de recursos de ti-,pj/autônomo,0,0,0,0
,,,sênior,ensino médio completo,nenhum,,administrativa-,pj/autônomo,0,0,0,0
,,,sênior,ensino superior completo,intermediário,,ti - sap-,"clt full, pj/autônomo",0,0,0,0
,,,sênior,ensino superior completo,avançado,,ti - projetos-,pj/autônomo,0,0,0,0
,,,analista,ensino superior completo,básico,,ti - projetos-,pj/autônomo,0,0,0,0
,,,sênior,ensino superior completo,nenhum,,ti - sap-,"cooperado, pj/autônomo",0,0,0,0
,,,pleno,ensino superior completo,intermediário,,ti - projetos-,pj/autônomo,0,0,0,0
,,,analista,ensino superior completo,básico,,ti - desenvolvimento/programação-,clt full,0,0,0,0
,,,sênior,ensino superior completo,avançado,,ti - projetos-,hunting,0,0,0,0
,,,sênior,ensino superior completo,avançado,,ti - sap-,pj/autônomo,0,0,0,0
,,,sênior,ensino superior completo,avançado,,ti - sap-,pj/autônomo,0,0,0,0
,,,analista,ensino superior completo,básico,,ti - projetos-,clt full,0,0,0,0
,,,júnior,ensino técnico completo,nenhum,,ti - telecom-,cooperado,0,0,0,0
,,,sênior,ensino superior completo,básico,,ti - sap-,pj/autônomo,0,0,0,0
,ensino médio completo,avançado,sênior,ensino médio completo,intermediário,,ti - projetos-,hunting,0,1,0,0
,ensino superior completo,intermediário,sênior,ensino superior completo,fluente,ti - desenvolvimento/programação,ti - sap-,pj/autônomo,0,1,0,0
,,,pleno,ensino médio completo,fluente,,ti - projetos-,pj/autônomo,0,0,0,0
,pós graduação completo,avançado,sênior,ensino superior completo,intermediário,ti - projetos,ti - projetos-,hunting,0,0,0,0
,,,sênior,ensino médio completo,nenhum,,gestão e alocação de recursos de ti-,cooperado,0,0,0,0
,,,analista,ensino superior completo,básico,,ti - projetos-,hunting,0,0,0,0
,,,sênior,ensino médio completo,fluente,,gestão e alocação de recursos de ti-,pj/autônomo,0,0,0,0
,,,pleno,ensino superior completo,avançado,,ti - sap-,pj/autônomo,0,0,0,0
,,,pleno,ensino técnico completo,avançado,,gestão e alocação de recursos de ti-ti - segurança da informação-,hunting,0,0,0,0
,,,sênior,ensino superior completo,avançado,,ti - projetos-,hunting,0,0,0,0
,,,pleno,ensino superior completo,avançado,,ti - projetos-,pj/autônomo,0,0,0,0
,,,pleno,ensino técnico completo,nenhum,,gestão e alocação de recursos de ti-,pj/autônomo,0,0,0,0
,,,analista,ensino superior completo,básico,,ti - sap-,"pj/autônomo, cooperado",0,0,0,0
,,,sênior,ensino superior completo,fluente,,ti - sap-,"clt full, pj/autônomo",0,0,0,0
,,,júnior,ensino médio completo,nenhum,,financeira/controladoria-,pj/autônomo,0,0,0,0
,,,pleno,ensino superior completo,intermediário,,ti - desenvolvimento/programação-,,0,0,0,0
,,,analista,ensino superior completo,avançado,,ti - projetos-,"clt full, pj/autônomo",0,0,0,0
,,,júnior,ensino superior completo,intermediário,,ti - projetos-,pj/autônomo,0,0,0,0
,ensino superior completo,básico,analista,ensino superior completo,básico,ti - sap,ti - sap-,"pj/autônomo, cooperado",0,1,1,0
,,,sênior,ensino médio completo,avançado,,ti - projetos-,pj/autônomo,0,0,0,0
,,,sênior,ensino médio completo,avançado,,gestão e alocação de recursos de ti-,pj/autônomo,0,0,0,0
,,,analista,ensino superior completo,fluente,,ti - sap-,pj/autônomo,0,0,0,0
,ensino superior completo,intermediário,pleno,ensino superior completo,intermediário,"ti - governança, ti - infraestrutura, ti - processos e negócios, ti - projetos, ti - sistemas e ferramentas, ti - suporte",ti - projetos-,clt full,0,1,1,0
,,,coordenador,ensino superior completo,avançado,,ti - sap-,clt full,0,0,0,0
,,,sênior,ensino superior completo,intermediário,,ti - sistemas e ferramentas-,hunting,0,0,0,0
,,,analista,ensino superior completo,intermediário,,ti - sap-,"clt full, clt cotas, cooperado, estagiário, pj/autônomo",0,0,0,0
,ensino superior incompleto,básico,especialista,ensino superior completo,básico,ti - suporte,ti - projetos-,"pj/autônomo, clt full",0,0,1,0
,,,analista,ensino superior completo,intermediário,,ti - projetos-,"clt full, pj/autônomo",0,0,0,0
,ensino superior completo,intermediário,analista,ensino superior completo,básico,ti - desenvolvimento/programação,ti - desenvolvimento/programação-,clt full,0,1,0,0
,pós graduação completo,avançado,pleno,ensino superior completo,avançado,ti - infraestrutura,ti - infraestrutura-,hunting,0,0,1,0
,,,sênior,ensino superior completo,avançado,,ti - projetos-,pj/autônomo,0,0,0,0
,,,sênior,ensino médio completo,avançado,,ti - projetos-,pj/autônomo,0,0,0,0
,,,sênior,ensino superior completo,técnico,,gestão e alocação de recursos de ti-,pj/autônomo,0,0,0,0
,,,pleno,ensino técnico completo,nenhum,,gestão e alocação de recursos de ti-,pj/autônomo,0,0,0,0
,,,pleno,ensino superior completo,nenhum,,gestão e alocação de recursos de ti-ti - infraestrutura-,pj/autônomo,0,0,0,0
,,,sênior,ensino superior completo,nenhum,,ti - sap-,pj/autônomo,0,0,0,0
,,,sênior,ensino superior completo,básico,,ti - projetos-,clt full,0,0,0,0
,ensino superior completo,intermediário,analista,ensino superior completo,básico,ti - sap,ti - sap-,"clt full, pj/autônomo",0,1,0,0
,pós graduação completo,avançado,pleno,ensino técnico completo,nenhum,ti - sap,gestão e alocação de recursos de ti-,pj/autônomo,0,0,0,0
,pós graduação incompleto,intermediário,especialista,ensino superior completo,básico,ti - projetos,ti - sap-,pj/autônomo,0,0,0,0
,ensino superior completo,intermediário,sênior,ensino superior completo,nenhum,ti - desenvolvimento/programação,ti - projetos-,pj/autônomo,0,1,0,0
,,,pleno,ensino técnico completo,fluente,,gestão e alocação de recursos de ti-,pj/autônomo,0,0,0,0
,pós graduação completo,intermediário,pleno,ensino superior completo,básico,ti - desenvolvimento/programação,ti - projetos-,hunting,0,0,0,0
,pós graduação completo,fluente,sênior,ensino superior completo,nenhum,"ti - governança, ti - sap",ti - desenvolvimento/programação-,pj/autônomo,0,0,0,0
,,,sênior,ensino superior completo,intermediário,,ti - desenvolvimento/programação-,,0,0,0,0
,pós graduação completo,avançado,sênior,ensino superior completo,avançado,"gestão e alocação de recursos de ti, ti - infraestrutura, ti - projetos",ti - projetos-,hunting,0,0,1,0
,,,analista,ensino superior completo,básico,,ti - projetos-,"clt full, pj/autônomo",0,0,0,0
,,,sênior,ensino superior completo,fluente,,ti - sap-,pj/autônomo,0,0,0,0
,,,analista,ensino superior completo,básico,,ti - projetos-,"clt full, pj/autônomo",0,0,0,0
,,,pleno,ensino técnico completo,nenhum,,gestão e alocação de recursos de ti-,pj/autônomo,0,0,0,0
,ensino superior cursando,avançado,analista,ensino superior completo,básico,ti - desenvolvimento/programação,ti - projetos-,"pj/autônomo, clt full",0,0,0,0
,,,sênior,ensino superior completo,fluente,,ti - sap-,pj/autônomo,0,0,0,0
,ensino superior completo,intermediário,júnior,pós graduação cursando,intermediário,administrativa,recursos humanos-,clt full,0,0,1,0
,,,sênior,ensino superior completo,nenhum,,ti - desenvolvimento/programação-,clt full,0,0,0,0
,pós graduação completo,avançado,analista,ensino superior completo,básico,"administrativa, ti - governança, ti - processos e negócios, ti - projetos",ti - projetos-,"clt full, pj/autônomo",0,0,0,0
,,,sênior,ensino superior completo,fluente,,ti - sap-,pj/autônomo,0,0,0,0
,,,analista,ensino superior completo,básico,,ti - projetos-,clt full,0,0,0,0
,ensino superior completo,básico,analista,ensino superior completo,básico,"administrativa, financeira/controladoria",ti - projetos-,"clt full, pj/autônomo",0,1,1,0
,,,analista,ensino superior completo,básico,,ti - projetos-,"pj/autônomo, clt full",0,0,0,0
,,,pleno,ensino técnico completo,nenhum,,gestão e alocação de recursos de ti-,pj/autônomo,0,0,0,0
,,,sênior,ensino técnico completo,básico,,ti - sap-,pj/autônomo,0,0,0,0
,,,assistente,ensino superior cursando,nenhum,,administrativa-,clt full,0,0,0,0
,,,sênior,ensino superior completo,intermediário,,ti - sistemas e ferramentas-,,0,0,0,0
,ensino superior cursando,intermediário,sênior,ensino médio completo,nenhum,ti - desenvolvimento/programação,gestão e alocação de recursos de ti-,clt cotas,0,0,0,0
,,,pleno,ensino médio completo,nenhum,,gestão e alocação de recursos de ti-,pj/autônomo,0,0,0,0
,,,pleno,ensino superior cursando,nenhum,,ti - projetos-,pj/autônomo,0,0,0,0
,pós graduação completo,avançado,analista,ensino superior completo,avançado,ti - projetos,ti - projetos-,"pj/autônomo, clt full",0,0,1,0
,,,sênior,ensino superior completo,básico,,ti - sap-,"pj/autônomo, clt full",0,0,0,0
,,,analista,ensino superior completo,básico,,ti - projetos-,"clt full, pj/autônomo",0,0,0,0
,,,sênior,ensino superior completo,fluente,,ti - sap-,hunting,0,0,0,0
,,,analista,ensino superior completo,básico,,ti - projetos-,"clt full, pj/autônomo",0,0,0,0
,,,júnior,ensino superior cursando,intermediário,,ti - desenvolvimento/programação-,clt full,0,0,0,0
,,,sênior,ensino superior completo,básico,,ti - projetos-,"cooperado, pj/autônomo",0,0,0,0
,,,analista,ensino superior completo,básico,,ti - projetos-,"clt full, pj/autônomo",0,0,0,0
,,,analista,ensino superior completo,básico,,ti - projetos-,pj/autônomo,0,0,0,0
,,,sênior,ensino superior completo,técnico,,ti - projetos-,pj/autônomo,0,0,0,0
,,,pleno,ensino médio completo,avançado,,gestão e alocação de recursos de ti-,pj/autônomo,0,0,0,0
,ensino superior completo,intermediário,sênior,ensino médio completo,avançado,ti - projetos,gestão e alocação de recursos de ti-,pj/autônomo,0,0,0,0
,,,sênior,ensino médio completo,nenhum,,gestão e alocação de recursos de ti-,cooperado,0,0,0,0
,,,júnior,ensino médio completo,nenhum,,administrativa-,clt full,0,0,0,0
,,,sênior,ensino superior completo,avançado,,ti - sap-,pj/autônomo,0,0,0,0
,,,sênior,ensino médio completo,nenhum,,ti - banco de dados-,cooperado,0,0,0,0
,,,analista,ensino superior completo,básico,,ti - projetos-,"clt full, pj/autônomo",0,0,0,0
,,,sênior,ensino superior completo,fluente,,financeira/controladoria-,pj/autônomo,0,0,0,0
,ensino superior completo,intermediário,sênior,ensino superior completo,nenhum,ti - projetos,gestão e alocação de recursos de ti-,cooperado,0,1,0,0
,,,analista,ensino superior completo,intermediário,,ti - projetos-,"clt full, pj/autônomo",0,0,0,0
,,,sênior,ensino superior completo,fluente,,ti - sap-,clt full,0,0,0,0
,,,sênior,ensino superior completo,intermediário,,ti - projetos-,clt full,0,0,0,0
,,,sênior,ensino médio completo,nenhum,,financeira/controladoria-,cooperado,0,0,0,0
,,,pleno,ensino superior completo,básico,,ti - projetos-,"pj/autônomo, clt full",0,0,0,0
,ensino técnico incompleto,básico,analista,ensino médio completo,básico,"ti - arquitetura, ti - banco de dados, ti - desenvolvimento/design, ti - desenvolvimento/mobile, ti - desenvolvimento/programação, ti - governança, ti - infraestrutura, ti - processos e negócios, ti - projetos, ti - qualidade/testes, ti - segurança da informação, ti - sistemas e ferramentas, ti - suporte, ti - telecom, ti - ux",ti - suporte-,cooperado,0,0,1,0
,,,analista,ensino superior completo,básico,,ti - projetos-,pj/autônomo,0,0,0,0
,pós graduação completo,intermediário,analista,ensino superior completo,avançado,ti - projetos,ti - projetos-,clt full,0,0,0,0
,ensino superior completo,intermediário,pleno,ensino técnico completo,nenhum,comercial,ti - sap-,pj/autônomo,0,0,0,0
,,,júnior,ensino técnico incompleto,técnico,,financeira/controladoria-,clt cotas,0,0,0,0
,,,especialista,ensino superior completo,nenhum,,ti - sap-,,0,0,0,0
,,,sênior,ensino superior completo,básico,,ti - sap-,pj/autônomo,0,0,0,0
,,,pleno,ensino técnico completo,nenhum,,gestão e alocação de recursos de ti-,pj/autônomo,0,0,0,0
,,,líder,ensino superior completo,fluente,,ti - projetos-,pj/autônomo,0,0,0,0
,,,sênior,ensino superior completo,avançado,,ti - projetos-,hunting,0,0,0,0
,,,sênior,ensino superior completo,avançado,,ti - projetos-,hunting,0,0,0,0
,,,sênior,ensino superior completo,nenhum,,ti - sap-,cooperado,0,0,0,0
,,,analista,ensino superior completo,avançado,,ti - sap-,pj/autônomo,0,0,0,0
,,,sênior,ensino superior completo,avançado,,ti - projetos-,hunting,0,0,0,0
,,,sênior,ensino superior completo,fluente,,ti - sap-,"clt full, pj/autônomo",0,0,0,0
,,,analista,ensino superior completo,básico,,ti - projetos-,"clt full, pj/autônomo",0,0,0,0
,ensino superior completo,avançado,sênior,ensino superior completo,avançado,"gestão e alocação de recursos de ti, novos negócios e parcerias, ti - processos e negócios, ti - projetos",ti - projetos-,pj/autônomo,0,1,1,0
,ensino superior completo,intermediário,analista,ensino superior completo,básico,ti - desenvolvimento/programação,ti - projetos-,"clt full, pj/autônomo",0,1,0,0
,,,sênior,ensino superior completo,intermediário,,ti - desenvolvimento/programação-,pj/autônomo,0,0,0,0
,,,sênior,ensino superior completo,nenhum,,gestão e alocação de recursos de ti-ti - sap-,pj/autônomo,0,0,0,0
,,,analista,ensino superior completo,básico,,ti - projetos-,pj/autônomo,0,0,0,0
,,,sênior,ensino médio completo,nenhum,,administrativa-,pj/autônomo,0,0,0,0
,,,pleno,ensino técnico completo,nenhum,,gestão e alocação de recursos de ti-,pj/autônomo,0,0,0,0
,,avançado,pleno,ensino superior completo,nenhum,,ti - projetos-,cooperado,0,0,0,0
,,,analista,ensino superior completo,básico,,ti - projetos-,"clt full, pj/autônomo",0,0,0,0
,pós graduação completo,intermediário,pleno,ensino superior completo,básico,ti - desenvolvimento/programação,ti - projetos-,"pj/autônomo, clt cotas",0,0,0,0
,,,pleno,ensino superior completo,avançado,,ti - projetos-,pj/autônomo,0,0,0,0
,,,analista,ensino médio completo,básico,,ti - projetos-,"pj/autônomo, clt full",0,0,0,0
,,,gerente,ensino superior completo,avançado,,ti - projetos-,"pj/autônomo, cooperado",0,0,0,0
,,,analista,ensino superior completo,básico,,ti - sap-,pj/autônomo,0,0,0,0
,ensino superior completo,intermediário,sênior,ensino superior completo,nenhum,ti - projetos,gestão e alocação de recursos de ti-,pj/autônomo,0,1,0,0
,ensino superior cursando,intermediário,gerente,ensino superior completo,básico,"ti - infraestrutura, ti - projetos, ti - suporte",ti - governança-ti - infraestrutura-ti - suporte-,"cooperado, pj/autônomo",0,0,0,0
,,,pleno,ensino técnico completo,nenhum,,gestão e alocação de recursos de ti-,pj/autônomo,0,0,0,0
,,,analista,ensino superior completo,avançado,,ti - sap-,"pj/autônomo, clt full",0,0,0,0
,,,analista,ensino superior completo,básico,,ti - projetos-,"clt full, pj/autônomo",0,0,0,0
,,,analista,ensino superior completo,básico,,ti - projetos-,"pj/autônomo, clt full",0,0,0,0
,,,analista,ensino superior completo,básico,,ti - projetos-,"pj/autônomo, clt full",0,0,0,0
,,,analista,ensino superior completo,básico,,ti - projetos-,clt full,0,0,0,0
,,,pleno,ensino superior completo,avançado,,ti - projetos-,pj/autônomo,0,0,0,0
,,,sênior,ensino superior completo,básico,,ti - sap-,pj/autônomo,0,0,0,0
,,,sênior,ensino superior completo,básico,,ti - projetos-,clt full,0,0,0,0
,,,sênior,ensino superior completo,avançado,,ti - sap-,pj/autônomo,0,0,0,0
,,,analista,ensino superior completo,básico,,ti - projetos-,hunting,0,0,0,0
,,,pleno,ensino superior completo,avançado,,ti - desenvolvimento/programação-,clt full,0,0,0,0
,,,sênior,ensino superior completo,avançado,,ti - projetos-,pj/autônomo,0,0,0,0
,,,pleno,ensino médio completo,avançado,,gestão e alocação de recursos de ti-,pj/autônomo,0,0,0,0
,,,sênior,ensino superior completo,avançado,,ti - sap-,"pj/autônomo, clt full",0,0,0,0
,,,analista,ensino superior completo,básico,,ti - sap-,clt full,0,0,0,0
,,,analista,ensino superior completo,fluente,,ti - sap-,pj/autônomo,0,0,0,0
,ensino superior completo,nenhum,pleno,ensino superior completo,intermediário,qualidade corporativa,ti - processos e negócios-,"clt full, clt cotas, cooperado, pj/autônomo",0,1,0,0
,pós graduação completo,fluente,analista,ensino superior completo,fluente,"ti - banco de dados, ti - governança, ti - infraestrutura, ti - processos e negócios, ti - projetos, ti - segurança da informação, ti - suporte, ti - telecom",ti - projetos-,"clt full, pj/autônomo",0,0,1,0
,,,analista,ensino médio completo,nenhum,,administrativa-financeira/controladoria-,clt full,0,0,0,0
,pós graduação completo,avançado,sênior,ensino superior completo,nenhum,"ti - governança, ti - processos e negócios, ti - projetos",ti - desenvolvimento/programação-,"clt full, clt cotas, cooperado, pj/autônomo",0,0,0,0
,,,analista,ensino superior completo,básico,,ti - projetos-,"cooperado, pj/autônomo",0,0,0,0
,,,líder,ensino superior completo,nenhum,,ti - telecom-,cooperado,0,0,0,0
,,,sênior,ensino superior completo,fluente,,ti - sap-,"cooperado, pj/autônomo",0,0,0,0
,,,analista,ensino superior completo,básico,,ti - projetos-,"pj/autônomo, clt full",0,0,0,0
,,,analista,ensino superior completo,avançado,,ti - sap-,pj/autônomo,0,0,0,0
,,,sênior,ensino superior completo,nenhum,,ti - desenvolvimento/programação-,clt full,0,0,0,0
,,,júnior,ensino superior completo,avançado,,marketing-,"clt full, clt cotas, pj/autônomo",0,0,0,0
,,,analista,ensino superior completo,básico,,ti - projetos-,"pj/autônomo, clt full",0,0,0,0
,,,pleno,ensino técnico completo,nenhum,,gestão e alocação de recursos de ti-,pj/autônomo,0,0,0,0
,,,gerente,ensino superior completo,intermediário,,ti - sap-,"clt cotas, cooperado, estagiário, pj/autônomo",0,0,0,0
,,,analista,ensino superior completo,básico,,ti - projetos-,"clt full, pj/autônomo",0,0,0,0
,,,pleno,ensino superior completo,básico,,ti - projetos-,"pj/autônomo, cooperado",0,0,0,0
,,,analista,ensino superior completo,fluente,,ti - desenvolvimento/programação-,clt full,0,0,0,0
,pós graduação completo,básico,analista,ensino superior completo,básico,financeira/controladoria,ti - projetos-,"pj/autônomo, clt full",0,0,1,0
,,,sênior,ensino superior completo,intermediário,,ti - sap-,pj/autônomo,0,0,0,0
,,,sênior,ensino superior completo,avançado,,ti - sap-,hunting,0,0,0,0
,ensino superior incompleto,avançado,assistente,ensino médio completo,nenhum,administrativa,ti - projetos-,clt full,0,0,0,0
,,,analista,pós graduação completo,básico,,ti - projetos-,clt full,0,0,0,0
,,,pleno,ensino superior completo,básico,,ti - projetos-,"pj/autônomo, clt cotas",0,0,0,0
,,,sênior,ensino superior completo,fluente,,gestão e alocação de recursos de ti-ti - infraestrutura-,pj/autônomo,0,0,0,0
,pós graduação completo,fluente,analista,ensino superior completo,básico,"ti - arquitetura, ti - banco de dados, ti - desenvolvimento/design, ti - desenvolvimento/programação, ti - governança, ti - processos e negócios, ti - projetos, ti - sistemas e ferramentas",ti - banco de dados-,clt full,0,0,0,0
,,,analista,ensino superior completo,básico,,ti - projetos-,"clt full, pj/autônomo",0,0,0,0
,,,sênior,ensino superior completo,nenhum,,ti - sap-,clt full,0,0,0,0
,,,sênior,ensino médio completo,avançado,,ti - projetos-,cooperado,0,0,0,0
,,,júnior,ensino superior completo,intermediário,,ti - projetos-,pj/autônomo,0,0,0,0
,,,especialista,ensino superior completo,básico,,ti - sap-,pj/autônomo,0,0,0,0
,pós graduação incompleto,intermediário,pleno,ensino superior completo,nenhum,"ti - processos e negócios, ti - projetos, ti - sap",ti - sap-,pj/autônomo,0,0,0,0
,,,sênior,ensino superior completo,avançado,,ti - projetos-,clt full,0,0,0,0
,pós graduação completo,intermediário,pleno,ensino superior completo,nenhum,ti - infraestrutura,gestão e alocação de recursos de ti-ti - infraestrutura-,hunting,0,0,0,0
,ensino superior incompleto,intermediário,pleno,ensino técnico completo,nenhum,gestão e alocação de recursos de ti,gestão e alocação de recursos de ti-,pj/autônomo,0,0,0,0
,,,sênior,ensino médio completo,avançado,,ti - projetos-ti - sap-,pj/autônomo,0,0,0,0
,,,sênior,ensino superior completo,avançado,,ti - desenvolvimento/design-,clt full,0,0,0,0
,ensino superior cursando,fluente,sênior,ensino médio completo,nenhum,"ti - arquitetura, ti - desenvolvimento/design, ti - desenvolvimento/mobile, ti - desenvolvimento/programação, ti - sistemas e ferramentas",administrativa-,cooperado,0,0,0,0
,ensino superior completo,avançado,analista,ensino superior completo,básico,administrativa,ti - projetos-,"clt full, pj/autônomo",0,1,0,0
,,,pleno,ensino superior completo,básico,,ti - sap-,pj/autônomo,0,0,0,0
,,,pleno,ensino superior completo,nenhum,,ti - projetos-,pj/autônomo,0,0,0,0
,,,pleno,ensino técnico completo,nenhum,,ti - sap-,pj/autônomo,0,0,0,0
,,,pleno,ensino superior completo,fluente,,ti - projetos-,hunting,0,0,0,0
,,,sênior,ensino médio completo,nenhum,,administrativa-,pj/autônomo,0,0,0,0
,,,júnior,ensino superior completo,básico,,ti - projetos-,cooperado,0,0,0,0
,ensino superior incompleto,intermediário,analista,ensino superior completo,básico,ti - desenvolvimento/programação,ti - sap-,"clt full, pj/autônomo",0,0,0,0
,,,analista,ensino médio completo,nenhum,,ti - suporte-,cooperado,0,0,0,0
,ensino superior completo,básico,analista,ensino superior completo,básico,"ti - arquitetura, ti - banco de dados, ti - infraestrutura, ti - suporte",ti - desenvolvimento/programação-,clt full,0,1,1,0
,,,sênior,ensino médio completo,nenhum,,financeira/controladoria-,cooperado,0,0,0,0
,,,analista,ensino superior completo,básico,,ti - projetos-,clt full,0,0,0,0
,ensino técnico completo,básico,analista,ensino superior completo,básico,gestão e alocação de recursos de ti,ti - desenvolvimento/programação-,clt full,0,0,1,0
,,,analista,ensino superior completo,fluente,,ti - projetos-,hunting,0,0,0,0
,,,analista,ensino superior completo,básico,,ti - projetos-,hunting,0,0,0,0
,,,analista,ensino superior completo,básico,,ti - desenvolvimento/programação-,clt full,0,0,0,0
,,,analista,ensino superior completo,básico,,ti - projetos-,"clt full, pj/autônomo",0,0,0,0
,,,sênior,ensino superior completo,avançado,,ti - infraestrutura-,cooperado,0,0,0,0
,,,especialista,ensino superior completo,avançado,,ti - sap-,pj/autônomo,0,0,0,0
,,,júnior,ensino superior completo,básico,,ti - desenvolvimento/programação-,hunting,0,0,0,0
,pós graduação incompleto,fluente,sênior,ensino superior completo,avançado,"ti - desenvolvimento/design, ti - desenvolvimento/programação, ti - processos e negócios, ti - sap",ti - sap-,pj/autônomo,0,0,0,0
,pós graduação completo,avançado,sênior,ensino superior completo,básico,"ti - processos e negócios, ti - sap",ti - sap-,pj/autônomo,0,0,0,0
,,,pleno,ensino técnico completo,nenhum,,gestão e alocação de recursos de ti-,pj/autônomo,0,0,0,0
,,,sênior,ensino superior completo,nenhum,,gestão e alocação de recursos de ti-ti - sap-,pj/autônomo,0,0,0,0
,,,sênior,ensino superior completo,nenhum,,ti - projetos-,pj/autônomo,0,0,0,0
,,,júnior,ensino médio completo,nenhum,,ti - projetos-,cooperado,0,0,0,0
,,,pleno,ensino superior completo,técnico,,ti - desenvolvimento/programação-,hunting,0,0,0,0
,,,sênior,ensino médio completo,nenhum,,comercial-,clt cotas,0,0,0,0
,,,analista,ensino superior completo,básico,,ti - projetos-,"cooperado, pj/autônomo",0,0,0,0
,,,analista,ensino superior completo,fluente,,ti - sap-,clt full,0,0,0,0
,,,sênior,ensino superior completo,fluente,,gestão e alocação de recursos de ti-ti - sap-,pj/autônomo,0,0,0,0
,,,pleno,ensino superior cursando,básico,,ti - sap-,"pj/autônomo, clt full",0,0,0,0
,,,analista,ensino superior completo,intermediário,,ti - sap-,"clt full, pj/autônomo",0,0,0,0
,,,sênior,ensino superior completo,intermediário,,ti - projetos-,hunting,0,0,0,0
,,,analista,ensino superior completo,básico,,ti - sap-,pj/autônomo,0,0,0,0
,,,analista,ensino superior completo,básico,,ti - projetos-,clt full,0,0,0,0
,,,especialista,ensino superior incompleto,básico,,ti - projetos-,hunting,0,0,0,0
,,,analista,ensino superior completo,básico,,ti - sap-,pj/autônomo,0,0,0,0
,ensino superior completo,básico,júnior,ensino superior completo,intermediário,ti - desenvolvimento/programação,ti - projetos-,pj/autônomo,0,1,0,0
,,,pleno,ensino técnico completo,nenhum,,gestão e alocação de recursos de ti-,hunting,0,0,0,0
,ensino superior cursando,intermediário,analista,ensino superior completo,básico,ti - infraestrutura,ti - infraestrutura-,clt full,0,0,0,0
,,,sênior,ensino superior completo,fluente,,ti - sap-,pj/autônomo,0,0,0,0
,,,pleno,ensino técnico completo,nenhum,,gestão e alocação de recursos de ti-,pj/autônomo,0,0,0,0
,ensino técnico completo,nenhum,assistente,ensino médio completo,nenhum,administrativa,ti - projetos-,clt full,0,0,1,0
,,,sênior,ensino superior completo,avançado,,ti - projetos-,hunting,0,0,0,0
,ensino superior completo,intermediário,especialista,ensino superior completo,intermediário,ti - sap,ti - sap-,hunting,0,1,1,0
,ensino superior completo,avançado,sênior,ensino superior incompleto,avançado,ti - sistemas e ferramentas,ti - desenvolvimento/programação-,pj/autônomo,0,0,1,0
,,,analista,ensino superior completo,básico,,ti - projetos-,"pj/autônomo, clt full",0,0,0,0
,,,sênior,ensino superior completo,avançado,,marketing-,"clt full, clt cotas, pj/autônomo",0,0,0,0
,,,pleno,ensino técnico completo,nenhum,,gestão e alocação de recursos de ti-,pj/autônomo,0,0,0,0
,,,analista,ensino superior completo,básico,,ti - projetos-,"clt full, pj/autônomo",0,0,0,0
,ensino superior incompleto,básico,júnior,ensino técnico completo,nenhum,"relacionamento técnico, ti - infraestrutura, ti - qualidade/testes, ti - sistemas e ferramentas, ti - suporte",ti - telecom-,cooperado,0,0,0,0
,,,sênior,ensino superior completo,nenhum,,gestão e alocação de recursos de ti-ti - sap-,pj/autônomo,0,0,0,0
,,,sênior,ensino superior completo,nenhum,,gestão e alocação de recursos de ti-,clt full,0,0,0,0
,,,sênior,ensino médio completo,avançado,,gestão e alocação de recursos de ti-,pj/autônomo,0,0,0,0
,,,analista,ensino superior completo,básico,,ti - projetos-,"clt full, pj/autônomo",0,0,0,0
,,,sênior,ensino superior completo,nenhum,,gestão e alocação de recursos de ti-,hunting,0,0,0,0
,ensino superior completo,intermediário,sênior,ensino superior completo,nenhum,"ti - governança, ti - processos e negócios, ti - projetos, ti - sap, ti - segurança da informação, ti - sistemas e ferramentas, ti - telecom",ti - sap-,pj/autônomo,0,1,0,0
,ensino superior completo,avançado,sênior,ensino superior completo,avançado,administrativa,ti - projetos-,pj/autônomo,0,1,1,0
,,,sênior,ensino superior completo,nenhum,,ti - projetos-,cooperado,0,0,0,0
,,,pleno,ensino superior completo,básico,,ti - projetos-,pj/autônomo,0,0,0,0
,pós graduação completo,básico,pleno,ensino superior completo,nenhum,comercial,comercial-,cooperado,0,0,0,0
,,,sênior,ensino médio completo,avançado,,ti - sap-,pj/autônomo,0,0,0,0
,,,sênior,ensino técnico completo,nenhum,,ti - projetos-,pj/autônomo,0,0,0,0
,ensino superior cursando,básico,assistente,ensino médio completo,nenhum,administrativa,ti - projetos-,clt full,0,0,0,0
,ensino superior completo,avançado,analista,ensino superior completo,básico,ti - sistemas e ferramentas,ti - projetos-,"clt full, pj/autônomo",0,1,0,0
,pós graduação completo,intermediário,sênior,ensino superior completo,intermediário,ti - qualidade/testes,ti - projetos-,"clt full, pj/autônomo",0,0,1,0
,,,analista,ensino superior completo,básico,,ti - sap-,"pj/autônomo, clt full",0,0,0,0
,pós graduação completo,fluente,pleno,ensino superior completo,nenhum,"administrativa, gestão e alocação de recursos de ti, qualidade corporativa, ti - governança, ti - infraestrutura, ti - processos e negócios, ti - projetos, ti - sistemas e ferramentas, ti - suporte",ti - sistemas e ferramentas-,clt full,0,0,0,0
,,,analista,ensino médio completo,nenhum,"ti - processos e negócios, ti - projetos, ti - sistemas e ferramentas",financeira/controladoria-,cooperado,0,0,0,0
,,,analista,ensino superior completo,intermediário,,ti - sap-,"clt cotas, cooperado, estagiário, pj/autônomo",0,0,0,0
,ensino superior completo,avançado,analista,ensino superior completo,intermediário,administrativa,ti - processos e negócios-,clt cotas,0,1,0,0
,pós graduação completo,fluente,analista,ensino superior completo,avançado,"ti - banco de dados, ti - governança, ti - infraestrutura, ti - processos e negócios, ti - projetos, ti - segurança da informação, ti - suporte, ti - telecom",ti - projetos-,hunting,0,0,0,0
,ensino superior incompleto,fluente,pleno,ensino técnico completo,nenhum,ti - infraestrutura,gestão e alocação de recursos de ti-,pj/autônomo,0,0,0,0
,pós graduação completo,básico,sênior,ensino técnico completo,nenhum,ti - desenvolvimento/programação,administrativa-,cooperado,0,0,0,0
,,,analista,ensino superior completo,básico,,ti - sap-,"clt full, pj/autônomo",0,0,0,0
,pós graduação completo,avançado,analista,ensino superior completo,básico,recursos humanos,ti - projetos-,"clt full, pj/autônomo",0,0,0,0
,,,pleno,ensino superior completo,nenhum,,gestão e alocação de recursos de ti-ti - infraestrutura-,pj/autônomo,0,0,0,0
,,,sênior,ensino médio completo,nenhum,,gestão e alocação de recursos de ti-,pj/autônomo,0,0,0,0
,,,sênior,ensino superior completo,básico,,ti - projetos-,"cooperado, pj/autônomo",0,0,0,0
,,,analista,ensino superior completo,básico,,ti - projetos-,"pj/autônomo, clt full",0,0,0,0
,,,pleno,ensino superior completo,avançado,,ti - sap-,hunting,0,0,0,0
,,,analista,ensino superior completo,básico,,ti - projetos-,"clt full, pj/autônomo",0,0,0,0
,,,sênior,ensino superior completo,nenhum,,ti - projetos-,pj/autônomo,0,0,0,0
,,,sênior,ensino superior completo,intermediário,,comercial-,,0,0,0,0
,,,analista,ensino superior completo,básico,,ti - projetos-,"pj/autônomo, clt full",0,0,0,0
,,,pleno,ensino superior completo,nenhum,,ti - projetos-,pj/autônomo,0,0,0,0
,ensino superior completo,intermediário,pleno,ensino superior completo,avançado,"ti - arquitetura, ti - banco de dados, ti - desenvolvimento/programação, ti - projetos",ti - projetos-,pj/autônomo,0,1,0,0
,,,sênior,ensino médio completo,nenhum,,gestão e alocação de recursos de ti-,,0,0,0,0
,,,sênior,ensino médio completo,nenhum,,administrativa-,pj/autônomo,0,0,0,0
,,,sênior,ensino superior completo,nenhum,,ti - projetos-,pj/autônomo,0,0,0,0
,ensino superior completo,fluente,sênior,ensino superior completo,avançado,ti - sap,ti - sap-,pj/autônomo,0,1,0,0
,,,pleno,ensino superior completo,nenhum,,ti - desenvolvimento/programação-,clt full,0,0,0,0
,,,pleno,ensino superior completo,nenhum,,ti - desenvolvimento/programação-,cooperado,0,0,0,0
,,,analista,ensino superior completo,nenhum,,ti - suporte-,cooperado,0,0,0,0
,,,analista,ensino superior completo,básico,,ti - projetos-,"clt full, pj/autônomo",0,0,0,0
,,,analista,ensino superior completo,básico,,ti - projetos-,clt full,0,0,0,0
,,,sênior,ensino médio completo,avançado,,gestão e alocação de recursos de ti-,pj/autônomo,0,0,0,0
,,,sênior,ensino médio completo,avançado,,financeira/controladoria-,pj/autônomo,0,0,0,0
,,,analista,ensino superior completo,avançado,,ti - projetos-,"clt full, pj/autônomo",0,0,0,0
,,,júnior,ensino superior completo,fluente,,gestão e alocação de recursos de ti-,clt full,0,0,0,0
,,,pleno,ensino técnico completo,nenhum,,gestão e alocação de recursos de ti-,pj/autônomo,0,0,0,0
,ensino superior incompleto,avançado,analista,ensino superior completo,básico,ti - desenvolvimento/design,ti - projetos-,"pj/autônomo, clt full",0,0,0,0
,,,sênior,ensino superior completo,básico,,ti - projetos-,cooperado,0,0,0,0
,,,júnior,ensino superior completo,básico,,ti - suporte-,hunting,0,0,0,0
,,,pleno,ensino técnico completo,nenhum,,ti - telecom-,cooperado,0,0,0,0
,,,sênior,ensino superior completo,avançado,,ti - projetos-,hunting,0,0,0,0
,pós graduação completo,avançado,sênior,ensino superior completo,avançado,ti - sap,ti - sap-,pj/autônomo,0,0,1,0
,,,analista,ensino superior completo,básico,,ti - projetos-,clt full,0,0,0,0
,pós graduação completo,intermediário,analista,ensino superior completo,básico,"ti - processos e negócios, ti - projetos, ti - sistemas e ferramentas",ti - projetos-,"pj/autônomo, clt full",0,0,0,0
,,,pleno,ensino superior completo,nenhum,,ti - projetos-,clt cotas,0,0,0,0
,ensino superior incompleto,avançado,sênior,ensino superior cursando,avançado,ti - qualidade/testes,ti - projetos-,pj/autônomo,0,0,1,0
,,,sênior,ensino superior completo,intermediário,,ti - desenvolvimento/programação-,,0,0,0,0
,,,sênior,ensino médio completo,nenhum,,ti - projetos-,cooperado,0,0,0,0
júnior,,,analista,ensino superior completo,básico,,ti - projetos-,"clt full, pj/autônomo",0,0,0,0
,,,pleno,ensino superior completo,nenhum,,ti - projetos-,cooperado,0,0,0,0
,,,sênior,ensino superior completo,básico,,ti - projetos-,"pj/autônomo, clt full",0,0,0,0
,,,analista,ensino superior completo,avançado,,ti - projetos-,"pj/autônomo, clt full",0,0,0,0
,,,analista,ensino superior completo,básico,,ti - projetos-,"pj/autônomo, clt full",0,0,0,0
,ensino superior incompleto,intermediário,especialista,ensino superior completo,básico,ti - sap,ti - sap-,pj/autônomo,0,0,0,0
,,,sênior,ensino médio completo,avançado,,gestão e alocação de recursos de ti-,pj/autônomo,0,0,0,0
,,,analista,ensino superior completo,básico,,ti - projetos-,"pj/autônomo, clt full",0,0,0,0
,,,pleno,ensino técnico completo,nenhum,,gestão e alocação de recursos de ti-,pj/autônomo,0,0,0,0
,,,júnior,ensino superior cursando,nenhum,,ti - desenvolvimento/programação-,,0,0,0,0
,,,analista,ensino superior completo,básico,,ti - projetos-,"clt full, pj/autônomo",0,0,0,0
,,,analista,ensino superior completo,básico,,ti - sap-,"clt full, pj/autônomo",0,0,0,0
,,,júnior,ensino superior completo,básico,,ti - suporte-,hunting,0,0,0,0
,pós graduação completo,,sênior,ensino superior completo,nenhum,,gestão e alocação de recursos de ti-ti - sap-,pj/autônomo,0,0,0,0
,,,sênior,ensino superior completo,básico,,ti - sap-,pj/autônomo,0,0,0,0
,ensino superior completo,avançado,analista,ensino superior completo,fluente,"ti - projetos, ti - sap, ti - suporte",ti - sap-,"pj/autônomo, clt full",0,1,0,0
,,,analista,ensino superior completo,básico,,ti - projetos-,"pj/autônomo, clt full",0,0,0,0
,ensino superior completo,,analista,ensino superior completo,avançado,,ti - projetos-,"pj/autônomo, clt full",0,1,0,0
,,,sênior,ensino médio completo,avançado,,gestão e alocação de recursos de ti-,pj/autônomo,0,0,0,0
,ensino superior completo,avançado,sênior,ensino técnico completo,nenhum,ti - desenvolvimento/programação,ti - banco de dados-,clt full,0,0,0,0
sênior,pós graduação completo,básico,analista,ensino superior completo,básico,ti - desenvolvimento/programação,ti - projetos-,clt full,0,0,1,0
,,,sênior,ensino superior completo,avançado,,ti - projetos-,pj/autônomo,0,0,0,0
,,,analista,ensino superior completo,básico,,ti - projetos-,"clt full, pj/autônomo",0,0,0,0
,,,sênior,ensino superior completo,básico,,ti - projetos-,"cooperado, pj/autônomo",0,0,0,0
,,,sênior,ensino superior cursando,nenhum,,ti - sistemas e ferramentas-,hunting,0,0,0,0
,ensino superior cursando,básico,analista,ensino superior completo,básico,ti - suporte,ti - projetos-,"clt full, pj/autônomo",0,0,1,0
,,,analista,ensino superior completo,básico,,ti - projetos-,"pj/autônomo, clt full",0,0,0,0
,ensino superior completo,avançado,analista,ensino superior completo,fluente,"ti - processos e negócios, ti - projetos, ti - qualidade/testes, ti - sistemas e ferramentas, ti - suporte",ti - projetos-,"pj/autônomo, clt full",0,1,0,0
,,,especialista,ensino superior completo,básico,,ti - projetos-,"clt full, pj/autônomo",0,0,0,0
,ensino superior cursando,avançado,analista,ensino superior completo,básico,ti - desenvolvimento/programação,ti - sap-,clt full,0,0,0,0
,ensino superior completo,fluente,analista,ensino superior completo,intermediário,"ti - arquitetura, ti - banco de dados, ti - desenvolvimento/design, ti - desenvolvimento/mobile, ti - desenvolvimento/programação, ti - projetos, ti - qualidade/testes, ti - segurança da informação, ti - sistemas e ferramentas, ti - suporte",ti - projetos-,"cooperado, pj/autônomo",0,1,0,0
,,,analista,ensino superior completo,básico,,ti - projetos-,hunting,0,0,0,0
,,,analista,ensino superior completo,básico,,ti - suporte-,"clt full, pj/autônomo",0,0,0,0
,,,assistente,ensino superior cursando,nenhum,,administrativa-,clt full,0,0,0,0
,,,analista,ensino superior completo,básico,,ti - projetos-,"pj/autônomo, clt full",0,0,0,0
,pós graduação completo,avançado,sênior,ensino superior completo,básico,administrativa,ti - projetos-,"pj/autônomo, clt full",0,0,0,0
sênior,,,sênior,ensino superior completo,básico,,ti - projetos-,hunting,1,0,0,0
,,,sênior,ensino superior completo,intermediário,,ti - desenvolvimento/programação-,hunting,0,0,0,0
,,,sênior,ensino médio completo,técnico,,administrativa-,hunting,0,0,0,0
,,,sênior,ensino superior completo,fluente,,ti - sap-,cooperado,0,0,0,0
,pós graduação completo,avançado,sênior,ensino superior completo,avançado,ti - sap,ti - sap-,"pj/autônomo, clt full",0,0,1,0
,,,analista,ensino superior completo,básico,,ti - projetos-,"clt full, pj/autônomo",0,0,0,0
,,,júnior,ensino superior completo,básico,,ti - projetos-,clt full,0,0,0,0
,,,analista,ensino superior completo,básico,,ti - desenvolvimento/programação-,clt full,0,0,0,0
,,,sênior,ensino médio completo,nenhum,,financeira/controladoria-,clt cotas,0,0,0,0
,,,analista,ensino superior completo,básico,,ti - projetos-,hunting,0,0,0,0
,ensino superior cursando,intermediário,pleno,ensino técnico completo,avançado,ti - desenvolvimento/programação,gestão e alocação de recursos de ti-,hunting,0,0,0,0
,,,pleno,ensino superior incompleto,nenhum,,recursos humanos-,clt full,0,0,0,0
,,,assistente,ensino superior cursando,básico,,financeira/controladoria-,clt full,0,0,0,0
,,,analista,ensino superior completo,básico,,ti - projetos-,"clt full, pj/autônomo",0,0,0,0
,ensino médio completo,nenhum,assistente,ensino médio completo,nenhum,"administrativa, jurídica",ti - projetos-,clt full,0,1,1,0
,,,analista,ensino superior completo,intermediário,,ti - projetos-,"cooperado, pj/autônomo",0,0,0,0
,,,sênior,ensino médio completo,técnico,,gestão e alocação de recursos de ti-,pj/autônomo,0,0,0,0
,,,analista,ensino superior completo,fluente,,ti - projetos-,"clt full, pj/autônomo",0,0,0,0
,pós graduação incompleto,básico,analista,ensino superior completo,intermediário,administrativa,ti - projetos-,"pj/autônomo, clt full",0,0,0,0
,ensino superior completo,básico,analista,ensino superior cursando,básico,ti - suporte,ti - suporte-,hunting,0,0,1,0
,,,sênior,ensino superior completo,avançado,,ti - projetos-,pj/autônomo,0,0,0,0
,,,analista,ensino superior completo,avançado,,ti - sap-,pj/autônomo,0,0,0,0
,,,sênior,ensino médio completo,nenhum,,financeira/controladoria-ti - desenvolvimento/programação-ti - projetos-,cooperado,0,0,0,0
,,,sênior,ensino médio completo,avançado,,gestão e alocação de recursos de ti-,pj/autônomo,0,0,0,0
,,,sênior,ensino superior completo,intermediário,,ti - sistemas e ferramentas-,,0,0,0,0
,,,analista,ensino superior completo,básico,,ti - projetos-,"clt full, pj/autônomo",0,0,0,0
,,,analista,ensino superior completo,básico,,ti - desenvolvimento/programação-,clt full,0,0,0,0
,pós graduação cursando,básico,sênior,ensino superior completo,avançado,ti - desenvolvimento/programação,ti - desenvolvimento/programação-,hunting,0,0,0,0
,ensino superior completo,avançado,sênior,ensino superior completo,avançado,"ti - desenvolvimento/design, ti - desenvolvimento/programação, ti - processos e negócios, ti - projetos",ti - projetos-,hunting,0,1,1,0
,pós graduação completo,avançado,sênior,ensino superior completo,avançado,ti - sap,ti - sap-,pj/autônomo,0,0,1,0
,,,analista,ensino superior completo,avançado,,ti - sap-,pj/autônomo,0,0,0,0
,,,sênior,ensino superior completo,avançado,,ti - sap-,hunting,0,0,0,0
,mestrado completo,avançado,sênior,ensino superior completo,avançado,"administrativa, qualidade corporativa, ti - processos e negócios, ti - projetos",ti - sistemas e ferramentas-,clt full,0,0,1,0
,,,especialista,ensino superior completo,avançado,,marketing-,"clt full, clt cotas, pj/autônomo",0,0,0,0
,,,sênior,ensino superior completo,nenhum,,ti - projetos-,hunting,0,0,0,0
,,,líder,ensino superior completo,nenhum,,ti - projetos-,pj/autônomo,0,0,0,0
,,,pleno,ensino superior completo,nenhum,,ti - projetos-,pj/autônomo,0,0,0,0
,,,sênior,ensino médio completo,fluente,,ti - projetos-,cooperado,0,0,0,0
,,,analista,ensino superior completo,básico,,ti - projetos-,"clt full, pj/autônomo",0,0,0,0
,,,sênior,ensino superior completo,avançado,,ti - projetos-,pj/autônomo,0,0,0,0
,ensino superior cursando,fluente,sênior,ensino superior completo,avançado,"ti - arquitetura, ti - desenvolvimento/design, ti - desenvolvimento/mobile, ti - desenvolvimento/programação, ti - sistemas e ferramentas",ti - desenvolvimento/programação-,clt full,0,0,0,0
,,,analista,ensino superior completo,básico,,ti - projetos-,"clt full, pj/autônomo",0,0,0,0
,,,sênior,ensino superior completo,básico,,ti - sistemas e ferramentas-,pj/autônomo,0,0,0,0
,,,pleno,ensino médio completo,nenhum,,administrativa-,clt full,0,0,0,0
,,,pleno,ensino superior completo,intermediário,,ti - desenvolvimento/programação-,,0,0,0,0
,,,sênior,ensino médio completo,nenhum,,ti - projetos-,cooperado,0,0,0,0
,pós graduação incompleto,intermediário,analista,ensino superior completo,básico,ti - projetos,ti - sap-,pj/autônomo,0,0,0,0
,ensino superior completo,fluente,sênior,ensino superior completo,básico,financeira/controladoria,ti - sap-,"clt full, pj/autônomo",0,1,0,0
,,,pleno,ensino superior completo,fluente,,ti - projetos-,pj/autônomo,0,0,0,0
,,,sênior,ensino superior completo,avançado,,ti - sap-,hunting,0,0,0,0
,ensino médio completo,avançado,pleno,ensino técnico completo,nenhum,,gestão e alocação de recursos de ti-,pj/autônomo,0,0,0,0
,,,analista,ensino superior completo,básico,,ti - sap-,pj/autônomo,0,0,0,0
,,,sênior,ensino superior completo,fluente,,ti - projetos-,"clt full, pj/autônomo",0,0,0,0
,,,sênior,ensino médio completo,nenhum,,gestão e alocação de recursos de ti-,pj/autônomo,0,0,0,0
,,,sênior,ensino superior completo,básico,,ti - sap-,pj/autônomo,0,0,0,0
,,,sênior,ensino superior completo,nenhum,,ti - desenvolvimento/programação-,clt full,0,0,0,0
,,,pleno,ensino superior completo,avançado,,ti - projetos-,pj/autônomo,0,0,0,0
,,,júnior,ensino médio completo,nenhum,,administrativa-,clt full,0,0,0,0
,,,pleno,ensino superior completo,básico,,ti - projetos-,"pj/autônomo, clt cotas",0,0,0,0
,,,júnior,ensino médio completo,nenhum,,administrativa-,clt full,0,0,0,0
,,,pleno,ensino técnico completo,nenhum,,gestão e alocação de recursos de ti-,pj/autônomo,0,0,0,0
,,,sênior,ensino superior completo,nenhum,,ti - sap-,pj/autônomo,0,0,0,0
,,,analista,ensino superior completo,básico,,ti - projetos-,"clt full, pj/autônomo",0,0,0,0
,,,analista,ensino superior completo,básico,,ti - sap-,"pj/autônomo, clt full",0,0,0,0
,ensino superior completo,avançado,sênior,ensino superior completo,nenhum,ti - desenvolvimento/programação,ti - desenvolvimento/programação-,clt full,0,1,0,0
,,,pleno,ensino superior completo,avançado,,ti - projetos-,"pj/autônomo, clt full",0,0,0,0
,,,sênior,ensino superior completo,intermediário,,ti - desenvolvimento/programação-,pj/autônomo,0,0,0,0
,,,especialista,ensino superior completo,avançado,,ti - sap-,pj/autônomo,0,0,0,0
,,,analista,ensino superior completo,básico,,ti - desenvolvimento/programação-,clt full,0,0,0,0
,,,júnior,ensino médio completo,nenhum,,administrativa-,clt full,0,0,0,0
,,,analista,ensino superior completo,básico,,ti - projetos-,"pj/autônomo, clt full",0,0,0,0
,,,sênior,ensino superior completo,nenhum,,ti - desenvolvimento/programação-,,0,0,0,0
,,,sênior,ensino médio completo,nenhum,,gestão e alocação de recursos de ti-,cooperado,0,0,0,0
,ensino superior completo,básico,sênior,ensino superior completo,fluente,"administrativa, ti - processos e negócios, ti - projetos, ti - sap",ti - projetos-,pj/autônomo,0,1,0,0
,,,pleno,ensino superior completo,avançado,,ti - desenvolvimento/programação-,clt full,0,0,0,0
,pós graduação completo,fluente,analista,ensino superior completo,básico,"ti - arquitetura, ti - governança, ti - infraestrutura, ti - processos e negócios, ti - projetos, ti - sistemas e ferramentas, ti - suporte, ti - telecom",ti - projetos-,,0,0,0,0
,,,analista,ensino superior completo,básico,,ti - sap-,"cooperado, pj/autônomo",0,0,0,0
,,,analista,ensino superior completo,básico,,ti - desenvolvimento/programação-,clt full,0,0,0,0
,,,sênior,ensino superior completo,avançado,,ti - projetos-,pj/autônomo,0,0,0,0
,,,sênior,ensino superior completo,nenhum,,ti - sap-,"pj/autônomo, cooperado",0,0,0,0
,,,sênior,ensino superior completo,nenhum,,ti - projetos-,pj/autônomo,0,0,0,0
,,,pleno,ensino superior completo,intermediário,,administrativa-,pj/autônomo,0,0,0,0
,,,júnior,ensino superior cursando,intermediário,,ti - processos e negócios-,hunting,0,0,0,0
,,,sênior,ensino superior completo,avançado,,ti - projetos-,pj/autônomo,0,0,0,0
,,,pleno,ensino superior completo,básico,,ti - projetos-,clt full,0,0,0,0
,,,analista,ensino superior completo,básico,,ti - projetos-,pj/autônomo,0,0,0,0
,,,auxiliar,ensino superior cursando,nenhum,,administrativa-,clt full,0,0,0,0
,,,analista,ensino superior completo,intermediário,,ti - projetos-,pj/autônomo,0,0,0,0
,,,pleno,ensino superior completo,avançado,,ti - projetos-,pj/autônomo,0,0,0,0
,pós graduação completo,avançado,sênior,ensino superior completo,fluente,ti - sap,ti - sap-,"clt full, pj/autônomo",0,0,0,0
,,,júnior,ensino técnico completo,nenhum,,ti - telecom-,cooperado,0,0,0,0
,,,pleno,ensino técnico completo,nenhum,,gestão e alocação de recursos de ti-,pj/autônomo,0,0,0,0
,,,analista,ensino superior completo,básico,,ti - projetos-,cooperado,0,0,0,0
,,,sênior,ensino superior completo,nenhum,,ti - desenvolvimento/programação-,clt full,0,0,0,0
,,,sênior,ensino superior completo,nenhum,,ti - sap-,pj/autônomo,0,0,0,0
,,,sênior,ensino médio completo,avançado,,gestão e alocação de recursos de ti-,pj/autônomo,0,0,0,0
,ensino superior incompleto,básico,analista,ensino superior completo,intermediário,ti - sap,ti - sap-,pj/autônomo,0,0,0,0
,ensino superior completo,intermediário,sênior,ensino médio completo,nenhum,ti - suporte,relacionamento técnico-,cooperado,0,0,0,0
,,,sênior,ensino médio completo,técnico,,administrativa-,pj/autônomo,0,0,0,0
,,,sênior,ensino superior completo,básico,,ti - projetos-,"clt full, pj/autônomo",0,0,0,0
,pós graduação completo,fluente,sênior,ensino superior completo,avançado,"administrativa, gestão e alocação de recursos de ti, novos negócios e parcerias, qualidade corporativa, ti - arquitetura, ti - banco de dados, ti - desenvolvimento/design, ti - desenvolvimento/programação, ti - governança, ti - infraestrutura, ti - processos e negócios, ti - projetos, ti - qualidade/testes, ti - sistemas e ferramentas, ti - suporte",ti - sap-,clt full,0,0,0,0
,,,sênior,ensino superior completo,avançado,,ti - desenvolvimento/mobile-,,0,0,0,0
,,,sênior,ensino técnico completo,avançado,,ti - sistemas e ferramentas-,clt full,0,0,0,0
,,,pleno,ensino superior completo,nenhum,,ti - desenvolvimento/programação-,hunting,0,0,0,0
,,,pleno,ensino superior completo,avançado,,ti - projetos-,pj/autônomo,0,0,0,0
,,,analista,ensino superior completo,básico,,ti - desenvolvimento/programação-,hunting,0,0,0,0
,,,analista,ensino superior completo,avançado,,ti - projetos-,hunting,0,0,0,0
,,,analista,ensino superior completo,básico,,ti - projetos-,"clt full, pj/autônomo",0,0,0,0
,ensino superior completo,intermediário,sênior,ensino superior completo,intermediário,ti - projetos,ti - sap-,"clt full, pj/autônomo",0,1,1,0
,,,analista,ensino superior incompleto,avançado,,administrativa-,clt full,0,0,0,0
,,,pleno,ensino superior completo,intermediário,,ti - desenvolvimento/programação-,,0,0,0,0
,,,analista,ensino superior completo,básico,,ti - desenvolvimento/programação-,clt full,0,0,0,0
,pós graduação completo,básico,analista,ensino superior completo,básico,ti - projetos,ti - projetos-,"cooperado, pj/autônomo",0,0,1,0
,,,analista,ensino superior completo,básico,,recursos humanos-,clt cotas,0,0,0,0
,,,sênior,ensino superior completo,avançado,,ti - desenvolvimento/programação-,clt full,0,0,0,0
,,,analista,ensino superior completo,básico,,ti - sap-,"pj/autônomo, cooperado",0,0,0,0
,,,assistente,ensino médio completo,básico,,administrativa-,,0,0,0,0
,,,especialista,ensino superior completo,nenhum,,ti - projetos-,pj/autônomo,0,0,0,0
,ensino superior incompleto,nenhum,analista,ensino superior completo,básico,"administrativa, financeira/controladoria",ti - projetos-,"clt full, pj/autônomo",0,0,0,0
,,,pleno,ensino técnico completo,intermediário,,gestão e alocação de recursos de ti-,pj/autônomo,0,0,0,0
,,,assistente,ensino médio completo,nenhum,,administrativa-,clt full,0,0,0,0
,,,pleno,ensino técnico completo,nenhum,,gestão e alocação de recursos de ti-,pj/autônomo,0,0,0,0
,,,sênior,ensino superior completo,avançado,,ti - sap-,pj/autônomo,0,0,0,0
,,,sênior,ensino superior completo,intermediário,,ti - desenvolvimento/mobile-,hunting,0,0,0,0
,,,sênior,ensino médio completo,avançado,,gestão e alocação de recursos de ti-,pj/autônomo,0,0,0,0
,,,sênior,ensino superior completo,avançado,,ti - sap-,pj/autônomo,0,0,0,0
,,,analista,ensino superior completo,básico,,ti - projetos-,"clt full, pj/autônomo",0,0,0,0
,,,analista,ensino superior completo,básico,,ti - desenvolvimento/programação-,clt full,0,0,0,0
,ensino superior completo,básico,líder,ensino superior completo,nenhum,ti - sap,ti - sap-,pj/autônomo,0,1,0,0
,,,sênior,ensino superior completo,fluente,,ti - processos e negócios-,pj/autônomo,0,0,0,0
,pós graduação incompleto,básico,analista,ensino superior completo,básico,administrativa,ti - projetos-,"clt full, pj/autônomo",0,0,1,0
,,,pleno,ensino superior completo,avançado,,ti - projetos-,pj/autônomo,0,0,0,0
,,,sênior,ensino superior completo,nenhum,,gestão e alocação de recursos de ti-ti - sap-,pj/autônomo,0,0,0,0
,,,analista,ensino superior completo,básico,,ti - projetos-,"clt full, pj/autônomo",0,0,0,0
,,,sênior,ensino médio completo,fluente,,ti - projetos-,cooperado,0,0,0,0
,pós graduação completo,intermediário,sênior,ensino médio completo,nenhum,ti - desenvolvimento/programação,ti - sistemas e ferramentas-,hunting,0,0,0,0
,,,analista,ensino superior completo,básico,,ti - projetos-,"clt full, pj/autônomo",0,0,0,0
,,,júnior,ensino médio completo,nenhum,,administrativa-,clt full,0,0,0,0
,,,sênior,ensino técnico completo,técnico,,ti - segurança da informação-,clt full,0,0,0,0
,ensino superior completo,intermediário,sênior,ensino superior completo,intermediário,ti - desenvolvimento/mobile,ti - desenvolvimento/programação-,hunting,0,1,1,0
,ensino superior completo,básico,pleno,ensino superior completo,básico,ti - desenvolvimento/programação,ti - projetos-,"pj/autônomo, clt full",0,1,1,0
,ensino superior cursando,básico,analista,ensino superior completo,básico,ti - desenvolvimento/programação,ti - projetos-,"clt full, pj/autônomo",0,0,1,0
,,,analista,ensino superior completo,fluente,,ti - sap-,clt full,0,0,0,0
,,,analista,ensino superior completo,fluente,,ti - processos e negócios-,clt full,0,0,0,0
,,,pleno,ensino técnico completo,nenhum,,gestão e alocação de recursos de ti-,pj/autônomo,0,0,0,0
,mestrado completo,fluente,sênior,ensino superior completo,fluente,,ti - projetos-,hunting,0,0,1,0
,,,sênior,ensino superior completo,fluente,,ti - sap-,clt full,0,0,0,0
,pós graduação completo,,analista,ensino superior completo,avançado,,ti - sap-,"clt full, pj/autônomo",0,0,0,0
,,,sênior,ensino superior completo,básico,,ti - projetos-,"clt full, pj/autônomo",0,0,0,0
,,,analista,ensino superior completo,básico,,ti - desenvolvimento/programação-,clt full,0,0,0,0
,,,assistente,ensino médio completo,nenhum,,administrativa-,hunting,0,0,0,0
,,,pleno,ensino superior completo,básico,,ti - qualidade/testes-ti - sap-,pj/autônomo,0,0,0,0
,ensino superior completo,fluente,sênior,ensino superior completo,nenhum,ti - qualidade/testes,ti - qualidade/testes-,clt full,0,1,0,0
,,,pleno,ensino técnico completo,nenhum,,gestão e alocação de recursos de ti-,pj/autônomo,0,0,0,0
,,,sênior,ensino médio completo,fluente,,ti - projetos-,pj/autônomo,0,0,0,0
,pós graduação cursando,avançado,analista,ensino superior completo,básico,financeira/controladoria,ti - projetos-,"pj/autônomo, clt full",0,0,0,0
,,,pleno,ensino técnico completo,nenhum,,gestão e alocação de recursos de ti-ti - sap-,pj/autônomo,0,0,0,0
,,,analista,ensino superior completo,fluente,,ti - projetos-,clt full,0,0,0,0
,,,analista,ensino superior completo,básico,,ti - sap-,pj/autônomo,0,0,0,0
,,,sênior,ensino técnico completo,básico,,gestão e alocação de recursos de ti-,pj/autônomo,0,0,0,0
,,,sênior,ensino superior completo,nenhum,,ti - sap-,cooperado,0,0,0,0
,,,analista,ensino superior completo,básico,,ti - projetos-,"clt full, pj/autônomo",0,0,0,0
,,,analista,ensino superior completo,avançado,,ti - sap-,"pj/autônomo, clt full",0,0,0,0
,ensino superior completo,avançado,sênior,ensino superior completo,fluente,ti - sap,ti - sap-,pj/autônomo,0,1,0,0
,,,pleno,ensino médio completo,nenhum,,administrativa-,clt full,0,0,0,0
,,,analista,ensino superior completo,básico,,ti - projetos-,"pj/autônomo, clt full",0,0,0,0
,,,pleno,ensino superior completo,nenhum,,gestão e alocação de recursos de ti-ti - infraestrutura-,hunting,0,0,0,0
,ensino superior cursando,avançado,sênior,ensino superior completo,fluente,ti - desenvolvimento/programação,ti - projetos-,pj/autônomo,0,0,0,0
,,,sênior,ensino superior completo,avançado,,ti - projetos-,clt full,0,0,0,0
,,,analista,ensino superior completo,básico,,ti - projetos-,pj/autônomo,0,0,0,0
,,,analista,ensino superior completo,básico,,ti - projetos-,"clt full, pj/autônomo",0,0,0,0
,,,analista,ensino superior completo,básico,,ti - sap-,pj/autônomo,0,0,0,0
,mestrado incompleto,intermediário,sênior,ensino superior completo,intermediário,ti - governança,ti - sap-,clt full,0,0,1,0
,,,analista,ensino superior completo,básico,,ti - desenvolvimento/programação-,clt full,0,0,0,0
,,,pleno,ensino superior completo,nenhum,,ti - projetos-,hunting,0,0,0,0
sênior,pós graduação completo,,sênior,ensino superior completo,fluente,,gestão e alocação de recursos de ti-ti - sap-,pj/autônomo,1,0,0,0
,,,júnior,ensino superior completo,básico,,ti - suporte-,hunting,0,0,0,0
,,,pleno,ensino técnico completo,nenhum,,gestão e alocação de recursos de ti-,pj/autônomo,0,0,0,0
,,,sênior,ensino médio completo,nenhum,,financeira/controladoria-,clt cotas,0,0,0,0
,,,analista,ensino superior completo,básico,,ti - projetos-,"clt full, pj/autônomo",0,0,0,0
gerente,ensino superior completo,fluente,gerente,ensino superior completo,avançado,ti - infraestrutura,ti - infraestrutura-ti - projetos-,pj/autônomo,1,1,0,0
,,,sênior,ensino superior completo,avançado,,ti - sap-,pj/autônomo,0,0,0,0
,,,pleno,ensino técnico completo,nenhum,,gestão e alocação de recursos de ti-,pj/autônomo,0,0,0,0
,,,sênior,ensino médio completo,nenhum,,administrativa-,cooperado,0,0,0,0
,,,sênior,ensino superior completo,intermediário,,ti - sap-,"clt full, pj/autônomo",0,0,0,0
,,,analista,ensino superior completo,básico,,ti - projetos-,"pj/autônomo, clt full",0,0,0,0
,,,sênior,ensino superior completo,básico,,ti - sap-,pj/autônomo,0,0,0,0
,,,sênior,ensino superior completo,avançado,,ti - sap-,pj/autônomo,0,0,0,0
,,,sênior,ensino superior completo,básico,,ti - projetos-,pj/autônomo,0,0,0,0
,,,pleno,ensino técnico completo,nenhum,,gestão e alocação de recursos de ti-,pj/autônomo,0,0,0,0
,,,analista,ensino superior completo,básico,,ti - sap-,pj/autônomo,0,0,0,0
,,,sênior,ensino superior completo,intermediário,,ti - sistemas e ferramentas-,clt cotas,0,0,0,0
,,,sênior,ensino superior completo,avançado,,ti - projetos-,pj/autônomo,0,0,0,0
,pós graduação cursando,intermediário,analista,ensino superior completo,básico,ti - processos e negócios,ti - projetos-,"pj/autônomo, clt full",0,0,0,0
,,,júnior,ensino técnico completo,nenhum,,ti - suporte-,cooperado,0,0,0,0
,,,analista,ensino superior completo,básico,,ti - projetos-,pj/autônomo,0,0,0,0
,ensino superior completo,intermediário,pleno,ensino superior completo,intermediário,ti - desenvolvimento/programação,ti - desenvolvimento/programação-,,0,1,1,0
,,,sênior,ensino superior completo,avançado,,ti - sap-,pj/autônomo,0,0,0,0
,pós graduação completo,intermediário,sênior,ensino superior completo,fluente,ti - sap,ti - sap-,pj/autônomo,0,0,0,0
,,,sênior,ensino superior completo,nenhum,,ti - sap-,pj/autônomo,0,0,0,0
,,,sênior,ensino superior completo,nenhum,,gestão e alocação de recursos de ti-ti - sap-,pj/autônomo,0,0,0,0
,,,analista,ensino superior completo,fluente,,ti - projetos-,"pj/autônomo, clt full",0,0,0,0
,,,pleno,ensino superior completo,avançado,,ti - projetos-,pj/autônomo,0,0,0,0
,,,gerente,ensino superior completo,avançado,,ti - projetos-,pj/autônomo,0,0,0,0
,,,analista,ensino superior completo,básico,,ti - sap-,pj/autônomo,0,0,0,0
,mestrado cursando,intermediário,sênior,ensino superior completo,avançado,ti - banco de dados,ti - projetos-,clt full,0,0,0,0
,,,analista,ensino superior completo,fluente,,ti - projetos-,"clt full, pj/autônomo",0,0,0,0
,,,analista,ensino superior completo,avançado,,ti - sap-,pj/autônomo,0,0,0,0
,pós graduação completo,intermediário,analista,ensino superior completo,fluente,ti - sap,ti - sap-,pj/autônomo,0,0,0,0
,pós graduação completo,avançado,analista,ensino superior completo,intermediário,"ti - governança, ti - processos e negócios, ti - projetos, ti - sap",ti - sap-,clt full,0,0,0,0
,,,sênior,ensino superior completo,nenhum,,ti - sap-,pj/autônomo,0,0,0,0
,ensino superior completo,intermediário,sênior,ensino superior completo,avançado,"ti - desenvolvimento/design, ti - desenvolvimento/programação, ti - governança, ti - projetos, ti - sap",ti - sap-,hunting,0,1,0,0
,pós graduação completo,avançado,sênior,ensino superior completo,básico,comercial,ti - projetos-,"clt full, pj/autônomo",0,0,0,0
,,,analista,ensino superior completo,intermediário,,ti - projetos-,"clt full, pj/autônomo",0,0,0,0
,,,analista,ensino superior completo,básico,,ti - projetos-,"pj/autônomo, clt full",0,0,0,0
,,,analista,ensino superior completo,básico,,ti - desenvolvimento/programação-,hunting,0,0,0,0
,,,analista,ensino superior completo,básico,,ti - projetos-,"cooperado, pj/autônomo",0,0,0,0
,,,sênior,ensino superior completo,nenhum,,ti - sap-,pj/autônomo,0,0,0,0
,,,analista,ensino superior completo,básico,,ti - sap-,"clt full, pj/autônomo",0,0,0,0
,pós graduação completo,fluente,sênior,ensino superior completo,fluente,ti - projetos,ti - projetos-,pj/autônomo,0,0,1,0
,ensino superior completo,intermediário,sênior,ensino superior completo,intermediário,novos negócios e parcerias,comercial-,,0,1,1,0
,pós graduação completo,intermediário,júnior,ensino superior completo,intermediário,ti - sap,ti - sap-,hunting,0,0,1,0
,pós graduação completo,intermediário,sênior,ensino superior completo,nenhum,qualidade corporativa,ti - projetos-,pj/autônomo,0,0,0,0
,,,sênior,ensino superior completo,avançado,,ti - qualidade/testes-,,0,0,0,0
,ensino superior incompleto,nenhum,analista,ensino superior completo,básico,"administrativa, comercial, relacionamento técnico",ti - projetos-,"clt full, pj/autônomo",0,0,0,0
,ensino superior completo,avançado,júnior,ensino médio completo,avançado,ti - qualidade/testes,gestão e alocação de recursos de ti-,pj/autônomo,0,0,1,0
,,,júnior,ensino técnico completo,nenhum,,ti - telecom-,cooperado,0,0,0,0
,,,sênior,ensino superior completo,avançado,,ti - infraestrutura-,hunting,0,0,0,0
,ensino superior incompleto,fluente,analista,ensino superior completo,intermediário,ti - desenvolvimento/programação,ti - desenvolvimento/programação-,clt full,0,0,0,0
,doutorado incompleto,intermediário,analista,ensino superior completo,básico,"ti - arquitetura, ti - banco de dados, ti - desenvolvimento/programação",ti - banco de dados-,clt full,0,0,0,0
,,,sênior,ensino superior completo,fluente,,ti - sap-,pj/autônomo,0,0,0,0
,,,analista,ensino superior completo,básico,,ti - sap-,"clt cotas, pj/autônomo",0,0,0,0
,,,analista,ensino superior completo,básico,,ti - projetos-,"clt full, pj/autônomo",0,0,0,0
,pós graduação completo,,sênior,ensino superior completo,avançado,,ti - sap-,,0,0,0,0
,,,sênior,ensino superior completo,nenhum,,ti - projetos-,hunting,0,0,0,0
,,,pleno,ensino superior completo,nenhum,,gestão e alocação de recursos de ti-,pj/autônomo,0,0,0,0
,,,pleno,ensino superior completo,avançado,,ti - projetos-,clt full,0,0,0,0
,,,sênior,ensino superior completo,avançado,,ti - sap-,pj/autônomo,0,0,0,0
,,,pleno,ensino superior completo,básico,,ti - projetos-,"clt full, cooperado, pj/autônomo",0,0,0,0
,,,sênior,ensino superior completo,avançado,,ti - sap-,"clt full, pj/autônomo",0,0,0,0
,,,pleno,ensino técnico completo,nenhum,,gestão e alocação de recursos de ti-,pj/autônomo,0,0,0,0
,,,pleno,ensino superior incompleto,nenhum,,ti - sap-,clt full,0,0,0,0
,,,sênior,ensino superior completo,fluente,,ti - sap-,clt full,0,0,0,0
,,,sênior,ensino médio completo,avançado,,gestão e alocação de recursos de ti-,cooperado,0,0,0,0
,,,júnior,ensino médio completo,básico,,ti - projetos-,hunting,0,0,0,0
,,,analista,ensino superior completo,básico,,ti - sap-,"clt full, pj/autônomo",0,0,0,0
,,,sênior,ensino médio completo,nenhum,,gestão e alocação de recursos de ti-,clt cotas,0,0,0,0
,,,analista,ensino superior completo,básico,,ti - projetos-,"clt full, pj/autônomo",0,0,0,0
,,,pleno,ensino superior completo,nenhum,,gestão e alocação de recursos de ti-ti - sistemas e ferramentas-,pj/autônomo,0,0,0,0
,ensino superior completo,intermediário,pleno,ensino superior completo,intermediário,ti - processos e negócios,ti - sistemas e ferramentas-,,0,1,1,0
,ensino superior incompleto,intermediário,assistente,ensino médio completo,nenhum,"administrativa, comercial, novos negócios e parcerias",ti - projetos-,clt full,0,0,0,0
sênior,ensino superior completo,intermediário,analista,ensino superior completo,avançado,ti - desenvolvimento/programação,ti - sap-,pj/autônomo,0,1,0,0
,,,analista,ensino superior completo,básico,,ti - sap-,pj/autônomo,0,0,0,0
,,,sênior,ensino superior completo,básico,,ti - projetos-,"pj/autônomo, clt full",0,0,0,0
,,,analista,ensino superior completo,básico,,ti - projetos-,"clt full, pj/autônomo",0,0,0,0
,,,analista,ensino superior completo,básico,,ti - projetos-,clt full,0,0,0,0
,ensino superior cursando,básico,sênior,ensino superior completo,nenhum,ti - desenvolvimento/programação,gestão e alocação de recursos de ti-,clt full,0,0,0,0
,,,pleno,ensino técnico completo,nenhum,,ti - sap-,pj/autônomo,0,0,0,0
,,,sênior,ensino médio completo,avançado,,gestão e alocação de recursos de ti-,pj/autônomo,0,0,0,0
,ensino superior completo,avançado,sênior,ensino superior completo,fluente,ti - desenvolvimento/programação,ti - projetos-,pj/autônomo,0,1,0,0
,,,sênior,ensino superior completo,básico,,ti - sap-,pj/autônomo,0,0,0,0
,,,analista,ensino superior completo,básico,,ti - suporte-,"cooperado, pj/autônomo",0,0,0,0
,,,analista,ensino superior completo,básico,,ti - banco de dados-,"cooperado, pj/autônomo",0,0,0,0
,,,analista,ensino superior completo,básico,,ti - projetos-,clt cotas,0,0,0,0
,,,pleno,ensino superior completo,avançado,,ti - desenvolvimento/programação-,,0,0,0,0
,,,pleno,ensino superior cursando,nenhum,,ti - sap-,pj/autônomo,0,0,0,0
,ensino superior completo,básico,sênior,ensino superior completo,básico,ti - sap,ti - sap-,"pj/autônomo, clt full",0,1,1,0
,,,sênior,ensino superior completo,avançado,,ti - projetos-,cooperado,0,0,0,0
,,,analista,ensino superior completo,básico,,ti - projetos-,"clt full, pj/autônomo",0,0,0,0
,,,sênior,ensino superior completo,avançado,,ti - projetos-,hunting,0,0,0,0
,ensino superior completo,fluente,sênior,ensino superior completo,avançado,,ti - projetos-,pj/autônomo,0,1,0,0
,,,sênior,ensino superior completo,avançado,,ti - processos e negócios-,,0,0,0,0
,,,sênior,ensino superior completo,fluente,,ti - sap-,pj/autônomo,0,0,0,0
,,,sênior,ensino superior completo,nenhum,,ti - sap-,cooperado,0,0,0,0
,pós graduação completo,avançado,sênior,ensino superior completo,fluente,ti - projetos,gestão e alocação de recursos de ti-,pj/autônomo,0,0,0,0
,,,júnior,ensino superior completo,básico,,ti - suporte-,hunting,0,0,0,0
,,,analista,ensino superior completo,básico,,ti - projetos-,"clt full, pj/autônomo",0,0,0,0
,,,analista,ensino superior completo,básico,,ti - projetos-,"pj/autônomo, clt full",0,0,0,0
,ensino superior completo,intermediário,analista,ensino superior completo,básico,ti - qualidade/testes,ti - projetos-,"clt full, pj/autônomo",0,1,0,0
,,,pleno,ensino superior completo,fluente,,ti - projetos-,pj/autônomo,0,0,0,0
,doutorado incompleto,intermediário,pleno,ensino superior completo,avançado,"ti - arquitetura, ti - banco de dados, ti - desenvolvimento/programação",ti - desenvolvimento/programação-,,0,0,0,0
,,,sênior,ensino superior completo,fluente,,ti - sap-,pj/autônomo,0,0,0,0
,pós graduação completo,avançado,analista,ensino superior completo,básico,ti - desenvolvimento/programação,ti - desenvolvimento/programação-,clt full,0,0,0,0
,,,pleno,ensino técnico completo,nenhum,,gestão e alocação de recursos de ti-,pj/autônomo,0,0,0,0
,pós graduação completo,fluente,sênior,ensino superior cursando,avançado,ti - arquitetura,ti - segurança da informação-,pj/autônomo,0,0,0,0
,,,analista,ensino superior completo,básico,,ti - projetos-,"pj/autônomo, clt full",0,0,0,0
,pós graduação cursando,fluente,pleno,ensino técnico completo,nenhum,"ti - projetos, ti - sap",gestão e alocação de recursos de ti-,pj/autônomo,0,0,0,0
,pós graduação completo,avançado,sênior,ensino superior completo,básico,,ti - sap-,pj/autônomo,0,0,0,0
,,,sênior,ensino superior completo,intermediário,,ti - desenvolvimento/programação-,hunting,0,0,0,0
,,,sênior,ensino superior completo,fluente,,administrativa-,pj/autônomo,0,0,0,0
,mestrado cursando,avançado,analista,ensino superior completo,básico,ti - desenvolvimento/programação,ti - desenvolvimento/programação-,clt full,0,0,0,0
,,,analista,ensino superior completo,intermediário,,ti - projetos-,"clt full, pj/autônomo",0,0,0,0
,,,pleno,ensino superior completo,nenhum,,ti - projetos-,pj/autônomo,0,0,0,0
,pós graduação completo,intermediário,analista,ensino superior completo,básico,ti - sap,ti - projetos-,"pj/autônomo, clt full",0,0,0,0
,ensino superior completo,fluente,sênior,ensino superior completo,fluente,ti - sap,ti - sap-,"pj/autônomo, clt full",0,1,1,0
,,,pleno,ensino técnico completo,nenhum,,gestão e alocação de recursos de ti-,pj/autônomo,0,0,0,0
,,,sênior,ensino superior completo,avançado,,ti - projetos-ti - sap-,pj/autônomo,0,0,0,0
,,,analista,ensino superior completo,básico,,ti - sap-,"clt full, pj/autônomo",0,0,0,0
,ensino superior completo,intermediário,sênior,ensino superior completo,fluente,ti - projetos,ti - projetos-,pj/autônomo,0,1,0,0
,ensino superior completo,intermediário,analista,ensino superior completo,intermediário,ti - desenvolvimento/programação,ti - sap-,clt full,0,1,1,0
,,,sênior,ensino superior completo,avançado,,ti - projetos-,pj/autônomo,0,0,0,0
,,,sênior,ensino superior completo,básico,,ti - sap-,clt full,0,0,0,0
,pós graduação completo,intermediário,sênior,ensino médio completo,nenhum,ti - desenvolvimento/programação,financeira/controladoria-,clt cotas,0,0,0,0
,,,sênior,ensino superior completo,avançado,,ti - projetos-,pj/autônomo,0,0,0,0
,,,analista,ensino superior completo,nenhum,,ti - projetos-,pj/autônomo,0,0,0,0
,pós graduação completo,avançado,pleno,ensino técnico completo,nenhum,"ti - banco de dados, ti - infraestrutura, ti - sap",gestão e alocação de recursos de ti-,pj/autônomo,0,0,0,0
,,,gerente,ensino superior completo,avançado,,ti - projetos-,hunting,0,0,0,0
,,,pleno,ensino técnico completo,nenhum,,gestão e alocação de recursos de ti-,pj/autônomo,0,0,0,0
,ensino superior cursando,intermediário,pleno,ensino superior completo,avançado,ti - qualidade/testes,ti - projetos-,pj/autônomo,0,0,0,0
,ensino superior cursando,intermediário,analista,ensino superior completo,básico,"ti - desenvolvimento/programação, ti - qualidade/testes",ti - projetos-,"clt full, pj/autônomo",0,0,0,0
,pós graduação completo,,analista,ensino superior completo,intermediário,,ti - projetos-,"clt full, pj/autônomo",0,0,0,0
,,,analista,ensino superior completo,nenhum,,ti - desenvolvimento/programação-,cooperado,0,0,0,0
,,,especialista,ensino superior completo,básico,,recursos humanos-,clt full,0,0,0,0
,,,sênior,ensino superior cursando,nenhum,,ti - sistemas e ferramentas-,pj/autônomo,0,0,0,0
,ensino superior completo,básico,analista,ensino superior completo,básico,ti - desenvolvimento/programação,ti - projetos-,"clt full, pj/autônomo",0,1,1,0
,,,analista,ensino superior cursando,intermediário,,ti - desenvolvimento/programação-,clt full,0,0,0,0
,ensino técnico cursando,intermediário,assistente,ensino médio completo,nenhum,administrativa,ti - projetos-,clt full,0,0,0,0
,,,sênior,ensino superior completo,nenhum,,gestão e alocação de recursos de ti-ti - sap-,pj/autônomo,0,0,0,0
,,,júnior,ensino médio completo,intermediário,,financeira/controladoria-,pj/autônomo,0,0,0,0
,,,sênior,ensino médio completo,nenhum,,gestão e alocação de recursos de ti-,cooperado,0,0,0,0
,,,analista,ensino superior completo,intermediário,,ti - projetos-,hunting,0,0,0,0
,,,assistente,ensino médio completo,nenhum,,administrativa-,clt full,0,0,0,0
,doutorado incompleto,avançado,gerente,ensino superior completo,básico,ti - desenvolvimento/programação,ti - projetos-,"clt full, cooperado, pj/autônomo",0,0,0,0
,ensino superior completo,intermediário,analista,ensino superior completo,básico,"ti - desenvolvimento/programação, ti - infraestrutura",ti - infraestrutura-,clt full,0,1,0,0
,,,pleno,ensino superior completo,nenhum,,ti - projetos-,pj/autônomo,0,0,0,0
,,,líder,ensino superior completo,fluente,,ti - sap-,"pj/autônomo, clt full",0,0,0,0
,,,sênior,ensino superior completo,avançado,,ti - projetos-,pj/autônomo,0,0,0,0
,,,analista,ensino superior completo,básico,,ti - projetos-,"pj/autônomo, clt full",0,0,0,0
,,,analista,ensino superior completo,básico,,ti - sap-,hunting,0,0,0,0
,,,sênior,ensino superior cursando,nenhum,,ti - sap-,clt full,0,0,0,0
,ensino superior completo,fluente,sênior,ensino médio completo,fluente,ti - sap,ti - sap-,pj/autônomo,0,0,1,0
,,,analista,ensino superior completo,básico,,ti - projetos-,clt full,0,0,0,0
,,,pleno,ensino técnico completo,nenhum,,gestão e alocação de recursos de ti-,pj/autônomo,0,0,0,0
,,,sênior,ensino superior completo,avançado,,ti - projetos-,pj/autônomo,0,0,0,0
,ensino superior completo,intermediário,analista,ensino superior completo,básico,ti - banco de dados,ti - projetos-,clt full,0,1,0,0
,,,pleno,ensino técnico completo,nenhum,,gestão e alocação de recursos de ti-,pj/autônomo,0,0,0,0
,,,analista,ensino superior completo,básico,,ti - projetos-,"clt full, pj/autônomo",0,0,0,0
,,,analista,ensino superior completo,básico,,ti - projetos-,"clt full, pj/autônomo",0,0,0,0
,ensino superior completo,intermediário,analista,ensino superior completo,básico,"ti - projetos, ti - suporte",ti - suporte-,clt full,0,1,0,0
,,,analista,ensino superior completo,básico,,recursos humanos-,clt cotas,0,0,0,0
,,,analista,ensino superior completo,básico,,ti - projetos-,"cooperado, pj/autônomo",0,0,0,0
,,,sênior,ensino superior completo,nenhum,,ti - projetos-,pj/autônomo,0,0,0,0
,,,sênior,ensino superior completo,intermediário,,ti - projetos-,pj/autônomo,0,0,0,0
,,,analista,ensino superior completo,básico,,ti - projetos-,hunting,0,0,0,0
,,,analista,ensino superior completo,básico,,ti - projetos-,"cooperado, pj/autônomo",0,0,0,0
,pós graduação completo,avançado,sênior,ensino superior completo,intermediário,comercial,ti - projetos-,hunting,0,0,0,0
,,,sênior,ensino superior completo,básico,,ti - projetos-,"pj/autônomo, clt cotas, clt full",0,0,0,0
,ensino superior completo,avançado,pleno,ensino superior completo,avançado,ti - desenvolvimento/mobile,ti - desenvolvimento/programação-,clt full,0,1,1,0
,,,analista,ensino superior completo,básico,,ti - projetos-,clt cotas,0,0,0,0
,,,pleno,ensino superior completo,nenhum,,ti - projetos-,cooperado,0,0,0,0
,,,analista,ensino superior completo,avançado,,ti - projetos-,clt full,0,0,0,0
,,,pleno,ensino técnico completo,nenhum,,gestão e alocação de recursos de ti-,pj/autônomo,0,0,0,0
,,,sênior,ensino superior completo,avançado,,ti - projetos-,hunting,0,0,0,0
,,,pleno,ensino superior completo,técnico,,ti - desenvolvimento/mobile-,hunting,0,0,0,0
,,,sênior,ensino superior completo,fluente,,ti - projetos-,hunting,0,0,0,0
,,,pleno,ensino superior completo,avançado,,ti - projetos-,hunting,0,0,0,0
,ensino superior completo,fluente,sênior,ensino médio completo,avançado,"ti - banco de dados, ti - desenvolvimento/programação, ti - governança, ti - processos e negócios, ti - projetos, ti - qualidade/testes, ti - segurança da informação",gestão e alocação de recursos de ti-,pj/autônomo,0,0,0,0
,,,analista,ensino superior completo,básico,,ti - projetos-,clt full,0,0,0,0
,,,analista,ensino superior completo,avançado,,ti - sap-,"clt full, pj/autônomo",0,0,0,0
,,,sênior,ensino superior completo,intermediário,,recursos humanos-,clt full,0,0,0,0
,,,pleno,ensino superior completo,avançado,,ti - projetos-,pj/autônomo,0,0,0,0
,,,analista,ensino superior completo,básico,,ti - projetos-,"clt full, pj/autônomo",0,0,0,0
,ensino superior completo,intermediário,analista,ensino superior completo,básico,ti - desenvolvimento/programação,ti - projetos-,"pj/autônomo, clt full",0,1,0,0
,,,analista,ensino superior completo,avançado,,ti - projetos-,"clt full, pj/autônomo",0,0,0,0
,,,sênior,ensino superior completo,básico,,ti - projetos-,hunting,0,0,0,0
,,,analista,ensino superior completo,básico,,ti - projetos-,"clt full, pj/autônomo",0,0,0,0
,ensino superior incompleto,básico,sênior,ensino médio completo,nenhum,ti - desenvolvimento/programação,administrativa-,pj/autônomo,0,0,0,0
,,,pleno,ensino superior completo,nenhum,,ti - processos e negócios-,clt full,0,0,0,0
,,,analista,ensino superior completo,básico,,ti - projetos-,"clt full, pj/autônomo",0,0,0,0
,,,analista,ensino superior completo,básico,,ti - sap-,"clt cotas, pj/autônomo",0,0,0,0
,,,pleno,ensino superior completo,avançado,,novos negócios e parcerias-,pj/autônomo,0,0,0,0
,,,sênior,ensino superior completo,avançado,,ti - sap-,"clt full, pj/autônomo",0,0,0,0
,,,pleno,ensino técnico completo,nenhum,,gestão e alocação de recursos de ti-,pj/autônomo,0,0,0,0
,,,analista,ensino superior completo,básico,,ti - desenvolvimento/programação-,clt full,0,0,0,0
,ensino superior completo,básico,analista,ensino superior completo,básico,ti - desenvolvimento/programação,ti - projetos-,"clt full, pj/autônomo",0,1,1,0
,,,pleno,ensino superior completo,avançado,,ti - governança-,"clt full, clt cotas, cooperado, pj/autônomo",0,0,0,0
,ensino superior completo,intermediário,analista,ensino superior completo,básico,ti - desenvolvimento/programação,ti - sap-,"clt full, pj/autônomo",0,1,0,0
,,,pleno,ensino técnico completo,nenhum,,gestão e alocação de recursos de ti-,pj/autônomo,0,0,0,0
,,,júnior,ensino superior completo,fluente,,gestão e alocação de recursos de ti-,clt full,0,0,0,0
,,,sênior,ensino médio completo,avançado,,administrativa-,pj/autônomo,0,0,0,0
,ensino superior incompleto,básico,pleno,ensino técnico completo,nenhum,ti - segurança da informação,gestão e alocação de recursos de ti-,pj/autônomo,0,0,0,0
,,,analista,ensino superior completo,nenhum,,ti - desenvolvimento/programação-,cooperado,0,0,0,0
,,,analista,ensino superior completo,básico,,ti - sap-,pj/autônomo,0,0,0,0
,pós graduação completo,intermediário,analista,ensino superior cursando,intermediário,"ti - banco de dados, ti - processos e negócios, ti - projetos, ti - sistemas e ferramentas",ti - desenvolvimento/programação-,clt full,0,0,1,0
,,,pleno,ensino superior completo,avançado,,ti - projetos-,pj/autônomo,0,0,0,0
,,,gerente,ensino superior completo,fluente,,ti - projetos-,cooperado,0,0,0,0
,,,sênior,ensino superior completo,avançado,,ti - projetos-,pj/autônomo,0,0,0,0
,,,analista,ensino superior completo,avançado,,ti - sap-,pj/autônomo,0,0,0,0
,,,sênior,ensino médio completo,nenhum,,ti - sap-,pj/autônomo,0,0,0,0
,,,sênior,ensino superior completo,avançado,,ti - projetos-,hunting,0,0,0,0
,pós graduação completo,básico,júnior,ensino superior completo,nenhum,recursos humanos,administrativa-,cooperado,0,0,0,0
,,,sênior,ensino superior completo,fluente,,ti - projetos-,pj/autônomo,0,0,0,0
,,,analista,ensino superior completo,básico,,ti - sap-,pj/autônomo,0,0,0,0
,,,pleno,ensino superior completo,avançado,,ti - projetos-,pj/autônomo,0,0,0,0
,,,sênior,ensino superior completo,nenhum,,ti - sap-,pj/autônomo,0,0,0,0
,pós graduação completo,intermediário,sênior,ensino superior completo,nenhum,ti - arquitetura,ti - projetos-,hunting,0,0,0,0
,,,júnior,ensino superior incompleto,básico,,financeira/controladoria-,clt full,0,0,0,0
,,,analista,ensino superior completo,básico,,ti - projetos-,"pj/autônomo, clt full",0,0,0,0
,,,pleno,ensino superior completo,avançado,,ti - projetos-,hunting,0,0,0,0
,,,júnior,ensino superior cursando,nenhum,,ti - sap-,clt full,0,0,0,0
,,,pleno,ensino superior completo,fluente,,ti - projetos-,pj/autônomo,0,0,0,0
,,,sênior,ensino superior completo,avançado,,ti - processos e negócios-,pj/autônomo,0,0,0,0
,,,analista,ensino superior completo,avançado,,ti - projetos-,"clt full, pj/autônomo",0,0,0,0
,,,pleno,ensino superior completo,nenhum,,ti - desenvolvimento/programação-,clt full,0,0,0,0
,,,sênior,ensino superior incompleto,básico,,ti - desenvolvimento/programação-,pj/autônomo,0,0,0,0
,,,analista,ensino superior completo,fluente,,ti - sap-,clt full,0,0,0,0
,,,sênior,ensino superior completo,intermediário,,ti - desenvolvimento/programação-,,0,0,0,0
,,,pleno,ensino técnico completo,nenhum,,gestão e alocação de recursos de ti-,pj/autônomo,0,0,0,0
,,,analista,ensino superior completo,avançado,,ti - sap-,"pj/autônomo, clt full",0,0,0,0
,,,pleno,ensino médio completo,avançado,,administrativa-,pj/autônomo,0,0,0,0
,ensino superior cursando,intermediário,analista,ensino superior completo,básico,ti - desenvolvimento/programação,ti - projetos-,"clt full, pj/autônomo",0,0,0,0
,,,sênior,ensino médio completo,fluente,,ti - sap-,pj/autônomo,0,0,0,0
,,,sênior,ensino superior completo,fluente,,ti - sap-,"clt full, pj/autônomo",0,0,0,0
,ensino superior completo,intermediário,sênior,ensino superior completo,avançado,ti - desenvolvimento/programação,ti - desenvolvimento/programação-,hunting,0,1,0,0
,ensino superior incompleto,fluente,sênior,ensino superior completo,avançado,ti - sap,ti - sap-,pj/autônomo,0,0,0,0
,,,sênior,ensino superior completo,nenhum,,ti - projetos-,pj/autônomo,0,0,0,0
,,,sênior,ensino superior completo,nenhum,,ti - projetos-,hunting,0,0,0,0
,,,júnior,ensino superior completo,nenhum,,ti - sistemas e ferramentas-,hunting,0,0,0,0
,ensino superior completo,intermediário,analista,ensino superior completo,básico,"ti - processos e negócios, ti - projetos",ti - projetos-,"pj/autônomo, clt full",0,1,0,0
,,,analista,ensino superior completo,básico,,ti - projetos-,clt full,0,0,0,0
,pós graduação completo,avançado,sênior,ensino superior completo,fluente,ti - sap,ti - sap-,pj/autônomo,0,0,0,0
,,,analista,ensino superior completo,básico,,ti - projetos-,"clt full, pj/autônomo",0,0,0,0
,,,pleno,ensino superior completo,avançado,,qualidade corporativa-,,0,0,0,0
,,,sênior,ensino superior completo,básico,,ti - projetos-,"pj/autônomo, cooperado",0,0,0,0
sênior,,,analista,ensino superior completo,avançado,,ti - sap-,"clt full, pj/autônomo",0,0,0,0
,ensino superior completo,fluente,analista,ensino superior completo,básico,ti - desenvolvimento/programação,ti - desenvolvimento/programação-,clt full,0,1,0,0
,,,sênior,ensino superior completo,básico,,ti - sap-,pj/autônomo,0,0,0,0
,,,analista,ensino superior completo,avançado,,ti - sap-,"pj/autônomo, clt full",0,0,0,0
,ensino superior completo,básico,analista,ensino superior completo,básico,"ti - desenvolvimento/mobile, ti - desenvolvimento/programação",ti - projetos-,"pj/autônomo, clt full",0,1,1,0
,,,sênior,ensino superior completo,básico,,ti - sap-,pj/autônomo,0,0,0,0
,ensino superior cursando,avançado,pleno,ensino superior completo,nenhum,ti - suporte,ti - sistemas e ferramentas-,clt full,0,0,0,0
,,,sênior,ensino superior cursando,intermediário,,ti - projetos-,pj/autônomo,0,0,0,0
,pós graduação completo,fluente,sênior,ensino médio completo,nenhum,"ti - banco de dados, ti - desenvolvimento/design, ti - desenvolvimento/mobile, ti - desenvolvimento/programação, ti - processos e negócios, ti - projetos, ti - qualidade/testes, ti - sistemas e ferramentas, ti - ux",administrativa-,pj/autônomo,0,0,0,0
,,,pleno,ensino superior completo,avançado,,ti - projetos-,pj/autônomo,0,0,0,0
,pós graduação completo,nenhum,analista,ensino superior completo,básico,financeira/controladoria,financeira/controladoria-,clt full,0,0,0,0
,,,pleno,ensino técnico completo,nenhum,,gestão e alocação de recursos de ti-,pj/autônomo,0,0,0,0
,,,sênior,ensino superior completo,nenhum,,ti - governança-,,0,0,0,0
,,,júnior,ensino superior completo,básico,,ti - desenvolvimento/programação-,hunting,0,0,0,0
pleno,,,analista,ensino superior completo,básico,,ti - projetos-,"pj/autônomo, clt full",0,0,0,0
,ensino superior completo,básico,analista,ensino superior completo,intermediário,ti - suporte,ti - projetos-,clt full,0,1,0,0
,,,sênior,ensino superior completo,intermediário,,gestão e alocação de recursos de ti-,hunting,0,0,0,0
,pós graduação completo,avançado,sênior,ensino superior completo,avançado,ti - sap,ti - sap-,pj/autônomo,0,0,1,0
,ensino fundamental completo,avançado,pleno,ensino técnico completo,nenhum,ti - processos e negócios,ti - processos e negócios-,clt full,0,0,0,0
,,,sênior,ensino técnico completo,nenhum,,administrativa-,cooperado,0,0,0,0
,pós graduação completo,básico,pleno,ensino técnico completo,nenhum,ti - desenvolvimento/programação,gestão e alocação de recursos de ti-,pj/autônomo,0,0,0,0
,pós graduação completo,avançado,analista,ensino superior completo,fluente,ti - sap,ti - sap-,"clt full, pj/autônomo",0,0,0,0
,,,pleno,ensino superior completo,avançado,,ti - sap-,pj/autônomo,0,0,0,0
,,,pleno,ensino técnico completo,nenhum,,gestão e alocação de recursos de ti-,pj/autônomo,0,0,0,0
,,,sênior,ensino superior completo,avançado,,ti - desenvolvimento/programação-,clt full,0,0,0,0
,,,sênior,ensino superior completo,fluente,,ti - sap-,hunting,0,0,0,0
,,,analista,ensino superior completo,básico,,ti - projetos-,"pj/autônomo, clt full",0,0,0,0
,,,pleno,ensino médio completo,nenhum,,administrativa-,cooperado,0,0,0,0
,,,pleno,ensino técnico completo,nenhum,,gestão e alocação de recursos de ti-,pj/autônomo,0,0,0,0
,,,júnior,ensino médio completo,intermediário,,financeira/controladoria-,pj/autônomo,0,0,0,0
,,,analista,ensino superior completo,intermediário,,ti - desenvolvimento/programação-,"pj/autônomo, clt full",0,0,0,0
,,,analista,ensino superior cursando,intermediário,,ti - projetos-,"pj/autônomo, clt full",0,0,0,0
,ensino superior cursando,básico,analista,ensino superior completo,básico,recursos humanos,ti - projetos-,"pj/autônomo, clt full",0,0,1,0
,,,pleno,ensino técnico completo,nenhum,,ti - telecom-,cooperado,0,0,0,0
,,,analista,ensino superior completo,avançado,,ti - sap-,"clt full, pj/autônomo",0,0,0,0
,ensino superior completo,intermediário,pleno,ensino superior completo,nenhum,ti - sap,ti - sap-,pj/autônomo,0,1,0,0
,,,pleno,ensino técnico completo,nenhum,,gestão e alocação de recursos de ti-,pj/autônomo,0,0,0,0
,,,sênior,ensino superior completo,básico,,ti - projetos-,clt full,0,0,0,0
,,,sênior,ensino superior completo,básico,,ti - sap-,pj/autônomo,0,0,0,0
,,,sênior,ensino superior completo,nenhum,,gestão e alocação de recursos de ti-,clt full,0,0,0,0
,,,sênior,ensino médio completo,nenhum,,gestão e alocação de recursos de ti-,pj/autônomo,0,0,0,0
,ensino superior completo,básico,júnior,ensino superior cursando,nenhum,ti - sap,ti - sap-,clt full,0,0,0,0
,ensino superior completo,intermediário,analista,ensino superior completo,básico,ti - sap,ti - projetos-,"pj/autônomo, clt full",0,1,0,0
,pós graduação completo,nenhum,analista,ensino superior completo,básico,administrativa,ti - projetos-,"clt full, pj/autônomo",0,0,0,0
,,,sênior,ensino médio completo,avançado,,ti - projetos-,pj/autônomo,0,0,0,0
,,,pleno,ensino superior completo,intermediário,,gestão e alocação de recursos de ti-,pj/autônomo,0,0,0,0
,,,analista,ensino superior completo,técnico,,ti - projetos-,"cooperado, pj/autônomo",0,0,0,0
,,,analista,ensino superior completo,básico,,ti - projetos-,pj/autônomo,0,0,0,0
,ensino superior completo,intermediário,analista,ensino superior completo,básico,"ti - governança, ti - infraestrutura, ti - processos e negócios, ti - projetos, ti - suporte",ti - suporte-,clt full,0,1,0,0
,ensino superior completo,avançado,pleno,ensino técnico completo,nenhum,ti - sistemas e ferramentas,gestão e alocação de recursos de ti-,pj/autônomo,0,0,0,0
,,,sênior,ensino superior completo,básico,,ti - sap-,pj/autônomo,0,0,0,0
,,,sênior,ensino superior incompleto,nenhum,,ti - projetos-,pj/autônomo,0,0,0,0
,,,sênior,ensino superior completo,nenhum,,ti - sap-,hunting,0,0,0,0
,,,sênior,ensino médio completo,avançado,,ti - desenvolvimento/programação-ti - processos e negócios-ti - projetos-,pj/autônomo,0,0,0,0
,ensino superior completo,básico,analista,ensino superior completo,básico,recursos humanos,ti - projetos-,"pj/autônomo, clt full",0,1,1,0
,,,sênior,ensino superior completo,básico,,ti - sap-,pj/autônomo,0,0,0,0
,mestrado incompleto,intermediário,analista,ensino superior completo,avançado,ti - sap,ti - sap-,pj/autônomo,0,0,0,0
,,,gerente,ensino superior completo,avançado,,ti - projetos-,hunting,0,0,0,0
,ensino superior completo,avançado,sênior,ensino superior completo,fluente,ti - projetos,ti - sap-,"clt full, pj/autônomo",0,1,0,0
,,,sênior,ensino superior completo,nenhum,,ti - sap-,hunting,0,0,0,0
,ensino superior cursando,intermediário,analista,ensino superior completo,básico,ti - infraestrutura,ti - suporte-,clt full,0,0,0,0
,,,sênior,ensino superior completo,básico,,ti - sap-,hunting,0,0,0,0
,,,analista,ensino superior completo,fluente,,ti - sap-,hunting,0,0,0,0
,,,sênior,ensino superior completo,intermediário,,ti - desenvolvimento/programação-,,0,0,0,0
,,,analista,ensino superior completo,básico,,ti - sap-,hunting,0,0,0,0
,ensino superior incompleto,básico,júnior,ensino médio completo,nenhum,ti - desenvolvimento/programação,administrativa-,cooperado,0,0,0,0
,,,analista,ensino superior completo,fluente,,ti - sap-,pj/autônomo,0,0,0,0
,ensino superior cursando,intermediário,analista,ensino superior completo,fluente,,ti - sap-,"clt full, pj/autônomo",0,0,0,0
,,,sênior,ensino superior completo,nenhum,,gestão e alocação de recursos de ti-,clt full,0,0,0,0
,,,analista,ensino superior completo,básico,,ti - projetos-,"clt full, pj/autônomo",0,0,0,0
,,,pleno,ensino superior completo,avançado,,ti - projetos-,pj/autônomo,0,0,0,0
,,,analista,ensino superior completo,intermediário,,ti - sap-,clt cotas,0,0,0,0
,,,analista,ensino superior completo,básico,,ti - infraestrutura-,clt full,0,0,0,0
,,,pleno,ensino superior completo,nenhum,,ti - projetos-,clt cotas,0,0,0,0
,ensino superior cursando,fluente,sênior,ensino superior completo,fluente,ti - desenvolvimento/programação,ti - desenvolvimento/design-,"clt full, clt cotas, pj/autônomo",0,0,1,0
,ensino superior completo,básico,júnior,ensino superior completo,nenhum,recursos humanos,administrativa-,cooperado,0,1,0,0
,,,analista,ensino superior completo,nenhum,,ti - sistemas e ferramentas-,pj/autônomo,0,0,0,0
,,,pleno,ensino técnico completo,nenhum,,gestão e alocação de recursos de ti-,pj/autônomo,0,0,0,0
,ensino superior completo,intermediário,sênior,ensino médio completo,nenhum,ti - desenvolvimento/programação,financeira/controladoria-,cooperado,0,0,0,0
,,,sênior,ensino superior completo,intermediário,,ti - sistemas e ferramentas-,,0,0,0,0
,,,sênior,ensino superior completo,nenhum,,ti - desenvolvimento/programação-,pj/autônomo,0,0,0,0
,,,sênior,ensino médio completo,fluente,,ti - projetos-,pj/autônomo,0,0,0,0
,,,sênior,ensino superior completo,intermediário,,ti - projetos-,hunting,0,0,0,0
,,,sênior,ensino superior completo,nenhum,,ti - desenvolvimento/design-,,0,0,0,0
,,,pleno,ensino técnico completo,nenhum,,gestão e alocação de recursos de ti-,pj/autônomo,0,0,0,0
,pós graduação cursando,intermediário,analista,ensino superior completo,básico,ti - desenvolvimento/programação,ti - projetos-,"pj/autônomo, clt full",0,0,0,0
,,,pleno,ensino técnico completo,nenhum,,gestão e alocação de recursos de ti-,pj/autônomo,0,0,0,0
,,,analista,ensino superior completo,básico,,ti - desenvolvimento/programação-,hunting,0,0,0,0
,ensino superior cursando,básico,sênior,ensino superior completo,nenhum,ti - sap,ti - sap-,pj/autônomo,0,0,0,0
,,,sênior,ensino médio completo,nenhum,,gestão e alocação de recursos de ti-,pj/autônomo,0,0,0,0
,,,júnior,ensino superior completo,intermediário,,ti - suporte-,hunting,0,0,0,0
,,,júnior,ensino médio completo,avançado,,gestão e alocação de recursos de ti-,pj/autônomo,0,0,0,0
,ensino superior completo,intermediário,sênior,ensino superior completo,avançado,"ti - processos e negócios, ti - projetos, ti - sap",ti - sap-,"pj/autônomo, clt full",0,1,0,0
,,,coordenador,ensino médio completo,fluente,,financeira/controladoria-,cooperado,0,0,0,0
,ensino superior incompleto,básico,júnior,ensino superior cursando,básico,ti - suporte,financeira/controladoria-,cooperado,0,0,1,0
,,,sênior,ensino superior completo,avançado,,ti - projetos-,pj/autônomo,0,0,0,0
,,,sênior,ensino superior completo,intermediário,,ti - sistemas e ferramentas-,,0,0,0,0
,,,pleno,ensino superior completo,nenhum,,ti - desenvolvimento/programação-,clt full,0,0,0,0
,,,analista,ensino superior completo,básico,,ti - sap-,,0,0,0,0
,,,líder,ensino superior completo,avançado,,ti - projetos-,pj/autônomo,0,0,0,0
,ensino superior completo,avançado,analista,ensino superior completo,básico,ti - desenvolvimento/programação,ti - projetos-,"pj/autônomo, clt full",0,1,0,0
,,,sênior,ensino superior completo,nenhum,,ti - projetos-,hunting,0,0,0,0
,ensino superior completo,avançado,sênior,ensino médio completo,nenhum,ti - desenvolvimento/programação,gestão e alocação de recursos de ti-,cooperado,0,0,0,0
,,,analista,ensino superior completo,básico,,ti - suporte-,clt full,0,0,0,0
,,,analista,ensino superior completo,básico,,ti - projetos-,clt full,0,0,0,0
,,,analista,ensino superior completo,básico,,ti - projetos-,"pj/autônomo, clt full",0,0,0,0
,,,analista,ensino superior completo,básico,,ti - projetos-,"pj/autônomo, clt full",0,0,0,0
,pós graduação completo,básico,assistente,ensino superior cursando,nenhum,"administrativa, comercial, financeira/controladoria, recursos humanos",administrativa-,clt full,0,0,0,0
,,,analista,ensino superior completo,básico,,ti - projetos-,"cooperado, pj/autônomo",0,0,0,0
,,,sênior,ensino superior completo,fluente,,ti - sap-,clt full,0,0,0,0
,,,analista,ensino superior completo,básico,,ti - projetos-,"clt full, pj/autônomo",0,0,0,0
,ensino superior completo,intermediário,analista,ensino superior completo,básico,ti - sap,ti - sap-,"pj/autônomo, clt full",0,1,0,0
,,,sênior,ensino superior completo,nenhum,,ti - sap-,cooperado,0,0,0,0
,ensino superior completo,intermediário,analista,ensino superior completo,básico,"ti - banco de dados, ti - desenvolvimento/design, ti - desenvolvimento/mobile, ti - desenvolvimento/programação, ti - processos e negócios, ti - projetos, ti - sistemas e ferramentas",ti - projetos-,clt cotas,0,1,0,0
,,,sênior,ensino médio completo,avançado,,financeira/controladoria-,pj/autônomo,0,0,0,0
,,,analista,ensino superior completo,básico,,ti - projetos-,"clt full, pj/autônomo",0,0,0,0
,,,pleno,ensino técnico completo,nenhum,,gestão e alocação de recursos de ti-,pj/autônomo,0,0,0,0
,,,sênior,ensino superior completo,nenhum,,ti - desenvolvimento/programação-,clt full,0,0,0,0
,,,analista,ensino superior completo,básico,,ti - projetos-,"pj/autônomo, clt full",0,0,0,0
,mestrado completo,básico,sênior,ensino médio completo,técnico,ti - qualidade/testes,financeira/controladoria-,hunting,0,0,0,0
,pós graduação completo,avançado,sênior,ensino superior completo,avançado,"ti - desenvolvimento/programação, ti - processos e negócios, ti - projetos, ti - sistemas e ferramentas, ti - suporte",ti - projetos-,pj/autônomo,0,0,1,0
,,,sênior,ensino superior completo,avançado,,ti - projetos-,pj/autônomo,0,0,0,0
,,,analista,ensino superior completo,fluente,,ti - sap-,pj/autônomo,0,0,0,0
,,,analista,ensino superior completo,básico,,ti - projetos-,"clt full, pj/autônomo",0,0,0,0
,,,pleno,ensino superior completo,nenhum,,ti - projetos-,cooperado,0,0,0,0
,,,analista,ensino superior completo,básico,,ti - projetos-,hunting,0,0,0,0
,pós graduação cursando,intermediário,analista,ensino superior completo,básico,"ti - governança, ti - infraestrutura, ti - processos e negócios, ti - projetos, ti - sistemas e ferramentas, ti - suporte",ti - segurança da informação-,"pj/autônomo, clt full",0,0,0,0
,mestrado cursando,avançado,sênior,ensino superior completo,nenhum,ti - desenvolvimento/programação,ti - projetos-,pj/autônomo,0,0,0,0
,,,analista,ensino superior completo,fluente,,administrativa-,clt full,0,0,0,0
,pós graduação completo,avançado,analista,ensino superior completo,básico,"ti - governança, ti - processos e negócios, ti - projetos, ti - qualidade/testes, ti - suporte",administrativa-,clt full,0,0,0,0
,ensino superior completo,,líder,ensino superior completo,básico,,ti - projetos-,clt full,0,1,0,0
,ensino superior completo,fluente,sênior,ensino superior completo,básico,ti - sap,ti - sap-,pj/autônomo,0,1,0,0
,,,especialista,ensino superior completo,básico,,ti - sap-,"clt full, pj/autônomo",0,0,0,0
,ensino superior cursando,básico,sênior,ensino superior completo,básico,"ti - governança, ti - processos e negócios, ti - projetos, ti - qualidade/testes",ti - projetos-,"clt full, cooperado, pj/autônomo",0,0,1,0
,,,pleno,ensino médio completo,nenhum,,ti - suporte-,cooperado,0,0,0,0
,ensino superior completo,básico,analista,ensino superior completo,básico,administrativa,ti - projetos-,"clt full, pj/autônomo",0,1,1,0
,ensino superior completo,fluente,sênior,ensino superior completo,nenhum,ti - sap,gestão e alocação de recursos de ti-ti - sap-,pj/autônomo,0,1,0,0
,ensino superior completo,,analista,ensino superior completo,básico,,ti - sap-,"clt cotas, cooperado, estagiário, pj/autônomo",0,1,0,0
,,,sênior,ensino superior completo,avançado,,ti - projetos-,pj/autônomo,0,0,0,0
,,,analista,ensino superior completo,básico,,ti - projetos-,"clt full, pj/autônomo",0,0,0,0
,,,sênior,ensino superior completo,básico,,ti - sap-,pj/autônomo,0,0,0,0
,,,analista,ensino superior completo,intermediário,,ti - sap-,pj/autônomo,0,0,0,0
,,,sênior,ensino superior completo,básico,,ti - sap-,"clt full, pj/autônomo",0,0,0,0
,,,sênior,ensino superior completo,intermediário,,ti - desenvolvimento/programação-,,0,0,0,0
,,,analista,ensino superior completo,básico,,ti - projetos-,clt full,0,0,0,0
,,,analista,ensino superior completo,avançado,,ti - sap-,"pj/autônomo, clt full",0,0,0,0
,,,sênior,ensino superior completo,fluente,,financeira/controladoria-,cooperado,0,0,0,0
,ensino superior cursando,intermediário,sênior,ensino superior completo,avançado,ti - desenvolvimento/programação,ti - desenvolvimento/programação-,pj/autônomo,0,0,0,0
,ensino superior completo,intermediário,sênior,ensino superior completo,avançado,ti - sap,ti - sistemas e ferramentas-,pj/autônomo,0,1,0,0
,,,analista,ensino superior completo,básico,,ti - projetos-,hunting,0,0,0,0
,,,sênior,ensino superior completo,intermediário,,ti - projetos-,cooperado,0,0,0,0
,,,júnior,ensino superior completo,básico,,ti - suporte-,hunting,0,0,0,0
,,,pleno,ensino superior completo,nenhum,"ti - arquitetura, ti - processos e negócios, ti - projetos, ti - sistemas e ferramentas",ti - processos e negócios-,clt full,0,0,0,0
,,,sênior,ensino médio completo,avançado,,ti - projetos-,pj/autônomo,0,0,0,0
,,,analista,ensino superior completo,básico,,ti - sap-,"pj/autônomo, clt full",0,0,0,0
,ensino superior completo,avançado,analista,ensino superior completo,básico,ti - arquitetura,ti - projetos-,"pj/autônomo, clt full",0,1,0,0
,,,sênior,ensino superior completo,nenhum,,ti - projetos-,pj/autônomo,0,0,0,0
,pós graduação completo,fluente,pleno,ensino técnico completo,fluente,ti - sap,gestão e alocação de recursos de ti-,pj/autônomo,0,0,1,0
,,,analista,ensino superior completo,avançado,,ti - sap-,"clt full, pj/autônomo",0,0,0,0
,,,sênior,ensino superior cursando,nenhum,,ti - sap-,pj/autônomo,0,0,0,0
,,,sênior,ensino superior completo,nenhum,,gestão e alocação de recursos de ti-ti - sap-,pj/autônomo,0,0,0,0
,,,sênior,ensino superior completo,básico,,ti - sap-,pj/autônomo,0,0,0,0
,ensino superior completo,,analista,ensino superior completo,básico,,ti - sap-,clt full,0,1,0,0
,,,analista,ensino superior completo,básico,,ti - projetos-,"clt full, pj/autônomo",0,0,0,0
,ensino superior completo,fluente,sênior,ensino superior completo,intermediário,"ti - arquitetura, ti - banco de dados, ti - desenvolvimento/design, ti - desenvolvimento/mobile, ti - desenvolvimento/programação, ti - projetos, ti - qualidade/testes, ti - segurança da informação, ti - sistemas e ferramentas, ti - suporte",ti - projetos-,"clt full, pj/autônomo",0,1,0,0
,,,sênior,ensino superior completo,fluente,,ti - projetos-,pj/autônomo,0,0,0,0
,,,sênior,ensino superior completo,básico,,ti - sap-,pj/autônomo,0,0,0,0
,,,analista,ensino superior completo,básico,ti - banco de dados,ti - projetos-,clt full,0,0,0,0
,,,sênior,ensino superior completo,avançado,,ti - projetos-,pj/autônomo,0,0,0,0
,,,analista,ensino superior completo,básico,,ti - projetos-,"clt full, pj/autônomo",0,0,0,0
,,,analista,ensino superior completo,básico,,ti - sap-,clt full,0,0,0,0
,,,sênior,ensino superior completo,nenhum,,ti - desenvolvimento/programação-,,0,0,0,0
,,,sênior,ensino superior completo,fluente,,ti - qualidade/testes-,pj/autônomo,0,0,0,0
,,,pleno,ensino superior completo,nenhum,,gestão e alocação de recursos de ti-,cooperado,0,0,0,0
,ensino superior completo,básico,sênior,ensino superior completo,nenhum,ti - desenvolvimento/design,ti - desenvolvimento/programação-,clt full,0,1,0,0
,,,sênior,ensino superior completo,avançado,,ti - sap-,clt full,0,0,0,0
,,,pleno,ensino superior completo,nenhum,,ti - desenvolvimento/programação-,clt full,0,0,0,0
,,,sênior,ensino superior completo,avançado,,ti - sap-,"cooperado, pj/autônomo",0,0,0,0
,ensino superior completo,,sênior,ensino superior completo,fluente,,ti - sap-,"pj/autônomo, clt full",0,1,0,0
,,,analista,ensino superior completo,intermediário,,ti - projetos-,"clt full, pj/autônomo",0,0,0,0
,,,pleno,ensino superior completo,nenhum,,ti - sistemas e ferramentas-,pj/autônomo,0,0,0,0
,,,analista,ensino superior completo,básico,,ti - projetos-,"clt full, pj/autônomo",0,0,0,0
,,,analista,ensino superior completo,básico,,ti - projetos-,hunting,0,0,0,0
,ensino superior incompleto,intermediário,analista,ensino superior completo,avançado,ti - sap,ti - sap-,"pj/autônomo, clt cotas",0,0,0,0
,,,analista,ensino superior completo,avançado,,ti - sap-,"clt full, pj/autônomo",0,0,0,0
,,,sênior,ensino superior completo,básico,,ti - projetos-,cooperado,0,0,0,0
,,,analista,ensino superior completo,básico,,ti - sap-,pj/autônomo,0,0,0,0
,,,analista,ensino superior completo,avançado,,ti - projetos-,"clt full, pj/autônomo",0,0,0,0
,ensino superior completo,intermediário,júnior,ensino superior completo,básico,"comercial, marketing, ti - suporte, ti - telecom",ti - suporte-,hunting,0,1,0,0
,ensino superior completo,intermediário,pleno,ensino superior completo,nenhum,financeira/controladoria,ti - projetos-,pj/autônomo,0,1,0,0
,,,sênior,ensino médio completo,nenhum,,gestão e alocação de recursos de ti-,pj/autônomo,0,0,0,0
júnior,ensino superior cursando,nenhum,analista,ensino superior completo,básico,ti - banco de dados,ti - projetos-,clt full,0,0,0,0
,,,sênior,ensino superior completo,fluente,,ti - sap-,hunting,0,0,0,0
,ensino superior cursando,básico,júnior,ensino superior completo,básico,financeira/controladoria,ti - projetos-,"clt full, pj/autônomo",0,0,1,0
,ensino superior completo,avançado,sênior,ensino médio completo,avançado,"ti - processos e negócios, ti - projetos, ti - qualidade/testes, ti - sistemas e ferramentas, ti - suporte",ti - projetos-,pj/autônomo,0,0,1,0
,,,sênior,ensino técnico completo,nenhum,,ti - desenvolvimento/programação-,clt cotas,0,0,0,0
,,,analista,ensino superior completo,intermediário,,ti - projetos-,"clt full, pj/autônomo",0,0,0,0
,,,pleno,ensino superior completo,básico,,ti - projetos-,"clt full, pj/autônomo",0,0,0,0
,,,pleno,ensino superior completo,avançado,,ti - desenvolvimento/programação-,clt cotas,0,0,0,0
,pós graduação completo,,analista,ensino superior completo,fluente,,ti - sap-,"pj/autônomo, clt full",0,0,0,0
,,,sênior,ensino superior completo,nenhum,,ti - sistemas e ferramentas-,clt full,0,0,0,0
,,,sênior,ensino superior incompleto,intermediário,,ti - sap-,pj/autônomo,0,0,0,0
,,,sênior,ensino superior completo,avançado,,ti - projetos-,pj/autônomo,0,0,0,0
,,,analista,ensino superior completo,fluente,,ti - sap-,pj/autônomo,0,0,0,0
,,,assistente,ensino superior incompleto,básico,,administrativa-,clt full,0,0,0,0
,pós graduação completo,básico,sênior,ensino médio completo,nenhum,ti - desenvolvimento/programação,gestão e alocação de recursos de ti-,cooperado,0,0,0,0
,,,pleno,ensino superior completo,básico,,ti - projetos-,pj/autônomo,0,0,0,0
,,,analista,ensino superior completo,básico,,ti - sap-,pj/autônomo,0,0,0,0
,ensino superior completo,básico,analista,ensino superior completo,avançado,ti - sap,ti - sap-,pj/autônomo,0,1,0,0
,,,analista,ensino superior completo,básico,,ti - projetos-,"pj/autônomo, clt full",0,0,0,0
,,,sênior,ensino médio completo,nenhum,,administrativa-,cooperado,0,0,0,0
,,,pleno,ensino médio completo,avançado,,gestão e alocação de recursos de ti-,pj/autônomo,0,0,0,0
,ensino superior completo,básico,analista,ensino superior completo,intermediário,ti - telecom,ti - projetos-,clt full,0,1,0,0
,,,sênior,ensino superior completo,avançado,,ti - desenvolvimento/programação-,clt full,0,0,0,0
,,,sênior,ensino superior completo,fluente,,ti - projetos-,pj/autônomo,0,0,0,0
,,,pleno,ensino superior completo,fluente,,ti - sistemas e ferramentas-,,0,0,0,0
,,,analista,ensino superior completo,básico,,ti - sap-,pj/autônomo,0,0,0,0
,ensino superior completo,intermediário,sênior,ensino superior completo,avançado,ti - sap,ti - sap-,pj/autônomo,0,1,0,0
,,,sênior,ensino superior completo,intermediário,,ti - sistemas e ferramentas-,,0,0,0,0
,,,sênior,ensino superior completo,fluente,,ti - projetos-,pj/autônomo,0,0,0,0
,,,analista,ensino superior completo,básico,,ti - projetos-,"clt full, pj/autônomo",0,0,0,0
,,,júnior,ensino médio completo,nenhum,,administrativa-,clt full,0,0,0,0
,ensino superior completo,avançado,analista,ensino superior completo,básico,ti - sap,ti - sap-,pj/autônomo,0,1,0,0
,,,sênior,ensino superior completo,básico,,ti - projetos-,"clt full, pj/autônomo",0,0,0,0
,ensino superior completo,intermediário,sênior,ensino médio completo,nenhum,ti - desenvolvimento/programação,gestão e alocação de recursos de ti-,cooperado,0,0,0,0
,pós graduação cursando,avançado,analista,ensino superior completo,básico,comercial,ti - projetos-,,0,0,0,0
,,,sênior,ensino superior completo,avançado,,ti - projetos-,hunting,0,0,0,0
,,,sênior,ensino superior completo,avançado,,gestão e alocação de recursos de ti-,pj/autônomo,0,0,0,0
,ensino superior completo,avançado,pleno,ensino superior completo,intermediário,ti - governança,ti - desenvolvimento/programação-,,0,1,0,0
,,,sênior,ensino superior completo,avançado,,ti - projetos-,pj/autônomo,0,0,0,0
,,,sênior,ensino superior completo,básico,,ti - desenvolvimento/programação-,hunting,0,0,0,0
,pós graduação completo,fluente,sênior,ensino superior completo,avançado,"ti - arquitetura, ti - banco de dados, ti - desenvolvimento/design, ti - desenvolvimento/mobile, ti - desenvolvimento/programação, ti - governança, ti - infraestrutura, ti - processos e negócios, ti - projetos, ti - qualidade/testes, ti - sap, ti - sistemas e ferramentas, ti - suporte, ti - telecom, ti - ux",ti - projetos-,pj/autônomo,0,0,0,0
,,,analista,ensino superior completo,básico,,ti - projetos-,"pj/autônomo, clt full",0,0,0,0
,,,sênior,ensino superior completo,nenhum,,gestão e alocação de recursos de ti-ti - sap-,pj/autônomo,0,0,0,0
,,,pleno,ensino médio completo,nenhum,,gestão e alocação de recursos de ti-,cooperado,0,0,0,0
,ensino técnico incompleto,nenhum,auxiliar,ensino médio completo,nenhum,administrativa,ti - projetos-,clt full,0,0,1,0
,,,assistente,ensino superior incompleto,básico,,administrativa-,clt full,0,0,0,0
,,,analista,ensino superior completo,básico,,gestão e alocação de recursos de ti-,clt full,0,0,0,0
,,,coordenador,ensino médio completo,fluente,,ti - projetos-,cooperado,0,0,0,0
,ensino superior completo,intermediário,sênior,ensino superior completo,nenhum,,ti - sap-,pj/autônomo,0,1,0,0
,,,sênior,ensino superior completo,fluente,,ti - sap-,"pj/autônomo, clt full",0,0,0,0
,,,sênior,ensino superior completo,intermediário,,ti - infraestrutura-,,0,0,0,0
,,,especialista,pós graduação completo,nenhum,,gestão e alocação de recursos de ti-ti - sap-,pj/autônomo,0,0,0,0
,ensino superior cursando,básico,sênior,ensino médio completo,avançado,recursos humanos,administrativa-,pj/autônomo,0,0,0,0
,mestrado completo,avançado,sênior,ensino superior completo,avançado,ti - sap,ti - sap-,hunting,0,0,1,0
,,,sênior,ensino médio completo,nenhum,,administrativa-,cooperado,0,0,0,0
,,,pleno,ensino superior completo,fluente,,ti - projetos-,pj/autônomo,0,0,0,0
,,,analista,ensino superior completo,básico,,ti - projetos-,"clt full, pj/autônomo",0,0,0,0
,,,analista,ensino superior completo,básico,,ti - sap-,pj/autônomo,0,0,0,0
,ensino superior incompleto,avançado,sênior,ensino médio completo,fluente,ti - sap,ti - sap-,pj/autônomo,0,0,0,0
,,,sênior,ensino superior completo,intermediário,,ti - desenvolvimento/programação-,pj/autônomo,0,0,0,0
,,,analista,ensino superior completo,básico,,ti - projetos-,"cooperado, pj/autônomo",0,0,0,0
,,,analista,ensino superior completo,básico,,ti - projetos-,"clt full, pj/autônomo",0,0,0,0
,,,sênior,ensino superior completo,nenhum,,ti - projetos-,hunting,0,0,0,0
,,,sênior,ensino superior completo,básico,,ti - sap-,"clt full, pj/autônomo",0,0,0,0
,,,pleno,ensino superior completo,nenhum,,gestão e alocação de recursos de ti-ti - infraestrutura-,pj/autônomo,0,0,0,0
,,,pleno,ensino superior completo,avançado,,qualidade corporativa-,,0,0,0,0
,,,pleno,ensino técnico completo,nenhum,,gestão e alocação de recursos de ti-,pj/autônomo,0,0,0,0
,,,analista,ensino superior completo,básico,,ti - sap-,pj/autônomo,0,0,0,0
,,,analista,ensino superior completo,básico,,ti - sap-,pj/autônomo,0,0,0,0
,,,pleno,ensino técnico completo,nenhum,ti - sap,gestão e alocação de recursos de ti-,pj/autônomo,0,0,0,0
,,,sênior,ensino superior completo,básico,,ti - projetos-,"clt full, pj/autônomo",0,0,0,0
,ensino superior completo,intermediário,sênior,ensino médio completo,nenhum,ti - desenvolvimento/programação,financeira/controladoria-,hunting,0,0,0,0
,ensino superior cursando,fluente,sênior,ensino médio completo,técnico,"ti - arquitetura, ti - desenvolvimento/design, ti - desenvolvimento/mobile, ti - desenvolvimento/programação, ti - sistemas e ferramentas",administrativa-,pj/autônomo,0,0,0,0
,,,sênior,ensino superior incompleto,avançado,,ti - desenvolvimento/programação-,pj/autônomo,0,0,0,0
,ensino superior completo,avançado,sênior,ensino superior completo,avançado,ti - projetos,ti - projetos-,pj/autônomo,0,1,1,0
,,,sênior,ensino superior completo,nenhum,,ti - sap-,pj/autônomo,0,0,0,0
,,,analista,ensino superior completo,básico,,ti - projetos-,"clt full, pj/autônomo",0,0,0,0
,,,analista,ensino superior completo,técnico,,ti - projetos-,"cooperado, pj/autônomo",0,0,0,0
,,,analista,ensino superior completo,básico,,ti - infraestrutura-,clt full,0,0,0,0
,ensino superior incompleto,básico,analista,ensino superior completo,básico,ti - suporte,ti - infraestrutura-,clt full,0,0,1,0
,,,supervisor,ensino médio completo,intermediário,,ti - projetos-,pj/autônomo,0,0,0,0
,,,analista,ensino superior completo,básico,,ti - projetos-,clt full,0,0,0,0
,pós graduação completo,intermediário,sênior,ensino superior completo,avançado,"ti - desenvolvimento/design, ti - desenvolvimento/mobile, ti - desenvolvimento/programação, ti - governança, ti - processos e negócios, ti - projetos, ti - segurança da informação, ti - sistemas e ferramentas",ti - projetos-,pj/autônomo,0,0,0,0
,,,sênior,ensino superior completo,básico,,ti - projetos-,"pj/autônomo, clt full",0,0,0,0
,,,sênior,ensino superior completo,básico,,ti - projetos-,"pj/autônomo, clt full",0,0,0,0
,,,sênior,ensino superior completo,avançado,,ti - sap-,hunting,0,0,0,0
,,,analista,ensino superior cursando,intermediário,,gestão e alocação de recursos de ti-,clt full,0,0,0,0
,,,sênior,ensino superior completo,básico,,ti - sap-,pj/autônomo,0,0,0,0
,,,sênior,ensino superior cursando,nenhum,,ti - sap-,cooperado,0,0,0,0
,,,pleno,ensino superior completo,avançado,,ti - projetos-,pj/autônomo,0,0,0,0
,,,analista,ensino superior completo,básico,,ti - projetos-,"clt full, pj/autônomo",0,0,0,0
,,,pleno,ensino superior completo,fluente,,ti - desenvolvimento/programação-,clt full,0,0,0,0
,,,analista,ensino superior completo,básico,,ti - projetos-,clt full,0,0,0,0
,,,analista,ensino superior completo,básico,,ti - sap-,"clt full, pj/autônomo",0,0,0,0
,,,assistente,ensino superior cursando,nenhum,,administrativa-,clt full,0,0,0,0
,,,pleno,ensino superior completo,avançado,,qualidade corporativa-,,0,0,0,0
,,,analista,ensino superior completo,básico,,gestão e alocação de recursos de ti-,clt full,0,0,0,0
,pós graduação completo,intermediário,pleno,ensino técnico completo,nenhum,ti - desenvolvimento/programação,gestão e alocação de recursos de ti-,pj/autônomo,0,0,0,0
,,,analista,ensino médio completo,básico,,ti - projetos-,"pj/autônomo, clt full",0,0,0,0
,,,pleno,ensino técnico completo,nenhum,,gestão e alocação de recursos de ti-,pj/autônomo,0,0,0,0
,,,pleno,ensino superior completo,intermediário,,ti - suporte-,clt full,0,0,0,0
,ensino superior cursando,básico,sênior,ensino médio completo,fluente,recursos humanos,administrativa-,pj/autônomo,0,0,0,0
,,,sênior,ensino superior completo,intermediário,,ti - sistemas e ferramentas-,,0,0,0,0
,ensino superior completo,básico,pleno,ensino médio completo,nenhum,ti - qualidade/testes,comercial-,clt cotas,0,0,0,0
,,,pleno,ensino médio completo,fluente,,ti - projetos-,hunting,0,0,0,0
,,,gerente,ensino superior completo,fluente,,ti - projetos-,clt full,0,0,0,0
,,,assistente,ensino médio completo,nenhum,,administrativa-,clt full,0,0,0,0
,pós graduação completo,básico,pleno,ensino técnico completo,nenhum,ti - desenvolvimento/programação,gestão e alocação de recursos de ti-,pj/autônomo,0,0,0,0
,mestrado incompleto,intermediário,analista,ensino superior completo,básico,ti - sap,ti - sap-,hunting,0,0,0,0
,ensino superior completo,avançado,sênior,ensino superior completo,nenhum,"ti - banco de dados, ti - sap",ti - sap-,pj/autônomo,0,1,0,0
,ensino superior completo,básico,analista,ensino superior completo,avançado,ti - sap,ti - sap-,pj/autônomo,0,1,0,0
,ensino superior completo,básico,sênior,ensino superior completo,avançado,ti - processos e negócios,ti - projetos-,"clt full, pj/autônomo",0,1,0,0
,,,pleno,ensino superior completo,intermediário,,ti - desenvolvimento/programação-,,0,0,0,0
,ensino superior completo,fluente,analista,ensino superior completo,nenhum,"ti - banco de dados, ti - desenvolvimento/programação, ti - governança, ti - processos e negócios, ti - projetos, ti - qualidade/testes, ti - segurança da informação",ti - qualidade/testes-,clt full,0,1,0,0
,,,sênior,ensino superior cursando,nenhum,,ti - desenvolvimento/programação-,clt full,0,0,0,0
,,,sênior,ensino superior completo,avançado,,ti - desenvolvimento/programação-,clt full,0,0,0,0
,,,analista,ensino superior completo,básico,,ti - projetos-,"clt full, pj/autônomo",0,0,0,0
,,,pleno,ensino superior completo,nenhum,,gestão e alocação de recursos de ti-ti - infraestrutura-,clt full,0,0,0,0
,,,sênior,ensino superior completo,avançado,,ti - infraestrutura-,pj/autônomo,0,0,0,0
,,,analista,ensino superior completo,básico,,ti - sap-,pj/autônomo,0,0,0,0
,,,sênior,ensino superior completo,fluente,,ti - projetos-,hunting,0,0,0,0
,,,sênior,ensino superior incompleto,fluente,,ti - sap-,clt full,0,0,0,0
,,,analista,ensino superior completo,básico,,ti - projetos-,hunting,0,0,0,0
,,,analista,ensino superior completo,básico,,ti - projetos-,"clt full, pj/autônomo",0,0,0,0
,,,especialista,ensino superior completo,avançado,,ti - sap-,pj/autônomo,0,0,0,0
,mestrado incompleto,avançado,analista,ensino superior completo,básico,ti - arquitetura,ti - projetos-,pj/autônomo,0,0,0,0
,ensino superior completo,avançado,analista,ensino superior completo,fluente,,ti - sap-,pj/autônomo,0,1,0,0
,,,analista,ensino superior completo,básico,,ti - projetos-,hunting,0,0,0,0
,,,pleno,ensino superior completo,avançado,,ti - projetos-,hunting,0,0,0,0
,,,sênior,ensino superior completo,avançado,,ti - sap-,"pj/autônomo, clt full",0,0,0,0
,,,assistente,ensino superior incompleto,básico,,administrativa-,,0,0,0,0
,,,analista,ensino superior completo,avançado,,ti - projetos-,"pj/autônomo, clt full",0,0,0,0
,,,sênior,ensino superior completo,básico,,ti - sap-,pj/autônomo,0,0,0,0
,,,sênior,ensino superior completo,básico,,ti - projetos-,cooperado,0,0,0,0
,,,analista,ensino superior completo,básico,,ti - projetos-,hunting,0,0,0,0
,,,pleno,ensino técnico completo,nenhum,,gestão e alocação de recursos de ti-,pj/autônomo,0,0,0,0
,,,analista,ensino superior completo,básico,,ti - projetos-,"pj/autônomo, clt full",0,0,0,0
,,,sênior,ensino superior completo,avançado,,ti - projetos-,hunting,0,0,0,0
,,,pleno,ensino técnico completo,nenhum,,gestão e alocação de recursos de ti-,pj/autônomo,0,0,0,0
,,,pleno,ensino superior completo,avançado,,novos negócios e parcerias-,pj/autônomo,0,0,0,0
,,,analista,ensino médio completo,nenhum,,administrativa-financeira/controladoria-,clt full,0,0,0,0
,,,analista,ensino superior completo,básico,,ti - projetos-,"pj/autônomo, clt full",0,0,0,0
,,,sênior,ensino superior completo,fluente,,ti - projetos-,hunting,0,0,0,0
,,,sênior,ensino superior completo,básico,,ti - projetos-,pj/autônomo,0,0,0,0
,,,pleno,ensino técnico completo,nenhum,,gestão e alocação de recursos de ti-,pj/autônomo,0,0,0,0
,,,pleno,ensino técnico completo,nenhum,,gestão e alocação de recursos de ti-,pj/autônomo,0,0,0,0
,,,analista,ensino superior completo,fluente,,ti - sap-,hunting,0,0,0,0
,,,analista,ensino superior completo,básico,,ti - projetos-,"clt full, pj/autônomo",0,0,0,0
,pós graduação completo,,sênior,ensino superior completo,intermediário,,ti - desenvolvimento/mobile-,,0,0,0,0
,ensino superior completo,intermediário,sênior,ensino médio completo,nenhum,,financeira/controladoria-,cooperado,0,0,0,0
,pós graduação cursando,intermediário,especialista,ensino superior completo,fluente,"relacionamento técnico, ti - arquitetura, ti - banco de dados, ti - governança, ti - infraestrutura, ti - processos e negócios, ti - projetos, ti - qualidade/testes, ti - segurança da informação, ti - sistemas e ferramentas, ti - suporte",ti - projetos-,pj/autônomo,0,0,0,0
,,,analista,ensino superior completo,intermediário,,ti - desenvolvimento/programação-,clt full,0,0,0,0
,,,analista,ensino superior completo,básico,,ti - projetos-,"clt full, pj/autônomo",0,0,0,0
,,,analista,ensino superior completo,intermediário,,ti - projetos-,clt full,0,0,0,0
,,,sênior,ensino superior completo,nenhum,,gestão e alocação de recursos de ti-ti - sap-,pj/autônomo,0,0,0,0
,,,analista,ensino superior completo,básico,,ti - sap-,clt full,0,0,0,0
,,,pleno,ensino superior completo,intermediário,,ti - desenvolvimento/programação-,hunting,0,0,0,0
,ensino superior cursando,básico,analista,ensino superior completo,básico,"ti - arquitetura, ti - qualidade/testes",ti - projetos-,clt full,0,0,1,0
,ensino superior completo,intermediário,analista,ensino superior completo,básico,"ti - desenvolvimento/programação, ti - sap",ti - sap-,pj/autônomo,0,1,0,0
,ensino superior completo,intermediário,sênior,ensino superior completo,avançado,ti - banco de dados,ti - projetos-,pj/autônomo,0,1,0,0
,,,sênior,ensino superior completo,avançado,,gestão e alocação de recursos de ti-,cooperado,0,0,0,0
,,,analista,ensino superior completo,intermediário,,ti - projetos-,clt full,0,0,0,0
,,,sênior,ensino superior completo,fluente,,ti - projetos-,estagiário,0,0,0,0
,,,analista,ensino superior completo,básico,,ti - desenvolvimento/programação-,clt full,0,0,0,0
,pós graduação completo,básico,sênior,ensino superior completo,fluente,"gestão e alocação de recursos de ti, ti - governança, ti - projetos",ti - processos e negócios-,pj/autônomo,0,0,0,0
,,,analista,ensino superior completo,básico,,ti - suporte-,clt full,0,0,0,0
,,,sênior,ensino superior completo,nenhum,,ti - projetos-,hunting,0,0,0,0
,,,analista,ensino superior completo,intermediário,,ti - projetos-,"clt full, pj/autônomo",0,0,0,0
,,,sênior,ensino superior completo,básico,,ti - sap-,hunting,0,0,0,0
,,,analista,ensino superior completo,básico,,ti - projetos-,pj/autônomo,0,0,0,0
,,,analista,ensino superior completo,básico,,ti - projetos-,"clt full, pj/autônomo",0,0,0,0
,,,sênior,ensino superior completo,avançado,,ti - projetos-,pj/autônomo,0,0,0,0
,,,analista,ensino superior completo,básico,,ti - projetos-,"pj/autônomo, clt full",0,0,0,0
,,,analista,ensino superior completo,básico,,ti - projetos-,"clt full, pj/autônomo",0,0,0,0
,,,especialista,ensino superior completo,nenhum,,ti - sap-,clt cotas,0,0,0,0
,,,pleno,ensino superior completo,básico,,ti - projetos-,"clt full, pj/autônomo",0,0,0,0
,,,sênior,ensino superior completo,básico,,ti - sap-,pj/autônomo,0,0,0,0
,,,júnior,ensino superior completo,fluente,,gestão e alocação de recursos de ti-,clt full,0,0,0,0
,,,sênior,ensino superior completo,intermediário,,ti - sistemas e ferramentas-,,0,0,0,0
,,,aprendiz,ensino superior completo,básico,,ti - projetos-,"clt full, pj/autônomo",0,0,0,0
,,,sênior,ensino médio completo,intermediário,,ti - projetos-,hunting,0,0,0,0
,,,analista,ensino superior completo,avançado,,ti - projetos-,clt cotas,0,0,0,0
,mestrado incompleto,intermediário,pleno,ensino médio completo,avançado,ti - sap,gestão e alocação de recursos de ti-,pj/autônomo,0,0,0,0
,,,pleno,ensino superior completo,básico,,ti - desenvolvimento/programação-,clt cotas,0,0,0,0
,,,sênior,ensino médio completo,nenhum,,ti - projetos-,pj/autônomo,0,0,0,0
,,,analista,ensino superior completo,avançado,,ti - sap-,pj/autônomo,0,0,0,0
,,,sênior,ensino superior completo,fluente,,ti - projetos-,pj/autônomo,0,0,0,0
,,,analista,ensino superior completo,básico,,ti - projetos-,"clt full, pj/autônomo",0,0,0,0
,,,sênior,ensino superior completo,fluente,,ti - projetos-,pj/autônomo,0,0,0,0
,,,sênior,ensino superior completo,intermediário,,ti - sistemas e ferramentas-,pj/autônomo,0,0,0,0
,pós graduação completo,básico,sênior,ensino superior completo,básico,ti - projetos,ti - sap-,pj/autônomo,0,0,1,0
,,,sênior,ensino superior completo,fluente,,ti - sap-,pj/autônomo,0,0,0,0
,,,sênior,ensino superior completo,avançado,,ti - sap-,pj/autônomo,0,0,0,0
,,,sênior,ensino superior completo,avançado,,ti - projetos-,pj/autônomo,0,0,0,0
,ensino superior cursando,básico,analista,ensino superior completo,básico,financeira/controladoria,ti - projetos-,"clt full, pj/autônomo",0,0,1,0
,,,analista,ensino superior completo,básico,,ti - projetos-,pj/autônomo,0,0,0,0
,,,pleno,ensino superior completo,nenhum,,ti - projetos-,pj/autônomo,0,0,0,0
,,,sênior,ensino médio completo,fluente,,ti - sap-,cooperado,0,0,0,0
,,,sênior,ensino superior completo,avançado,,ti - infraestrutura-,clt full,0,0,0,0
,pós graduação incompleto,básico,pleno,ensino superior completo,nenhum,"ti - banco de dados, ti - desenvolvimento/programação",ti - desenvolvimento/programação-,cooperado,0,0,0,0
,ensino superior cursando,básico,pleno,ensino superior completo,avançado,"ti - governança, ti - processos e negócios, ti - projetos, ti - qualidade/testes",ti - projetos-,"clt full, pj/autônomo",0,0,0,0
,,,sênior,ensino superior completo,fluente,,ti - projetos-,pj/autônomo,0,0,0,0
,,,pleno,ensino médio completo,avançado,,gestão e alocação de recursos de ti-,pj/autônomo,0,0,0,0
,,,analista,ensino superior completo,básico,,ti - projetos-,"clt full, pj/autônomo",0,0,0,0
,,,sênior,ensino superior completo,básico,,ti - sap-,"clt full, pj/autônomo",0,0,0,0
,,,pleno,ensino técnico completo,nenhum,,gestão e alocação de recursos de ti-,pj/autônomo,0,0,0,0
,,,sênior,ensino superior completo,nenhum,,ti - desenvolvimento/programação-,clt full,0,0,0,0
,,,pleno,ensino técnico completo,nenhum,,gestão e alocação de recursos de ti-,pj/autônomo,0,0,0,0
,,,analista,ensino superior completo,básico,,ti - sap-,pj/autônomo,0,0,0,0
,,,analista,ensino superior completo,básico,,ti - sap-,pj/autônomo,0,0,0,0
,ensino superior completo,básico,sênior,ensino superior completo,intermediário,"ti - arquitetura, ti - banco de dados, ti - desenvolvimento/programação, ti - projetos",ti - desenvolvimento/programação-,,0,1,0,0
,,,sênior,ensino superior completo,intermediário,,ti - desenvolvimento/programação-,,0,0,0,0
,pós graduação cursando,intermediário,pleno,ensino superior completo,avançado,"relacionamento técnico, ti - arquitetura, ti - banco de dados, ti - governança, ti - infraestrutura, ti - processos e negócios, ti - projetos, ti - qualidade/testes, ti - segurança da informação, ti - sistemas e ferramentas, ti - suporte",ti - projetos-,hunting,0,0,0,0
,,,analista,ensino superior completo,básico,,ti - desenvolvimento/programação-,hunting,0,0,0,0
,ensino superior completo,nenhum,analista,ensino superior completo,básico,administrativa,administrativa-,clt full,0,1,0,0
,ensino superior completo,básico,júnior,ensino superior completo,básico,ti - sap,ti - sap-,clt full,0,1,1,0
,,,sênior,ensino técnico completo,nenhum,,financeira/controladoria-,clt cotas,0,0,0,0
,ensino superior incompleto,nenhum,especialista,ensino superior completo,intermediário,ti - suporte,ti - sap-,pj/autônomo,0,0,0,0
,,,especialista,ensino superior completo,nenhum,,ti - arquitetura-,"clt full, clt cotas, pj/autônomo",0,0,0,0
,,,analista,ensino superior completo,avançado,,ti - sap-,pj/autônomo,0,0,0,0
,,,sênior,ensino superior completo,intermediário,,ti - sap-,hunting,0,0,0,0
,,,pleno,ensino superior completo,avançado,,ti - sap-,pj/autônomo,0,0,0,0
,pós graduação completo,intermediário,sênior,ensino superior completo,nenhum,"ti - arquitetura, ti - banco de dados, ti - desenvolvimento/design, ti - desenvolvimento/mobile, ti - desenvolvimento/programação, ti - governança, ti - processos e negócios, ti - projetos, ti - sap, ti - sistemas e ferramentas, ti - suporte, ti - ux",ti - sap-,hunting,0,0,0,0
,pós graduação completo,fluente,sênior,ensino superior completo,intermediário,"administrativa, comercial, gestão e alocação de recursos de ti, marketing, novos negócios e parcerias, qualidade corporativa, ti - governança, ti - projetos",ti - projetos-,pj/autônomo,0,0,0,0
,,,analista,ensino superior completo,básico,,ti - sistemas e ferramentas-,clt full,0,0,0,0
,pós graduação cursando,intermediário,sênior,ensino médio completo,avançado,"ti - arquitetura, ti - banco de dados, ti - desenvolvimento/design, ti - desenvolvimento/mobile, ti - desenvolvimento/programação, ti - governança, ti - processos e negócios, ti - projetos, ti - qualidade/testes, ti - sistemas e ferramentas, ti - telecom",ti - projetos-,pj/autônomo,0,0,0,0
,,,pleno,ensino superior completo,intermediário,,marketing-,clt full,0,0,0,0
,,,pleno,ensino médio completo,nenhum,,qualidade corporativa-,clt full,0,0,0,0
,,,sênior,ensino superior completo,nenhum,,ti - sistemas e ferramentas-,clt full,0,0,0,0
,ensino superior cursando,intermediário,analista,ensino superior completo,básico,ti - sistemas e ferramentas,ti - desenvolvimento/programação-,clt full,0,0,0,0
,,,sênior,ensino superior completo,avançado,,ti - sap-,pj/autônomo,0,0,0,0
,ensino superior incompleto,intermediário,sênior,ensino superior completo,nenhum,ti - infraestrutura,ti - sistemas e ferramentas-,pj/autônomo,0,0,0,0
,,,analista,ensino superior completo,básico,,ti - desenvolvimento/programação-,clt full,0,0,0,0
,,,analista,ensino superior completo,básico,,ti - projetos-,"pj/autônomo, clt full",0,0,0,0
,ensino superior completo,,sênior,ensino superior completo,fluente,,ti - sap-,pj/autônomo,0,1,0,0
,,,pleno,ensino superior completo,fluente,,ti - sap-,clt full,0,0,0,0
,,,analista,ensino superior completo,intermediário,,ti - projetos-,"clt full, pj/autônomo",0,0,0,0
,,,analista,ensino superior completo,básico,,ti - sap-,pj/autônomo,0,0,0,0
,,,analista,ensino médio completo,nenhum,,ti - sistemas e ferramentas-,cooperado,0,0,0,0
,pós graduação completo,avançado,analista,ensino superior completo,avançado,ti - segurança da informação,ti - projetos-,hunting,0,0,1,0
,,,analista,ensino superior completo,intermediário,,recursos humanos-,clt cotas,0,0,0,0
,ensino superior completo,,analista,ensino superior completo,básico,"ti - desenvolvimento/programação, ti - infraestrutura, ti - telecom",ti - projetos-,clt full,0,1,0,0
,,,analista,ensino superior completo,básico,,ti - sap-,"pj/autônomo, clt full",0,0,0,0
,,,sênior,ensino superior completo,fluente,,novos negócios e parcerias-,hunting,0,0,0,0
,,,pleno,pós graduação completo,básico,,ti - desenvolvimento/design-,,0,0,0,0
,,,pleno,ensino técnico completo,nenhum,,gestão e alocação de recursos de ti-,pj/autônomo,0,0,0,0
,pós graduação completo,básico,analista,ensino superior completo,básico,ti - segurança da informação,ti - projetos-,pj/autônomo,0,0,1,0
,pós graduação completo,básico,sênior,ensino superior completo,avançado,ti - sap,ti - sap-,hunting,0,0,0,0
,,,analista,ensino superior completo,básico,,ti - projetos-,"cooperado, pj/autônomo",0,0,0,0
,,,pleno,ensino superior completo,básico,,ti - projetos-,"pj/autônomo, cooperado",0,0,0,0
,,,analista,ensino superior completo,básico,,ti - projetos-,"pj/autônomo, clt full",0,0,0,0
,,,pleno,ensino superior completo,intermediário,,ti - projetos-,clt full,0,0,0,0
,ensino superior completo,intermediário,sênior,ensino superior completo,avançado,ti - desenvolvimento/programação,ti - sap-,clt full,0,1,0,0
sênior,,,pleno,ensino técnico completo,nenhum,,gestão e alocação de recursos de ti-,pj/autônomo,0,0,0,0
,,,pleno,ensino superior completo,nenhum,,ti - projetos-,pj/autônomo,0,0,0,0
,mestrado completo,avançado,analista,ensino superior completo,intermediário,ti - ux,ti - projetos-,"clt full, pj/autônomo",0,0,0,0
,ensino superior cursando,básico,sênior,ensino superior completo,intermediário,"ti - projetos, ti - sap, ti - suporte",ti - sap-,clt full,0,0,0,0
,,,sênior,ensino superior completo,avançado,,ti - sap-,hunting,0,0,0,0
,,,sênior,pós graduação completo,fluente,,ti - sap-,clt full,0,0,0,0
,,,analista,ensino superior completo,básico,,ti - projetos-,"cooperado, pj/autônomo",0,0,0,0
,ensino superior completo,básico,analista,ensino superior completo,básico,recursos humanos,ti - projetos-,"pj/autônomo, clt full",0,1,1,0
,,,sênior,ensino médio completo,nenhum,,ti - projetos-,cooperado,0,0,0,0
,,,sênior,ensino superior completo,intermediário,,ti - projetos-,"pj/autônomo, cooperado",0,0,0,0
,,,pleno,ensino superior completo,nenhum,,ti - sistemas e ferramentas-,clt full,0,0,0,0
,,,sênior,ensino superior completo,avançado,,ti - projetos-,pj/autônomo,0,0,0,0
,ensino superior completo,avançado,analista,ensino superior completo,básico,ti - desenvolvimento/programação,ti - desenvolvimento/programação-,hunting,0,1,0,0
,,,analista,ensino superior completo,básico,,ti - projetos-,clt full,0,0,0,0
,,,sênior,ensino superior completo,avançado,,ti - projetos-,"clt full, pj/autônomo",0,0,0,0
,pós graduação completo,básico,analista,ensino superior completo,básico,recursos humanos,ti - projetos-,"pj/autônomo, clt full",0,0,1,0
,,,sênior,ensino superior completo,fluente,,ti - projetos-,pj/autônomo,0,0,0,0
,,,sênior,ensino superior completo,avançado,,ti - projetos-,hunting,0,0,0,0
,,,sênior,ensino superior completo,avançado,,ti - sap-,pj/autônomo,0,0,0,0
,,,analista,ensino superior completo,básico,,ti - projetos-,"clt full, pj/autônomo",0,0,0,0
,ensino superior completo,,pleno,ensino médio completo,avançado,,gestão e alocação de recursos de ti-,pj/autônomo,0,0,0,0
,,,analista,ensino superior completo,básico,,ti - projetos-,"pj/autônomo, clt full",0,0,0,0
,ensino superior completo,,sênior,ensino superior completo,fluente,,ti - sap-,hunting,0,1,0,0
,,,júnior,ensino superior completo,intermediário,,ti - desenvolvimento/programação-,clt full,0,0,0,0
,pós graduação completo,intermediário,pleno,ensino superior completo,básico,"qualidade corporativa, relacionamento técnico, ti - arquitetura, ti - banco de dados, ti - desenvolvimento/programação, ti - governança, ti - processos e negócios, ti - projetos, ti - qualidade/testes, ti - sistemas e ferramentas, ti - suporte",ti - projetos-,clt full,0,0,0,0
,ensino superior completo,básico,sênior,ensino superior completo,avançado,ti - processos e negócios,ti - projetos-,pj/autônomo,0,1,0,0
,,,pleno,ensino técnico completo,avançado,,gestão e alocação de recursos de ti-ti - segurança da informação-,hunting,0,0,0,0
,,,especialista,pós graduação cursando,básico,,ti - projetos-,"pj/autônomo, clt full",0,0,0,0
,,,pleno,ensino médio completo,nenhum,,ti - sap-,pj/autônomo,0,0,0,0
,,,pleno,ensino superior completo,nenhum,,ti - projetos-,pj/autônomo,0,0,0,0
,,,sênior,ensino técnico completo,básico,,ti - sap-,pj/autônomo,0,0,0,0
,,,analista,ensino superior completo,básico,,ti - desenvolvimento/programação-,clt full,0,0,0,0
,,,sênior,ensino superior completo,avançado,,ti - projetos-,pj/autônomo,0,0,0,0
,,,sênior,ensino superior completo,nenhum,,ti - projetos-,pj/autônomo,0,0,0,0
,pós graduação cursando,avançado,especialista,ensino superior completo,avançado,ti - sap,ti - sap-,pj/autônomo,0,0,1,0
,ensino superior completo,básico,sênior,ensino médio completo,técnico,ti - projetos,gestão e alocação de recursos de ti-,pj/autônomo,0,0,0,0
,,,analista,ensino superior completo,básico,,ti - projetos-,"pj/autônomo, clt full",0,0,0,0
,pós graduação cursando,avançado,sênior,ensino superior completo,nenhum,"qualidade corporativa, ti - governança, ti - processos e negócios, ti - projetos",ti - desenvolvimento/programação-,"clt full, clt cotas, cooperado, pj/autônomo",0,0,0,0
,,,analista,ensino superior completo,básico,,ti - projetos-,pj/autônomo,0,0,0,0
,,,analista,ensino superior completo,básico,,administrativa-,"pj/autônomo, clt full",0,0,0,0
,,,pleno,ensino superior incompleto,intermediário,,ti - infraestrutura-,pj/autônomo,0,0,0,0
,,,pleno,ensino médio completo,avançado,,ti - projetos-,pj/autônomo,0,0,0,0
,,,sênior,ensino superior completo,avançado,,ti - sap-,clt full,0,0,0,0
,ensino técnico completo,avançado,analista,ensino superior completo,avançado,ti - sap,ti - sap-,clt cotas,0,0,1,0
,,,sênior,ensino superior completo,nenhum,,ti - desenvolvimento/programação-,pj/autônomo,0,0,0,0
,pós graduação completo,avançado,sênior,ensino superior completo,avançado,"ti - processos e negócios, ti - projetos",ti - projetos-,pj/autônomo,0,0,1,0
,,,analista,ensino superior completo,básico,,ti - desenvolvimento/programação-,clt full,0,0,0,0
,ensino superior completo,intermediário,analista,ensino superior completo,nenhum,financeira/controladoria,financeira/controladoria-,cooperado,0,1,0,0
,,intermediário,analista,ensino superior completo,básico,ti - desenvolvimento/programação,ti - sap-,pj/autônomo,0,0,0,0
,,,sênior,ensino superior completo,fluente,,ti - projetos-,hunting,0,0,0,0
,,,sênior,ensino técnico completo,nenhum,,ti - segurança da informação-,clt full,0,0,0,0
,,,pleno,ensino médio completo,avançado,,gestão e alocação de recursos de ti-,pj/autônomo,0,0,0,0
,,,sênior,ensino médio completo,nenhum,,financeira/controladoria-,cooperado,0,0,0,0
,,,sênior,ensino médio completo,nenhum,,administrativa-,pj/autônomo,0,0,0,0
,,,analista,ensino superior completo,básico,,administrativa-,clt full,0,0,0,0
,,,sênior,ensino médio completo,nenhum,,administrativa-,cooperado,0,0,0,0
,,,analista,ensino superior completo,básico,,ti - projetos-,"pj/autônomo, cooperado",0,0,0,0
,ensino superior completo,intermediário,pleno,ensino técnico completo,nenhum,relacionamento técnico,gestão e alocação de recursos de ti-,pj/autônomo,0,0,0,0
,pós graduação completo,intermediário,analista,ensino superior completo,básico,ti - projetos,ti - projetos-,"clt full, pj/autônomo",0,0,0,0
,,,pleno,ensino técnico completo,nenhum,,gestão e alocação de recursos de ti-,pj/autônomo,0,0,0,0
,,,analista,ensino superior completo,avançado,,ti - sap-,hunting,0,0,0,0
,,,sênior,ensino superior completo,nenhum,,ti - arquitetura-,pj/autônomo,0,0,0,0
,ensino superior incompleto,básico,analista,ensino superior completo,básico,ti - desenvolvimento/programação,ti - desenvolvimento/programação-,hunting,0,0,1,0
,pós graduação completo,avançado,sênior,ensino superior completo,básico,ti - desenvolvimento/programação,ti - projetos-,"pj/autônomo, clt cotas",0,0,0,0
,,,analista,ensino superior completo,básico,,ti - sap-,"pj/autônomo, clt full",0,0,0,0
,ensino superior completo,avançado,pleno,ensino técnico completo,nenhum,ti - projetos,gestão e alocação de recursos de ti-,pj/autônomo,0,0,0,0
,,,sênior,ensino superior completo,fluente,,ti - projetos-,pj/autônomo,0,0,0,0
,,,sênior,ensino superior completo,nenhum,,gestão e alocação de recursos de ti-,clt full,0,0,0,0
,ensino superior completo,avançado,sênior,ensino superior completo,avançado,ti - arquitetura,ti - projetos-,pj/autônomo,0,1,1,0
,doutorado completo,fluente,sênior,ensino superior incompleto,avançado,jurídica,ti - projetos-,hunting,0,0,0,0
,,,analista,ensino superior completo,básico,,ti - projetos-,clt full,0,0,0,0
,,,analista,ensino superior completo,básico,,ti - projetos-,"pj/autônomo, clt full",0,0,0,0
,pós graduação completo,,analista,ensino superior cursando,intermediário,,ti - sap-,clt full,0,0,0,0
,,,analista,ensino superior completo,básico,,ti - projetos-,"pj/autônomo, clt full",0,0,0,0
,,,sênior,ensino médio completo,nenhum,,financeira/controladoria-ti - projetos-,cooperado,0,0,0,0
,,,líder,ensino superior completo,avançado,,ti - projetos-,pj/autônomo,0,0,0,0
,,,pleno,ensino técnico completo,nenhum,,recursos humanos-,clt full,0,0,0,0
,,,especialista,ensino superior completo,avançado,,ti - sap-,"clt full, pj/autônomo",0,0,0,0
,ensino superior completo,,analista,ensino superior completo,básico,,ti - sap-,pj/autônomo,0,1,0,0
,,,analista,ensino superior completo,básico,,ti - projetos-,"clt full, pj/autônomo",0,0,0,0
,,,júnior,ensino superior completo,básico,,ti - sap-,clt full,0,0,0,0
,,,pleno,ensino superior completo,nenhum,,ti - desenvolvimento/programação-,pj/autônomo,0,0,0,0
,,,pleno,ensino superior completo,nenhum,,gestão e alocação de recursos de ti-ti - infraestrutura-,pj/autônomo,0,0,0,0
,ensino técnico completo,básico,sênior,ensino superior completo,nenhum,ti - sap,ti - sap-,hunting,0,0,0,0
,,,analista,ensino superior completo,básico,,ti - projetos-,"clt full, pj/autônomo",0,0,0,0
,,,pleno,ensino técnico completo,nenhum,,gestão e alocação de recursos de ti-,pj/autônomo,0,0,0,0
,,,analista,ensino superior completo,avançado,,ti - sap-,pj/autônomo,0,0,0,0
,ensino superior completo,básico,pleno,ensino técnico completo,nenhum,ti - qualidade/testes,administrativa-,cooperado,0,0,0,0
,,,sênior,ensino superior completo,nenhum,,ti - banco de dados-ti - projetos-,"pj/autônomo, cooperado",0,0,0,0
,,,analista,ensino superior completo,básico,,ti - projetos-,"pj/autônomo, clt full",0,0,0,0
,pós graduação completo,avançado,analista,ensino superior completo,básico,"ti - governança, ti - processos e negócios, ti - projetos, ti - sap",ti - sap-,clt cotas,0,0,0,0
,,,sênior,ensino médio completo,fluente,,administrativa-,hunting,0,0,0,0
,,,sênior,ensino superior completo,intermediário,,ti - projetos-,hunting,0,0,0,0
,,,sênior,ensino superior completo,básico,,ti - projetos-,"clt full, pj/autônomo",0,0,0,0
,ensino superior completo,fluente,pleno,ensino técnico completo,nenhum,ti - sap,gestão e alocação de recursos de ti-,pj/autônomo,0,0,0,0
,,,pleno,ensino técnico completo,nenhum,,gestão e alocação de recursos de ti-ti - sap-,pj/autônomo,0,0,0,0
,,,júnior,ensino fundamental completo,nenhum,,administrativa-,cooperado,0,0,0,0
,mestrado incompleto,avançado,sênior,ensino superior completo,fluente,"ti - desenvolvimento/programação, ti - governança, ti - infraestrutura, ti - processos e negócios, ti - projetos, ti - qualidade/testes, ti - sap",gestão e alocação de recursos de ti-,pj/autônomo,0,0,0,0
,,,analista,ensino superior completo,avançado,,ti - sap-,pj/autônomo,0,0,0,0
,,,sênior,ensino superior completo,básico,,ti - projetos-,"cooperado, pj/autônomo",0,0,0,0
,,,pleno,ensino técnico completo,nenhum,,gestão e alocação de recursos de ti-,pj/autônomo,0,0,0,0
,,,sênior,ensino superior completo,avançado,,ti - desenvolvimento/programação-,pj/autônomo,0,0,0,0
,ensino superior completo,,líder,ensino superior completo,fluente,,ti - sistemas e ferramentas-,pj/autônomo,0,1,0,0
,,,pleno,ensino técnico completo,nenhum,,gestão e alocação de recursos de ti-,pj/autônomo,0,0,0,0
,,,pleno,ensino superior completo,intermediário,,ti - projetos-,hunting,0,0,0,0
,ensino superior completo,avançado,analista,ensino superior completo,básico,administrativa,administrativa-,clt full,0,1,0,0
,,,analista,ensino superior completo,básico,,ti - projetos-,"clt full, pj/autônomo",0,0,0,0
,,,pleno,ensino superior completo,técnico,,ti - suporte-,hunting,0,0,0,0
,pós graduação completo,avançado,sênior,ensino superior completo,nenhum,financeira/controladoria,ti - projetos-,clt full,0,0,0,0
,,,sênior,ensino médio completo,nenhum,,financeira/controladoria-,hunting,0,0,0,0
,,,analista,ensino superior completo,básico,,ti - sap-,pj/autônomo,0,0,0,0
,,,sênior,ensino superior completo,básico,,ti - projetos-,"cooperado, pj/autônomo",0,0,0,0
,pós graduação incompleto,intermediário,sênior,ensino superior completo,avançado,"ti - desenvolvimento/design, ti - ux",ti - projetos-,hunting,0,0,0,0
,,,analista,ensino superior completo,básico,,ti - sap-,pj/autônomo,0,0,0,0
,,,sênior,ensino superior completo,intermediário,,ti - projetos-,clt full,0,0,0,0
,,,sênior,ensino superior completo,fluente,,ti - projetos-,pj/autônomo,0,0,0,0
,pós graduação completo,avançado,sênior,ensino médio completo,avançado,financeira/controladoria,ti - sap-,pj/autônomo,0,0,1,0
,ensino superior completo,,especialista,ensino superior completo,básico,,ti - sap-,pj/autônomo,0,1,0,0
,,,analista,ensino superior cursando,básico,,ti - desenvolvimento/programação-,clt full,0,0,0,0
,,,pleno,ensino superior completo,avançado,,gestão e alocação de recursos de ti-,hunting,0,0,0,0
,ensino superior completo,avançado,sênior,ensino médio completo,nenhum,ti - sap,gestão e alocação de recursos de ti-,cooperado,0,0,0,0
,,,sênior,ensino médio completo,avançado,,gestão e alocação de recursos de ti-,pj/autônomo,0,0,0,0
,,,assistente,ensino superior incompleto,básico,,administrativa-,clt full,0,0,0,0
,pós graduação cursando,avançado,analista,ensino superior completo,básico,jurídica,administrativa-,clt full,0,0,0,0
,ensino superior cursando,intermediário,sênior,ensino superior cursando,intermediário,ti - sap,ti - sap-,,0,1,1,0
,ensino superior completo,intermediário,pleno,ensino técnico completo,nenhum,ti - infraestrutura,gestão e alocação de recursos de ti-,pj/autônomo,0,0,0,0
,,,analista,ensino superior completo,fluente,,ti - sap-,hunting,0,0,0,0
,,,analista,ensino superior completo,básico,,ti - sap-,"pj/autônomo, clt full",0,0,0,0
,ensino superior completo,básico,júnior,ensino médio completo,avançado,"administrativa, financeira/controladoria, ti - sap",gestão e alocação de recursos de ti-,pj/autônomo,0,0,0,0
,,,analista,ensino superior completo,básico,,ti - projetos-,"clt full, pj/autônomo",0,0,0,0
,ensino superior completo,básico,analista,ensino superior completo,básico,ti - banco de dados,ti - projetos-,"clt full, pj/autônomo",0,1,1,0
,ensino superior completo,intermediário,sênior,ensino superior completo,básico,ti - desenvolvimento/programação,ti - projetos-,clt full,0,1,0,0
,,,sênior,ensino superior completo,avançado,,ti - projetos-,pj/autônomo,0,0,0,0
,pós graduação completo,intermediário,júnior,ensino superior completo,básico,administrativa,ti - projetos-,"pj/autônomo, clt full",0,0,0,0
,,,analista,ensino superior completo,básico,,ti - projetos-,"clt full, pj/autônomo",0,0,0,0
,,,analista,ensino superior completo,fluente,,ti - sap-,pj/autônomo,0,0,0,0
,,,analista,ensino superior completo,nenhum,,administrativa-financeira/controladoria-,clt full,0,0,0,0
,ensino técnico cursando,avançado,analista,ensino superior completo,básico,ti - sap,ti - sap-,pj/autônomo,0,0,0,0
,,,analista,ensino superior completo,fluente,,ti - projetos-,pj/autônomo,0,0,0,0
,pós graduação cursando,fluente,sênior,ensino superior incompleto,avançado,"ti - projetos, ti - sap",ti - desenvolvimento/programação-,pj/autônomo,0,0,0,0
,,,sênior,ensino superior completo,nenhum,,ti - sistemas e ferramentas-,pj/autônomo,0,0,0,0
,,,sênior,ensino superior completo,nenhum,,ti - projetos-,cooperado,0,0,0,0
,,,analista,ensino superior completo,básico,,ti - projetos-,hunting,0,0,0,0
,,,analista,ensino superior completo,básico,,ti - sap-,"clt full, pj/autônomo",0,0,0,0
,,,analista,ensino superior completo,básico,,ti - desenvolvimento/programação-,clt full,0,0,0,0
,ensino superior completo,intermediário,sênior,ensino médio completo,avançado,ti - desenvolvimento/programação,gestão e alocação de recursos de ti-,pj/autônomo,0,0,0,0
,ensino superior completo,intermediário,coordenador,ensino médio completo,fluente,"gestão e alocação de recursos de ti, ti - arquitetura, ti - desenvolvimento/programação, ti - governança, ti - infraestrutura, ti - projetos, ti - qualidade/testes, ti - sistemas e ferramentas",financeira/controladoria-,cooperado,0,0,0,0
,,,analista,ensino superior completo,básico,,ti - projetos-,"pj/autônomo, clt full",0,0,0,0
,,,analista,ensino superior completo,básico,,administrativa-,clt full,0,0,0,0
,,,analista,ensino superior completo,básico,,ti - projetos-,"clt full, pj/autônomo",0,0,0,0
,,,sênior,ensino superior completo,fluente,,ti - desenvolvimento/programação-,clt full,0,0,0,0
,ensino superior completo,intermediário,pleno,ensino técnico completo,nenhum,ti - desenvolvimento/design,gestão e alocação de recursos de ti-,pj/autônomo,0,0,0,0
,,,sênior,ensino médio completo,nenhum,,ti - projetos-,cooperado,0,0,0,0
,,,pleno,ensino técnico completo,nenhum,,gestão e alocação de recursos de ti-,pj/autônomo,0,0,0,0
,,,analista,ensino superior completo,básico,,ti - projetos-,clt cotas,0,0,0,0
,ensino superior completo,avançado,analista,ensino superior completo,fluente,"ti - processos e negócios, ti - projetos, ti - qualidade/testes, ti - sistemas e ferramentas, ti - suporte",ti - projetos-,"pj/autônomo, clt full",0,1,0,0
,ensino médio completo,nenhum,assistente,ensino médio completo,nenhum,ti - projetos,ti - projetos-,clt full,0,1,1,0
,ensino superior completo,intermediário,sênior,ensino superior completo,intermediário,ti - desenvolvimento/programação,ti - desenvolvimento/programação-,,0,1,1,0
,,,sênior,ensino superior completo,avançado,,ti - projetos-,pj/autônomo,0,0,0,0
,,,sênior,ensino médio completo,avançado,,ti - desenvolvimento/programação-ti - processos e negócios-,pj/autônomo,0,0,0,0
,,,sênior,ensino médio completo,nenhum,,gestão e alocação de recursos de ti-,cooperado,0,0,0,0
,,,pleno,ensino superior completo,fluente,,ti - sap-,pj/autônomo,0,0,0,0
,,,analista,ensino superior completo,básico,,ti - projetos-,"cooperado, pj/autônomo",0,0,0,0
,,,analista,ensino superior completo,básico,,ti - projetos-,"clt full, pj/autônomo",0,0,0,0
,,,coordenador,ensino médio completo,fluente,,financeira/controladoria-,cooperado,0,0,0,0
,,,sênior,ensino superior completo,avançado,,ti - projetos-,pj/autônomo,0,0,0,0
,,,analista,ensino superior completo,básico,,ti - sap-,"clt cotas, cooperado, estagiário, pj/autônomo",0,0,0,0
,,,sênior,ensino superior completo,fluente,,ti - sap-,pj/autônomo,0,0,0,0
,,,pleno,ensino técnico completo,nenhum,,gestão e alocação de recursos de ti-,pj/autônomo,0,0,0,0
,,,pleno,ensino técnico completo,nenhum,,gestão e alocação de recursos de ti-,pj/autônomo,0,0,0,0
,,,analista,ensino superior completo,básico,,ti - projetos-,"clt full, pj/autônomo",0,0,0,0
,pós graduação cursando,básico,sênior,ensino médio completo,nenhum,ti - desenvolvimento/programação,ti - desenvolvimento/programação-,hunting,0,0,0,0
,,,sênior,ensino médio completo,fluente,,gestão e alocação de recursos de ti-,pj/autônomo,0,0,0,0
,,,sênior,ensino superior completo,fluente,,recursos humanos-,,0,0,0,0
,,,sênior,ensino superior completo,nenhum,,ti - sap-,clt full,0,0,0,0
,ensino superior completo,intermediário,analista,ensino superior completo,básico,jurídica,ti - projetos-,"clt full, pj/autônomo",0,1,0,0
,,,analista,ensino superior completo,básico,,ti - ux-,clt full,0,0,0,0
,,,sênior,ensino superior completo,fluente,,ti - desenvolvimento/programação-,clt cotas,0,0,0,0
,,,analista,ensino superior completo,fluente,,ti - projetos-,"pj/autônomo, clt full",0,0,0,0
,ensino superior completo,intermediário,analista,ensino superior completo,básico,"administrativa, ti - desenvolvimento/design, ti - desenvolvimento/programação, ti - sistemas e ferramentas, ti - suporte",ti - desenvolvimento/programação-,clt full,0,1,0,0
,,,analista,ensino superior completo,básico,,ti - projetos-,"clt full, pj/autônomo",0,0,0,0
,ensino técnico completo,intermediário,sênior,ensino superior completo,nenhum,ti - desenvolvimento/programação,ti - projetos-,pj/autônomo,0,0,0,0
,,,analista,ensino superior completo,básico,,ti - projetos-,pj/autônomo,0,0,0,0
,,,analista,ensino superior completo,avançado,,ti - projetos-,hunting,0,0,0,0
,,,sênior,ensino superior completo,fluente,,gestão e alocação de recursos de ti-ti - sap-,pj/autônomo,0,0,0,0
,pós graduação completo,avançado,sênior,ensino superior completo,fluente,"marketing, ti - desenvolvimento/design, ti - ux",ti - desenvolvimento/mobile-,clt full,0,0,0,0
,,,sênior,ensino superior completo,básico,,ti - sap-,pj/autônomo,0,0,0,0
,ensino superior completo,,analista,ensino superior completo,avançado,,ti - sap-,"pj/autônomo, clt full",0,1,0,0
,ensino superior completo,intermediário,analista,ensino superior completo,básico,ti - desenvolvimento/design,ti - projetos-,"pj/autônomo, clt full",0,1,0,0
,,,analista,ensino superior completo,intermediário,,ti - sap-,pj/autônomo,0,0,0,0
,pós graduação cursando,intermediário,analista,ensino superior completo,básico,ti - sap,ti - sap-,pj/autônomo,0,0,0,0
,,,pleno,ensino superior completo,intermediário,,ti - desenvolvimento/programação-,,0,0,0,0
,,,pleno,ensino superior completo,básico,,ti - projetos-,"clt full, clt cotas, pj/autônomo",0,0,0,0
,,,analista,ensino superior completo,fluente,,ti - sap-,"pj/autônomo, clt full",0,0,0,0
,,,pleno,ensino superior completo,fluente,,ti - desenvolvimento/programação-,clt full,0,0,0,0
,ensino superior completo,,analista,ensino superior completo,avançado,,ti - sap-,pj/autônomo,0,1,0,0
,,,analista,ensino superior completo,básico,,ti - projetos-,"clt full, pj/autônomo",0,0,0,0
,pós graduação completo,avançado,pleno,ensino superior completo,nenhum,ti - sap,ti - sap-,pj/autônomo,0,0,0,0
,ensino superior completo,avançado,especialista,ensino superior completo,avançado,ti - sistemas e ferramentas,ti - sistemas e ferramentas-,clt full,0,1,1,0
,,,pleno,ensino superior completo,intermediário,,ti - desenvolvimento/programação-,clt full,0,0,0,0
,,,analista,ensino superior completo,básico,,ti - desenvolvimento/programação-,clt full,0,0,0,0
,ensino superior cursando,intermediário,pleno,ensino técnico completo,nenhum,ti - sap,gestão e alocação de recursos de ti-,pj/autônomo,0,0,0,0
,,,analista,ensino superior completo,básico,,ti - projetos-,clt full,0,0,0,0
,,,sênior,ensino superior cursando,fluente,,ti - projetos-,pj/autônomo,0,0,0,0
,,,sênior,ensino superior completo,avançado,,ti - projetos-,pj/autônomo,0,0,0,0
,,,sênior,ensino superior completo,fluente,,ti - sistemas e ferramentas-,pj/autônomo,0,0,0,0
,,,sênior,ensino superior completo,básico,,ti - sap-,pj/autônomo,0,0,0,0
,,,analista,ensino superior completo,fluente,,ti - sap-,hunting,0,0,0,0
,,,pleno,ensino técnico completo,nenhum,,gestão e alocação de recursos de ti-,pj/autônomo,0,0,0,0
,,,sênior,ensino superior completo,básico,,ti - infraestrutura-,hunting,0,0,0,0
,,,analista,ensino superior completo,básico,,ti - sap-,clt cotas,0,0,0,0
,pós graduação completo,intermediário,sênior,ensino superior completo,nenhum,ti - sistemas e ferramentas,gestão e alocação de recursos de ti-,pj/autônomo,0,0,0,0
,,,sênior,ensino superior completo,básico,,ti - projetos-,hunting,0,0,0,0
,ensino superior incompleto,básico,especialista,ensino superior completo,básico,"ti - arquitetura, ti - desenvolvimento/programação, ti - sap",ti - sap-,pj/autônomo,0,0,1,0
,,,sênior,ensino superior completo,intermediário,,ti - desenvolvimento/programação-,,0,0,0,0
,,,sênior,ensino superior completo,nenhum,,ti - projetos-,clt cotas,0,0,0,0
,,,analista,ensino superior completo,básico,,ti - governança-,"clt full, pj/autônomo",0,0,0,0
,ensino superior completo,intermediário,sênior,ensino superior completo,intermediário,ti - desenvolvimento/programação,ti - desenvolvimento/design-,,0,1,1,0
,,,especialista,ensino superior completo,avançado,,ti - desenvolvimento/design-,clt full,0,0,0,0
,ensino superior completo,intermediário,sênior,ensino superior completo,nenhum,ti - sap,ti - sap-,pj/autônomo,0,1,0,0
,,,sênior,ensino superior completo,avançado,,ti - sap-,pj/autônomo,0,0,0,0
,,,sênior,ensino médio completo,avançado,,administrativa-,pj/autônomo,0,0,0,0
,pós graduação cursando,intermediário,sênior,ensino superior completo,nenhum,ti - banco de dados,gestão e alocação de recursos de ti-ti - sap-,pj/autônomo,0,0,0,0
,,,pleno,ensino superior completo,nenhum,,gestão e alocação de recursos de ti-ti - infraestrutura-,pj/autônomo,0,0,0,0
,,,pleno,ensino superior completo,intermediário,,ti - sistemas e ferramentas-,,0,0,0,0
,,,pleno,ensino superior completo,fluente,,ti - projetos-,hunting,0,0,0,0
,,,sênior,ensino superior completo,básico,,ti - projetos-,hunting,0,0,0,0
,,,pleno,ensino superior completo,fluente,,ti - sap-,pj/autônomo,0,0,0,0
,,,sênior,ensino médio completo,nenhum,,financeira/controladoria-ti - projetos-,cooperado,0,0,0,0
,,,sênior,ensino superior completo,fluente,,ti - sap-,hunting,0,0,0,0
,,,gerente,ensino superior completo,avançado,,ti - sap-,pj/autônomo,0,0,0,0
,,,analista,ensino superior completo,básico,,ti - projetos-,"clt full, pj/autônomo",0,0,0,0
,,,pleno,ensino técnico completo,nenhum,,gestão e alocação de recursos de ti-,pj/autônomo,0,0,0,0
,,,pleno,ensino superior cursando,avançado,,ti - desenvolvimento/design-,,0,0,0,0
,pós graduação completo,básico,analista,ensino superior completo,básico,"administrativa, recursos humanos",ti - projetos-,"clt full, pj/autônomo",0,0,1,0
,,,sênior,ensino médio completo,fluente,,financeira/controladoria-,cooperado,0,0,0,0
,,,pleno,ensino superior completo,básico,,ti - projetos-,hunting,0,0,0,0
,,,sênior,ensino superior completo,avançado,,ti - sap-,pj/autônomo,0,0,0,0
,,,sênior,ensino superior completo,nenhum,,ti - sap-,pj/autônomo,0,0,0,0
,,,analista,ensino superior completo,básico,,ti - sap-,pj/autônomo,0,0,0,0
,ensino superior completo,básico,pleno,ensino superior completo,básico,ti - desenvolvimento/programação,ti - projetos-,"clt full, pj/autônomo",0,1,1,0
,,,sênior,ensino superior completo,intermediário,,ti - desenvolvimento/programação-,,0,0,0,0
,,,sênior,ensino superior cursando,nenhum,,ti - desenvolvimento/programação-,,0,0,0,0
,ensino superior incompleto,fluente,sênior,ensino superior completo,fluente,ti - projetos,ti - desenvolvimento/programação-,hunting,0,0,1,0
,,,pleno,ensino superior completo,básico,,ti - projetos-,"clt full, pj/autônomo",0,0,0,0
,pós graduação completo,básico,analista,ensino superior completo,básico,ti - projetos,ti - projetos-,"clt full, pj/autônomo",0,0,1,0
,,,pleno,ensino técnico completo,nenhum,,ti - projetos-,clt full,0,0,0,0
,,,analista,ensino superior completo,básico,,ti - projetos-,"clt full, pj/autônomo",0,0,0,0
,,,pleno,ensino médio completo,avançado,,gestão e alocação de recursos de ti-,pj/autônomo,0,0,0,0
,,,analista,ensino superior completo,avançado,,ti - projetos-,"pj/autônomo, clt full",0,0,0,0
,ensino superior completo,básico,sênior,ensino médio completo,fluente,ti - processos e negócios,ti - projetos-,pj/autônomo,0,0,0,0
,,,júnior,ensino superior completo,intermediário,,ti - projetos-,pj/autônomo,0,0,0,0
,pós graduação completo,fluente,sênior,ensino superior completo,avançado,ti - projetos,ti - projetos-,cooperado,0,0,0,0
,,,júnior,ensino superior completo,básico,,ti - projetos-,"clt full, pj/autônomo",0,0,0,0
,,,sênior,ensino superior completo,fluente,,ti - desenvolvimento/programação-,pj/autônomo,0,0,0,0
,,,pleno,ensino técnico completo,nenhum,,gestão e alocação de recursos de ti-ti - sap-,pj/autônomo,0,0,0,0
,,,pleno,ensino superior cursando,nenhum,,ti - sap-,hunting,0,0,0,0
,,,sênior,ensino superior completo,básico,,ti - sap-,"pj/autônomo, cooperado",0,0,0,0
,,,analista,ensino superior completo,básico,,ti - projetos-,"pj/autônomo, clt full",0,0,0,0
,,,pleno,ensino superior completo,intermediário,,ti - desenvolvimento/programação-,,0,0,0,0
,,,analista,ensino superior completo,nenhum,,ti - desenvolvimento/programação-,cooperado,0,0,0,0
,,,analista,ensino superior completo,básico,,gestão e alocação de recursos de ti-,clt full,0,0,0,0
,,,analista,ensino superior completo,básico,,ti - projetos-,"pj/autônomo, clt full",0,0,0,0
,pós graduação completo,avançado,especialista,ensino superior completo,avançado,"ti - governança, ti - projetos",ti - projetos-,"pj/autônomo, clt full",0,0,1,0
,,,analista,ensino superior completo,básico,,ti - projetos-,"pj/autônomo, clt full",0,0,0,0
,,,pleno,ensino técnico completo,nenhum,,gestão e alocação de recursos de ti-,hunting,0,0,0,0
,ensino superior completo,fluente,sênior,ensino médio completo,avançado,ti - projetos,gestão e alocação de recursos de ti-,pj/autônomo,0,0,0,0
,,,analista,ensino superior completo,fluente,,ti - sap-,"pj/autônomo, clt cotas",0,0,0,0
,pós graduação completo,avançado,sênior,ensino superior completo,avançado,ti - sap,ti - sap-,pj/autônomo,0,0,1,0
,pós graduação completo,intermediário,sênior,ensino superior completo,básico,ti - desenvolvimento/programação,ti - projetos-,clt full,0,0,0,0
,,,analista,ensino superior completo,básico,,ti - projetos-,"pj/autônomo, clt full",0,0,0,0
,,,pleno,ensino superior completo,intermediário,,ti - desenvolvimento/programação-,,0,0,0,0
,,,sênior,ensino superior completo,básico,,ti - sap-,pj/autônomo,0,0,0,0
,pós graduação completo,avançado,analista,ensino superior completo,básico,administrativa,ti - projetos-,"pj/autônomo, clt full",0,0,0,0
,,,sênior,ensino superior completo,avançado,,ti - processos e negócios-,pj/autônomo,0,0,0,0
,,,pleno,ensino técnico completo,nenhum,,gestão e alocação de recursos de ti-,clt full,0,0,0,0
,,,sênior,ensino superior completo,intermediário,,ti - projetos-,"clt full, pj/autônomo",0,0,0,0
,,,pleno,ensino superior completo,básico,,ti - projetos-,"pj/autônomo, cooperado",0,0,0,0
,,,sênior,ensino superior completo,avançado,,ti - processos e negócios-,clt full,0,0,0,0
,pós graduação completo,fluente,júnior,ensino superior completo,avançado,"qualidade corporativa, ti - banco de dados, ti - processos e negócios, ti - projetos, ti - qualidade/testes, ti - sistemas e ferramentas, ti - suporte",ti - projetos-,hunting,0,0,0,0
,,,sênior,ensino superior incompleto,intermediário,,financeira/controladoria-,clt full,0,0,0,0
,,,analista,ensino superior completo,básico,,ti - projetos-,hunting,0,0,0,0
,,,pleno,ensino técnico completo,nenhum,,gestão e alocação de recursos de ti-,clt full,0,0,0,0
,,,pleno,ensino superior completo,avançado,,ti - projetos-,pj/autônomo,0,0,0,0
,,,analista,ensino superior completo,básico,,ti - projetos-,"pj/autônomo, clt full",0,0,0,0
,,,analista,ensino superior completo,básico,,ti - projetos-,"clt full, pj/autônomo",0,0,0,0
,,,sênior,ensino superior completo,intermediário,,ti - projetos-,pj/autônomo,0,0,0,0
,,,sênior,ensino técnico completo,nenhum,,ti - projetos-,pj/autônomo,0,0,0,0
,,,analista,ensino superior completo,básico,,ti - projetos-,"clt full, pj/autônomo",0,0,0,0
,,,analista,ensino superior completo,básico,,ti - projetos-,"clt full, pj/autônomo",0,0,0,0
,,,júnior,ensino médio completo,fluente,,gestão e alocação de recursos de ti-,cooperado,0,0,0,0
,,,sênior,ensino superior cursando,intermediário,,ti - sap-,,0,0,0,0
,mestrado completo,avançado,analista,ensino superior completo,básico,"ti - governança, ti - processos e negócios, ti - projetos",ti - projetos-,clt full,0,0,0,0
,ensino superior completo,intermediário,analista,ensino superior completo,básico,ti - projetos,ti - projetos-,"pj/autônomo, clt full",0,1,0,0
,,,especialista,ensino superior completo,fluente,,administrativa-,clt full,0,0,0,0
,pós graduação completo,avançado,pleno,ensino superior completo,básico,"ti - arquitetura, ti - desenvolvimento/mobile, ti - desenvolvimento/programação, ti - processos e negócios, ti - sistemas e ferramentas",ti - projetos-,"hunting, pj/autônomo, clt full",0,0,0,0
,,,analista,ensino superior completo,básico,,ti - projetos-,"clt full, pj/autônomo",0,0,0,0
,ensino fundamental completo,básico,sênior,ensino superior completo,intermediário,ti - projetos,ti - desenvolvimento/programação-,,0,0,0,0
,,,analista,ensino superior incompleto,básico,,ti - suporte-,hunting,0,0,0,0
,,,analista,ensino superior completo,básico,,ti - projetos-,"cooperado, pj/autônomo",0,0,0,0
,ensino superior completo,avançado,pleno,ensino técnico completo,fluente,ti - desenvolvimento/programação,gestão e alocação de recursos de ti-,pj/autônomo,0,0,0,0
,pós graduação completo,avançado,sênior,ensino superior completo,básico,"gestão e alocação de recursos de ti, ti - projetos, ti - sap",ti - sap-,pj/autônomo,0,0,0,0
,,,sênior,ensino superior completo,fluente,,ti - projetos-,pj/autônomo,0,0,0,0
,,,analista,ensino superior completo,básico,,ti - projetos-,"pj/autônomo, clt full",0,0,0,0
,,,analista,ensino superior completo,básico,,ti - sap-,"pj/autônomo, clt full",0,0,0,0
,,,pleno,ensino superior completo,avançado,,ti - projetos-,hunting,0,0,0,0
,,,analista,ensino superior completo,básico,,ti - projetos-,"clt full, pj/autônomo",0,0,0,0
,,,sênior,ensino superior completo,técnico,,ti - sap-,clt full,0,0,0,0
,,,pleno,ensino superior completo,básico,,ti - sap-,hunting,0,0,0,0
,,,sênior,ensino superior completo,avançado,,ti - projetos-,pj/autônomo,0,0,0,0
,ensino superior completo,intermediário,analista,ensino superior completo,básico,ti - projetos,ti - projetos-,"pj/autônomo, clt full",0,1,0,0
,ensino superior completo,básico,analista,ensino superior completo,básico,ti - desenvolvimento/programação,ti - desenvolvimento/programação-,clt full,0,1,1,0
,ensino superior completo,avançado,sênior,ensino superior completo,intermediário,ti - sap,ti - sap-,,0,1,0,0
,pós graduação completo,avançado,analista,ensino superior completo,fluente,"administrativa, financeira/controladoria, gestão e alocação de recursos de ti",ti - projetos-,"clt full, pj/autônomo",0,0,0,0
,,,sênior,ensino superior completo,avançado,,ti - desenvolvimento/programação-,clt full,0,0,0,0
,,,pleno,ensino superior completo,avançado,,ti - projetos-,cooperado,0,0,0,0
,,,sênior,ensino superior completo,nenhum,,ti - sistemas e ferramentas-,clt full,0,0,0,0
,,,sênior,ensino médio completo,avançado,,gestão e alocação de recursos de ti-,pj/autônomo,0,0,0,0
,,,analista,ensino superior completo,básico,,ti - projetos-,clt full,0,0,0,0
,,,sênior,ensino superior completo,nenhum,,ti - desenvolvimento/programação-,clt full,0,0,0,0
,,,analista,ensino superior completo,intermediário,,ti - projetos-,"clt full, pj/autônomo",0,0,0,0
,,,pleno,ensino técnico completo,nenhum,,gestão e alocação de recursos de ti-,hunting,0,0,0,0
,,,pleno,ensino superior completo,técnico,,ti - desenvolvimento/programação-,pj/autônomo,0,0,0,0
,,,pleno,ensino superior completo,básico,,ti - projetos-,clt full,0,0,0,0
,,,sênior,ensino superior completo,intermediário,,ti - sap-,"clt full, pj/autônomo",0,0,0,0
,,,sênior,ensino superior completo,básico,,ti - projetos-,"pj/autônomo, clt full",0,0,0,0
,ensino superior cursando,básico,analista,ensino superior completo,básico,ti - sistemas e ferramentas,ti - projetos-,"clt full, pj/autônomo",0,0,1,0
,,,analista,ensino superior completo,básico,,ti - sap-,pj/autônomo,0,0,0,0
,ensino superior cursando,intermediário,sênior,ensino médio completo,fluente,ti - desenvolvimento/programação,administrativa-,hunting,0,0,0,0
,ensino superior incompleto,básico,analista,ensino superior completo,básico,ti - desenvolvimento/programação,ti - desenvolvimento/programação-,clt full,0,0,1,0
,pós graduação completo,intermediário,sênior,ensino superior completo,intermediário,ti - arquitetura,ti - arquitetura-,,0,0,1,0
,,,sênior,ensino superior completo,fluente,,ti - sap-,"pj/autônomo, clt full",0,0,0,0
,,,sênior,ensino superior completo,intermediário,,ti - projetos-,"clt full, pj/autônomo",0,0,0,0
,ensino superior completo,intermediário,sênior,ensino médio completo,nenhum,ti - desenvolvimento/programação,gestão e alocação de recursos de ti-,cooperado,0,0,0,0
,ensino superior cursando,básico,analista,ensino superior completo,básico,"administrativa, ti - arquitetura, ti - banco de dados, ti - desenvolvimento/programação, ti - suporte",ti - projetos-,hunting,0,0,1,0
,,,especialista,ensino superior completo,básico,,ti - projetos-,"clt full, pj/autônomo",0,0,0,0
,ensino médio cursando,intermediário,analista,ensino superior completo,básico,ti - desenvolvimento/programação,ti - desenvolvimento/programação-,clt full,0,0,0,0
,,,sênior,ensino médio completo,avançado,,gestão e alocação de recursos de ti-,pj/autônomo,0,0,0,0
,,,sênior,ensino superior completo,avançado,,ti - projetos-,pj/autônomo,0,0,0,0
,,,pleno,ensino técnico completo,nenhum,,gestão e alocação de recursos de ti-,pj/autônomo,0,0,0,0
,,,sênior,ensino superior completo,avançado,,ti - sap-,pj/autônomo,0,0,0,0
,ensino superior completo,intermediário,analista,ensino superior completo,básico,"gestão e alocação de recursos de ti, ti - arquitetura, ti - desenvolvimento/programação, ti - governança, ti - infraestrutura, ti - projetos, ti - qualidade/testes, ti - sistemas e ferramentas",ti - projetos-,"pj/autônomo, clt full",0,1,0,0
,pós graduação completo,intermediário,pleno,ensino técnico completo,nenhum,"ti - banco de dados, ti - desenvolvimento/design, ti - desenvolvimento/mobile, ti - desenvolvimento/programação",gestão e alocação de recursos de ti-,pj/autônomo,0,0,0,0
,,,sênior,ensino superior completo,básico,,ti - sap-,pj/autônomo,0,0,0,0
,,,sênior,ensino médio completo,avançado,,gestão e alocação de recursos de ti-,pj/autônomo,0,0,0,0
,,,sênior,ensino superior completo,nenhum,,ti - sap-,pj/autônomo,0,0,0,0
,,,sênior,ensino superior completo,intermediário,,ti - projetos-,clt full,0,0,0,0
,ensino superior completo,avançado,analista,ensino superior completo,fluente,ti - projetos,ti - projetos-,"pj/autônomo, clt full",0,1,0,0
,,,analista,ensino superior completo,básico,,ti - projetos-,"clt full, pj/autônomo",0,0,0,0
,,,sênior,ensino superior completo,nenhum,,ti - sap-,pj/autônomo,0,0,0,0
,,,sênior,ensino superior completo,básico,,ti - projetos-,"cooperado, pj/autônomo",0,0,0,0
,,,sênior,ensino superior completo,nenhum,,ti - desenvolvimento/design-,,0,0,0,0
,pós graduação cursando,intermediário,analista,ensino superior completo,básico,administrativa,ti - projetos-,"pj/autônomo, clt full",0,0,0,0
,,,analista,ensino superior completo,avançado,,ti - projetos-,"clt full, pj/autônomo",0,0,0,0
,ensino superior completo,básico,sênior,ensino superior completo,intermediário,ti - sistemas e ferramentas,ti - desenvolvimento/programação-,hunting,0,1,0,0
,,,pleno,ensino superior completo,avançado,,ti - projetos-,pj/autônomo,0,0,0,0
,ensino superior completo,avançado,pleno,ensino técnico completo,nenhum,ti - desenvolvimento/programação,gestão e alocação de recursos de ti-,pj/autônomo,0,0,0,0
,,,sênior,ensino superior completo,nenhum,,ti - projetos-,hunting,0,0,0,0
,,,analista,ensino superior completo,básico,,administrativa-,clt full,0,0,0,0
,ensino superior incompleto,intermediário,analista,ensino superior completo,básico,financeira/controladoria,ti - projetos-,clt full,0,0,0,0
,,,sênior,ensino superior completo,nenhum,,ti - projetos-,hunting,0,0,0,0
,,,pleno,ensino técnico completo,nenhum,,gestão e alocação de recursos de ti-,pj/autônomo,0,0,0,0
,,,sênior,ensino superior completo,básico,,ti - sap-,pj/autônomo,0,0,0,0
,,,sênior,ensino médio completo,nenhum,,ti - projetos-,pj/autônomo,0,0,0,0
,,,analista,ensino superior completo,básico,,ti - sap-,"clt full, pj/autônomo",0,0,0,0
,,,sênior,ensino superior completo,fluente,,ti - desenvolvimento/programação-,clt full,0,0,0,0
,,,analista,ensino técnico completo,nenhum,,administrativa-,cooperado,0,0,0,0
,,,analista,ensino superior completo,básico,,ti - desenvolvimento/programação-,clt full,0,0,0,0
,,,analista,ensino superior completo,básico,,ti - sap-,pj/autônomo,0,0,0,0
,ensino superior completo,intermediário,analista,ensino superior completo,básico,"administrativa, comercial, financeira/controladoria, qualidade corporativa, recursos humanos",ti - projetos-,"pj/autônomo, clt full",0,1,0,0
,ensino superior completo,intermediário,pleno,ensino superior completo,fluente,ti - suporte,ti - sistemas e ferramentas-,,0,1,0,0
,,,sênior,ensino superior completo,avançado,,ti - desenvolvimento/design-,,0,0,0,0
,,,sênior,ensino médio completo,fluente,,administrativa-,hunting,0,0,0,0
,,,sênior,ensino superior completo,intermediário,,ti - desenvolvimento/programação-,,0,0,0,0
,,,analista,ensino superior completo,básico,,ti - sap-,"clt full, pj/autônomo",0,0,0,0
,ensino superior completo,,analista,ensino superior completo,avançado,,ti - desenvolvimento/design-,clt full,0,1,0,0
,,,gerente,ensino superior completo,avançado,,ti - projetos-,"pj/autônomo, cooperado",0,0,0,0
,,,analista,ensino superior completo,fluente,,ti - projetos-,hunting,0,0,0,0
,ensino superior cursando,avançado,sênior,ensino superior completo,avançado,ti - desenvolvimento/programação,ti - desenvolvimento/programação-,,0,0,1,0
,,,sênior,ensino superior completo,básico,,ti - sap-,"clt full, pj/autônomo",0,0,0,0
,ensino superior completo,básico,analista,ensino superior completo,básico,ti - desenvolvimento/design,ti - projetos-,"cooperado, pj/autônomo",0,1,1,0
,ensino superior cursando,avançado,analista,ensino superior completo,básico,ti - sap,ti - sap-,"clt cotas, pj/autônomo",0,0,0,0
,,,júnior,ensino médio completo,intermediário,,financeira/controladoria-,pj/autônomo,0,0,0,0
,,,pleno,ensino superior completo,avançado,,ti - projetos-,hunting,0,0,0,0
,,,sênior,ensino superior incompleto,avançado,,ti - sap-,pj/autônomo,0,0,0,0
,mestrado cursando,avançado,analista,ensino superior completo,básico,ti - desenvolvimento/programação,ti - projetos-,"pj/autônomo, clt full",0,0,0,0
,,,analista,ensino superior completo,básico,,ti - projetos-,"clt full, pj/autônomo",0,0,0,0
,,,analista,ensino superior completo,básico,,ti - sap-,"clt cotas, cooperado, estagiário, pj/autônomo",0,0,0,0
,,,gerente,ensino superior completo,avançado,,ti - projetos-,hunting,0,0,0,0
,ensino superior cursando,intermediário,analista,ensino superior completo,básico,ti - desenvolvimento/programação,ti - desenvolvimento/programação-,clt full,0,0,0,0
,,,sênior,ensino superior completo,nenhum,,ti - sap-,cooperado,0,0,0,0
,,,assistente,ensino superior completo,básico,,administrativa-,clt full,0,0,0,0
,,,sênior,ensino médio completo,nenhum,,gestão e alocação de recursos de ti-,cooperado,0,0,0,0
,,,sênior,ensino superior completo,básico,,ti - sap-,"clt full, pj/autônomo",0,0,0,0
,,,analista,ensino superior completo,básico,,ti - governança-,"pj/autônomo, cooperado",0,0,0,0
,,,sênior,ensino superior completo,avançado,,ti - sap-,,0,0,0,0
,ensino superior completo,básico,assistente,ensino médio completo,nenhum,"administrativa, comercial, financeira/controladoria, marketing",ti - projetos-,clt full,0,0,0,0
,,,pleno,ensino médio completo,nenhum,,administrativa-,clt full,0,0,0,0
,,,sênior,ensino superior completo,nenhum,,ti - projetos-,pj/autônomo,0,0,0,0
,pós graduação cursando,intermediário,analista,ensino superior cursando,básico,administrativa,ti - projetos-,clt full,0,0,0,0
,,,sênior,ensino superior completo,fluente,,ti - projetos-,pj/autônomo,0,0,0,0
,pós graduação completo,intermediário,pleno,ensino técnico completo,nenhum,ti - sap,gestão e alocação de recursos de ti-,pj/autônomo,0,0,0,0
,,,analista,pós graduação completo,básico,,ti - projetos-,"clt full, pj/autônomo",0,0,0,0
,,,sênior,ensino superior completo,avançado,,ti - projetos-,pj/autônomo,0,0,0,0
,ensino superior incompleto,intermediário,pleno,ensino técnico completo,nenhum,ti - suporte,gestão e alocação de recursos de ti-,pj/autônomo,0,0,0,0
,,,coordenador,ensino superior completo,básico,,ti - projetos-,"pj/autônomo, clt full",0,0,0,0
,,,pleno,ensino médio completo,básico,,financeira/controladoria-,clt full,0,0,0,0
,,,sênior,ensino superior completo,fluente,,ti - projetos-,pj/autônomo,0,0,0,0
,ensino superior completo,básico,sênior,ensino superior completo,básico,ti - desenvolvimento/programação,ti - sistemas e ferramentas-,,0,1,1,0
,,,analista,ensino superior completo,básico,,ti - sap-,"pj/autônomo, cooperado, clt cotas",0,0,0,0
,,,sênior,ensino superior completo,avançado,,ti - sap-,pj/autônomo,0,0,0,0
,ensino superior completo,básico,pleno,ensino superior completo,básico,"administrativa, ti - processos e negócios, ti - projetos, ti - sap",ti - sap-,pj/autônomo,0,1,1,0
,,,pleno,ensino técnico completo,nenhum,,gestão e alocação de recursos de ti-,pj/autônomo,0,0,0,0
,,,analista,ensino superior completo,básico,,ti - sistemas e ferramentas-,clt full,0,0,0,0
,,,analista,ensino superior completo,básico,,ti - projetos-,pj/autônomo,0,0,0,0
,ensino superior incompleto,básico,sênior,ensino médio completo,nenhum,ti - desenvolvimento/programação,gestão e alocação de recursos de ti-,cooperado,0,0,0,0
,,,assistente,ensino superior cursando,nenhum,,administrativa-,clt full,0,0,0,0
,,,sênior,ensino superior completo,fluente,,ti - sap-,clt full,0,0,0,0
,,,analista,ensino superior completo,básico,,ti - projetos-,hunting,0,0,0,0
,,,pleno,ensino superior completo,básico,,ti - projetos-,pj/autônomo,0,0,0,0
,,,gerente,ensino superior completo,fluente,,marketing-,clt full,0,0,0,0
,,,analista,ensino superior completo,intermediário,,marketing-,clt full,0,0,0,0
,,,sênior,ensino superior completo,fluente,,ti - projetos-,hunting,0,0,0,0
,,,sênior,ensino superior completo,nenhum,,ti - projetos-,hunting,0,0,0,0
,,,sênior,ensino médio completo,fluente,,gestão e alocação de recursos de ti-,pj/autônomo,0,0,0,0
,,,sênior,ensino superior completo,básico,,ti - sap-,"pj/autônomo, clt full",0,0,0,0
,ensino superior cursando,básico,júnior,ensino superior cursando,intermediário,ti - suporte,ti - infraestrutura-,hunting,0,1,0,0
,ensino superior completo,intermediário,analista,ensino superior completo,avançado,,ti - sap-,pj/autônomo,0,1,0,0
,,,pleno,ensino superior completo,básico,,ti - projetos-,"pj/autônomo, cooperado",0,0,0,0
,,,sênior,ensino superior completo,nenhum,,ti - projetos-,pj/autônomo,0,0,0,0
,pós graduação completo,,sênior,ensino superior completo,fluente,,gestão e alocação de recursos de ti-ti - sap-,pj/autônomo,0,0,0,0
,pós graduação cursando,básico,sênior,ensino médio completo,nenhum,ti - desenvolvimento/programação,financeira/controladoria-,cooperado,0,0,0,0
,,,sênior,ensino médio completo,nenhum,,ti - projetos-,pj/autônomo,0,0,0,0
,,,sênior,ensino superior completo,técnico,,gestão e alocação de recursos de ti-,cooperado,0,0,0,0
,,,sênior,ensino médio completo,avançado,,gestão e alocação de recursos de ti-,pj/autônomo,0,0,0,0
,ensino fundamental completo,básico,assistente,ensino médio completo,nenhum,administrativa,ti - projetos-,clt full,0,0,0,0
,,,analista,ensino superior completo,fluente,,ti - sap-,pj/autônomo,0,0,0,0
,ensino superior completo,intermediário,analista,ensino superior completo,básico,"ti - desenvolvimento/programação, ti - sap",ti - sap-,pj/autônomo,0,1,0,0
,,,pleno,ensino superior completo,avançado,,ti - sap-,clt full,0,0,0,0
,,,pleno,ensino superior completo,nenhum,,ti - projetos-,hunting,0,0,0,0
,,,analista,ensino superior completo,básico,,ti - projetos-,"clt full, pj/autônomo",0,0,0,0
,pós graduação completo,avançado,pleno,ensino superior completo,avançado,ti - desenvolvimento/programação,ti - projetos-,cooperado,0,0,1,0
,,,pleno,ensino superior completo,intermediário,,ti - projetos-,hunting,0,0,0,0
,,,sênior,ensino superior completo,fluente,,ti - sap-,pj/autônomo,0,0,0,0
,,,sênior,ensino superior completo,avançado,,ti - desenvolvimento/programação-,hunting,0,0,0,0
,,,líder,ensino superior completo,fluente,,novos negócios e parcerias-,clt full,0,0,0,0
,pós graduação cursando,avançado,pleno,ensino superior completo,avançado,ti - sap,ti - sap-,cooperado,0,0,1,0
,,,analista,ensino superior completo,básico,,ti - projetos-,"pj/autônomo, clt full",0,0,0,0
,ensino superior completo,básico,analista,ensino superior completo,básico,ti - suporte,ti - suporte-,"clt full, pj/autônomo",0,1,1,0
,,,sênior,ensino superior completo,avançado,,ti - projetos-,pj/autônomo,0,0,0,0
,,,analista,ensino superior completo,básico,,ti - projetos-,"pj/autônomo, clt full",0,0,0,0
,,,sênior,ensino médio completo,nenhum,,financeira/controladoria-ti - projetos-,cooperado,0,0,0,0
,,,sênior,ensino superior completo,intermediário,,ti - desenvolvimento/programação-,,0,0,0,0
sênior,,,analista,ensino superior completo,básico,,ti - sap-,"clt full, pj/autônomo",0,0,0,0
,,,sênior,ensino superior completo,intermediário,,ti - desenvolvimento/programação-,,0,0,0,0
,,,analista,ensino superior completo,fluente,,ti - sap-,"pj/autônomo, clt full",0,0,0,0
,,,sênior,ensino superior completo,fluente,,ti - projetos-,pj/autônomo,0,0,0,0
,,,sênior,ensino superior completo,fluente,,ti - sap-,hunting,0,0,0,0
,,,analista,ensino superior completo,básico,,ti - projetos-,"clt full, pj/autônomo",0,0,0,0
,ensino médio completo,básico,analista,ensino superior completo,básico,administrativa,ti - projetos-,clt full,0,0,1,0
,,,analista,ensino superior completo,básico,,ti - projetos-,"clt full, pj/autônomo",0,0,0,0
,,,analista,ensino superior completo,fluente,,ti - projetos-,"clt full, pj/autônomo",0,0,0,0
,,,pleno,ensino superior completo,nenhum,,ti - desenvolvimento/programação-,clt full,0,0,0,0
,,,sênior,ensino superior completo,fluente,,ti - sap-,hunting,0,0,0,0
,,,analista,ensino superior completo,básico,,ti - sap-,pj/autônomo,0,0,0,0
,pós graduação incompleto,básico,analista,ensino superior completo,básico,"ti - banco de dados, ti - desenvolvimento/programação",ti - projetos-,"pj/autônomo, clt full",0,0,1,0
,,,especialista,ensino superior completo,básico,,ti - projetos-,"clt full, pj/autônomo",0,0,0,0
,,,analista,ensino superior completo,básico,,ti - desenvolvimento/programação-,clt full,0,0,0,0
,,,pleno,ensino superior completo,avançado,,ti - desenvolvimento/programação-,clt cotas,0,0,0,0
,,,analista,ensino superior completo,básico,,ti - desenvolvimento/programação-,"pj/autônomo, clt cotas",0,0,0,0
,,,analista,ensino superior completo,básico,,ti - projetos-,"clt full, pj/autônomo",0,0,0,0
,,,analista,ensino superior completo,básico,,ti - projetos-,"clt full, pj/autônomo",0,0,0,0
,,,sênior,ensino superior completo,intermediário,,comercial-,,0,0,0,0
,,,analista,ensino superior completo,básico,,ti - projetos-,"pj/autônomo, cooperado",0,0,0,0
,,,analista,ensino superior completo,básico,,ti - desenvolvimento/programação-,clt full,0,0,0,0
,,,sênior,ensino superior completo,nenhum,,ti - desenvolvimento/programação-,pj/autônomo,0,0,0,0
,,,analista,ensino superior completo,básico,,ti - projetos-,"pj/autônomo, clt full",0,0,0,0
,,,sênior,ensino médio completo,nenhum,,gestão e alocação de recursos de ti-,cooperado,0,0,0,0
,ensino superior cursando,intermediário,analista,ensino superior completo,intermediário,ti - desenvolvimento/programação,ti - desenvolvimento/programação-,clt full,0,0,1,0
,,,sênior,ensino superior completo,básico,,ti - sap-,"clt full, pj/autônomo",0,0,0,0
,,,pleno,ensino técnico completo,nenhum,,gestão e alocação de recursos de ti-,pj/autônomo,0,0,0,0
,ensino superior completo,intermediário,sênior,ensino superior completo,básico,ti - sap,ti - sap-,"pj/autônomo, clt full",0,1,0,0
,pós graduação completo,intermediário,analista,ensino superior completo,básico,ti - projetos,ti - projetos-,clt full,0,0,0,0
,,,sênior,ensino superior completo,intermediário,,ti - sistemas e ferramentas-,pj/autônomo,0,0,0,0
,,,analista,ensino superior completo,básico,,ti - sap-,hunting,0,0,0,0
,,,pleno,ensino superior completo,nenhum,,ti - projetos-,pj/autônomo,0,0,0,0
,,,pleno,ensino superior completo,avançado,,ti - suporte-,hunting,0,0,0,0
,ensino superior incompleto,avançado,sênior,ensino superior completo,intermediário,ti - desenvolvimento/design,ti - desenvolvimento/programação-,pj/autônomo,0,0,0,0
,,,especialista,ensino superior completo,intermediário,,ti - sistemas e ferramentas-,pj/autônomo,0,0,0,0
,,,júnior,ensino técnico completo,nenhum,,ti - telecom-,cooperado,0,0,0,0
,,,analista,ensino superior completo,básico,,ti - infraestrutura-,clt full,0,0,0,0
,,,sênior,ensino médio completo,nenhum,,comercial-,cooperado,0,0,0,0
,,,sênior,ensino técnico completo,nenhum,,ti - projetos-,pj/autônomo,0,0,0,0
,ensino superior completo,básico,júnior,ensino superior completo,básico,ti - infraestrutura,ti - desenvolvimento/programação-,hunting,0,1,1,0
,,,sênior,ensino superior completo,básico,,ti - projetos-,"pj/autônomo, clt full",0,0,0,0
,,,pleno,ensino técnico completo,nenhum,,gestão e alocação de recursos de ti-,pj/autônomo,0,0,0,0
,,,analista,ensino superior completo,básico,,ti - desenvolvimento/programação-,clt full,0,0,0,0
,ensino médio completo,nenhum,auxiliar,ensino médio completo,nenhum,administrativa,ti - projetos-,clt full,0,1,1,0
,,,pleno,ensino técnico completo,nenhum,,gestão e alocação de recursos de ti-,hunting,0,0,0,0
,,,pleno,ensino superior completo,nenhum,,gestão e alocação de recursos de ti-,hunting,0,0,0,0
,,,analista,ensino superior completo,básico,,recursos humanos-,clt cotas,0,0,0,0
,,,sênior,ensino superior completo,intermediário,,ti - projetos-,pj/autônomo,0,0,0,0
,,,pleno,ensino superior completo,intermediário,,ti - sap-,pj/autônomo,0,0,0,0
,,,pleno,ensino superior completo,básico,,ti - projetos-,"clt full, cooperado, pj/autônomo",0,0,0,0
,,,sênior,ensino superior completo,básico,,ti - projetos-,pj/autônomo,0,0,0,0
,,,gerente,ensino superior completo,avançado,,gestão e alocação de recursos de ti-ti - projetos-,pj/autônomo,0,0,0,0
,,,pleno,ensino superior completo,avançado,,ti - projetos-,pj/autônomo,0,0,0,0
,,,pleno,ensino superior completo,intermediário,,gestão e alocação de recursos de ti-ti - desenvolvimento/programação-,pj/autônomo,0,0,0,0
,,,analista,ensino superior completo,básico,,ti - projetos-,"pj/autônomo, clt full",0,0,0,0
,pós graduação completo,intermediário,sênior,ensino superior completo,intermediário,ti - desenvolvimento/programação,ti - desenvolvimento/programação-,clt full,0,0,1,0
,pós graduação cursando,nenhum,analista,ensino superior completo,básico,marketing,ti - projetos-,pj/autônomo,0,0,0,0
,pós graduação completo,intermediário,analista,ensino superior completo,intermediário,"ti - banco de dados, ti - desenvolvimento/programação, ti - projetos",ti - projetos-,"clt full, pj/autônomo",0,0,1,0
,pós graduação cursando,intermediário,pleno,ensino superior completo,básico,ti - desenvolvimento/programação,ti - projetos-,"clt full, cooperado, pj/autônomo",0,0,0,0
,ensino superior completo,básico,analista,ensino superior completo,intermediário,"administrativa, comercial, novos negócios e parcerias, ti - sap",ti - projetos-,"clt full, pj/autônomo",0,1,0,0
,,,sênior,ensino superior completo,fluente,,ti - projetos-,pj/autônomo,0,0,0,0
,,,sênior,ensino superior completo,técnico,,ti - sistemas e ferramentas-,hunting,0,0,0,0
,,,analista,ensino superior completo,básico,,ti - projetos-,"pj/autônomo, clt full",0,0,0,0
,ensino superior incompleto,intermediário,pleno,ensino técnico completo,nenhum,gestão e alocação de recursos de ti,gestão e alocação de recursos de ti-,pj/autônomo,0,0,0,0
,,,sênior,ensino superior completo,intermediário,,ti - projetos-,cooperado,0,0,0,0
,,,analista,ensino superior completo,fluente,,ti - sap-,hunting,0,0,0,0
,,,sênior,ensino médio completo,nenhum,,financeira/controladoria-,hunting,0,0,0,0
,,,pleno,ensino superior completo,técnico,,ti - desenvolvimento/mobile-,hunting,0,0,0,0
,,,júnior,ensino médio completo,nenhum,,administrativa-,clt full,0,0,0,0
,pós graduação completo,intermediário,sênior,ensino superior completo,fluente,ti - sap,ti - sap-,pj/autônomo,0,0,0,0
,ensino superior completo,avançado,sênior,ensino superior completo,nenhum,ti - processos e negócios,ti - sap-,hunting,0,1,0,0
,,,sênior,ensino técnico completo,nenhum,,ti - arquitetura-,pj/autônomo,0,0,0,0
pleno,ensino superior completo,intermediário,analista,ensino técnico completo,nenhum,"administrativa, recursos humanos",administrativa-,cooperado,0,0,0,0
,,,sênior,ensino superior completo,básico,,ti - sap-,"clt full, pj/autônomo",0,0,0,0
,,,sênior,ensino superior completo,avançado,,ti - sap-,"clt full, pj/autônomo",0,0,0,0
,,,júnior,ensino superior completo,avançado,,ti - qualidade/testes-,clt full,0,0,0,0
,ensino superior incompleto,básico,sênior,ensino superior completo,avançado,ti - sap,ti - desenvolvimento/programação-,clt full,0,0,0,0
,ensino superior completo,,júnior,ensino superior completo,básico,,ti - sap-,pj/autônomo,0,1,0,0
,,,sênior,ensino superior completo,intermediário,,ti - sap-,"clt full, pj/autônomo",0,0,0,0
,,,analista,ensino superior completo,básico,,ti - projetos-,"clt full, pj/autônomo",0,0,0,0
,ensino superior completo,fluente,pleno,ensino superior completo,avançado,ti - projetos,ti - projetos-,hunting,0,1,0,0
,,,pleno,ensino superior completo,nenhum,,ti - projetos-,pj/autônomo,0,0,0,0
,ensino superior completo,intermediário,analista,ensino superior completo,básico,ti - projetos,ti - projetos-,"clt full, pj/autônomo",0,1,0,0
,ensino superior completo,avançado,sênior,ensino superior completo,avançado,ti - desenvolvimento/programação,gestão e alocação de recursos de ti-ti - desenvolvimento/programação-,pj/autônomo,0,1,1,0
,pós graduação completo,avançado,sênior,ensino médio completo,intermediário,ti - projetos,administrativa-,pj/autônomo,0,0,0,0
,,,pleno,ensino superior completo,fluente,,ti - projetos-,pj/autônomo,0,0,0,0
,pós graduação cursando,fluente,analista,ensino superior completo,intermediário,administrativa,ti - projetos-,clt full,0,0,0,0
,,,supervisor,ensino superior completo,básico,,ti - sap-,"clt full, pj/autônomo",0,0,0,0
,,,pleno,ensino superior completo,nenhum,,gestão e alocação de recursos de ti-ti - infraestrutura-,pj/autônomo,0,0,0,0
,pós graduação completo,intermediário,analista,ensino superior completo,básico,ti - desenvolvimento/programação,administrativa-,clt full,0,0,0,0
,,,analista,ensino superior completo,básico,,ti - projetos-,clt full,0,0,0,0
,,,analista,ensino superior completo,básico,,ti - projetos-,"pj/autônomo, cooperado",0,0,0,0
,,,sênior,ensino superior completo,básico,,ti - projetos-,"pj/autônomo, clt full",0,0,0,0
,pós graduação completo,fluente,sênior,ensino superior completo,intermediário,ti - projetos,ti - arquitetura-,"clt full, clt cotas, cooperado, pj/autônomo",0,0,0,0
,pós graduação completo,avançado,pleno,ensino técnico completo,nenhum,"ti - infraestrutura, ti - projetos, ti - segurança da informação",gestão e alocação de recursos de ti-,hunting,0,0,0,0
,,,júnior,ensino superior completo,avançado,,ti - desenvolvimento/design-,,0,0,0,0
,,,especialista,ensino superior completo,básico,,ti - projetos-,"clt full, pj/autônomo",0,0,0,0
,ensino superior completo,básico,pleno,ensino superior completo,nenhum,ti - infraestrutura,gestão e alocação de recursos de ti-ti - infraestrutura-,pj/autônomo,0,1,0,0
,,,sênior,ensino superior completo,avançado,,ti - sap-,"pj/autônomo, clt full",0,0,0,0
,,,sênior,ensino superior completo,nenhum,,ti - sap-,hunting,0,0,0,0
,,,analista,ensino superior completo,básico,,ti - projetos-,clt cotas,0,0,0,0
,,,sênior,ensino superior completo,fluente,,ti - sap-,pj/autônomo,0,0,0,0
,,,sênior,ensino superior completo,básico,,ti - sap-,"clt full, pj/autônomo",0,0,0,0
,,,sênior,ensino superior completo,avançado,,financeira/controladoria-,pj/autônomo,0,0,0,0
,,,sênior,ensino superior completo,básico,,ti - projetos-,"pj/autônomo, clt cotas, clt full",0,0,0,0
,,,sênior,ensino superior completo,avançado,,ti - projetos-,cooperado,0,0,0,0
,,,analista,ensino superior completo,básico,,ti - projetos-,hunting,0,0,0,0
,pós graduação completo,avançado,analista,ensino superior completo,básico,ti - sap,ti - projetos-,"pj/autônomo, clt full",0,0,0,0
,pós graduação completo,fluente,sênior,ensino superior completo,nenhum,ti - sap,ti - sap-,clt cotas,0,0,0,0
,,,pleno,ensino superior completo,fluente,,ti - sistemas e ferramentas-,,0,0,0,0
,,,pleno,ensino superior completo,fluente,,ti - desenvolvimento/programação-,clt full,0,0,0,0
,ensino superior completo,avançado,sênior,ensino superior completo,fluente,ti - desenvolvimento/programação,ti - projetos-,pj/autônomo,0,1,0,0
,,,analista,ensino superior completo,básico,,ti - projetos-,"clt full, pj/autônomo",0,0,0,0
,pós graduação completo,avançado,analista,ensino superior completo,básico,ti - desenvolvimento/programação,ti - projetos-,"pj/autônomo, clt full",0,0,0,0
,,,analista,ensino superior completo,avançado,,ti - sap-,pj/autônomo,0,0,0,0
,ensino fundamental completo,básico,auxiliar,ensino médio completo,nenhum,financeira/controladoria,ti - projetos-,clt full,0,0,0,0
,,,sênior,ensino superior completo,avançado,,ti - sistemas e ferramentas-,clt full,0,0,0,0
,,,analista,ensino superior completo,básico,,ti - desenvolvimento/programação-,clt full,0,0,0,0
,,,analista,ensino superior completo,básico,,ti - desenvolvimento/programação-,clt cotas,0,0,0,0
,pós graduação completo,avançado,sênior,ensino superior completo,intermediário,"marketing, recursos humanos",ti - governança-,hunting,0,0,0,0
,pós graduação completo,avançado,gerente,ensino superior completo,avançado,"ti - governança, ti - infraestrutura, ti - projetos, ti - segurança da informação, ti - sistemas e ferramentas, ti - suporte, ti - telecom",ti - projetos-,hunting,0,0,1,0
,,,coordenador,ensino superior completo,intermediário,,ti - sistemas e ferramentas-,hunting,0,0,0,0
,ensino superior completo,nenhum,analista,ensino superior completo,básico,recursos humanos,ti - projetos-,"clt full, pj/autônomo",0,1,0,0
,,,analista,ensino superior completo,nenhum,,administrativa-recursos humanos-,clt full,0,0,0,0
,,,sênior,ensino superior completo,nenhum,,gestão e alocação de recursos de ti-,clt full,0,0,0,0
,pós graduação cursando,intermediário,analista,ensino superior completo,básico,administrativa,ti - projetos-,"pj/autônomo, clt full",0,0,0,0
,pós graduação completo,fluente,sênior,ensino superior completo,fluente,ti - sap,ti - sap-,pj/autônomo,0,0,1,0
,pós graduação completo,avançado,analista,ensino superior completo,avançado,,ti - projetos-,hunting,0,0,1,0
,ensino superior completo,básico,sênior,ensino superior completo,básico,ti - qualidade/testes,ti - projetos-,"clt full, cooperado, pj/autônomo",0,1,1,0
,ensino superior completo,fluente,analista,ensino superior completo,intermediário,"ti - arquitetura, ti - banco de dados, ti - desenvolvimento/design, ti - desenvolvimento/mobile, ti - desenvolvimento/programação, ti - projetos, ti - qualidade/testes, ti - segurança da informação, ti - sistemas e ferramentas, ti - suporte",ti - projetos-,hunting,0,1,0,0
,,,analista,ensino superior completo,básico,,ti - suporte-,"cooperado, pj/autônomo",0,0,0,0
,,,sênior,ensino médio completo,nenhum,,financeira/controladoria-,cooperado,0,0,0,0
,,,sênior,ensino superior completo,avançado,,ti - projetos-,pj/autônomo,0,0,0,0
,pós graduação completo,intermediário,analista,ensino superior completo,básico,"administrativa, comercial, marketing, novos negócios e parcerias, relacionamento técnico, ti - banco de dados, ti - processos e negócios",ti - projetos-,"pj/autônomo, clt full",0,0,0,0
,pós graduação incompleto,avançado,sênior,ensino técnico completo,avançado,ti - qualidade/testes,administrativa-,cooperado,0,0,1,0
,,,analista,ensino superior completo,avançado,,ti - projetos-,"cooperado, pj/autônomo",0,0,0,0
,,,sênior,ensino médio completo,avançado,,gestão e alocação de recursos de ti-,pj/autônomo,0,0,0,0
,ensino superior completo,avançado,sênior,ensino superior completo,intermediário,administrativa,comercial-,,0,1,0,0
,ensino superior completo,,analista,ensino superior completo,fluente,,ti - sap-,clt full,0,1,0,0
,,,especialista,ensino superior completo,avançado,,ti - sap-,pj/autônomo,0,0,0,0
,,,sênior,ensino superior completo,intermediário,,ti - sap-,pj/autônomo,0,0,0,0
,,,analista,ensino médio completo,básico,,ti - projetos-,hunting,0,0,0,0
,,,analista,ensino superior completo,intermediário,,ti - projetos-,"clt full, pj/autônomo",0,0,0,0
,,,pleno,ensino superior completo,avançado,,gestão e alocação de recursos de ti-,clt full,0,0,0,0
,,,analista,ensino superior completo,intermediário,,ti - infraestrutura-,clt full,0,0,0,0
,ensino superior completo,básico,analista,ensino superior completo,básico,"ti - banco de dados, ti - desenvolvimento/design, ti - desenvolvimento/programação, ti - sistemas e ferramentas",ti - desenvolvimento/programação-,hunting,0,1,1,0
,,,analista,ensino superior completo,fluente,,ti - projetos-,"pj/autônomo, clt full",0,0,0,0
,,,pleno,ensino superior completo,nenhum,,gestão e alocação de recursos de ti-ti - sap-,pj/autônomo,0,0,0,0
,,,sênior,ensino superior completo,avançado,,ti - sap-,"clt full, pj/autônomo",0,0,0,0
,,,analista,ensino superior completo,nenhum,,recursos humanos-,clt cotas,0,0,0,0
,,,sênior,ensino superior completo,nenhum,,gestão e alocação de recursos de ti-ti - sap-,pj/autônomo,0,0,0,0
,,,analista,ensino superior completo,básico,,ti - projetos-,"pj/autônomo, clt full",0,0,0,0
,mestrado incompleto,avançado,pleno,ensino superior completo,avançado,"ti - desenvolvimento/programação, ti - governança, ti - infraestrutura, ti - processos e negócios, ti - projetos, ti - qualidade/testes, ti - sap",ti - projetos-,pj/autônomo,0,0,1,0
,ensino superior cursando,intermediário,pleno,ensino superior completo,intermediário,ti - desenvolvimento/programação,ti - desenvolvimento/programação-,clt full,0,0,1,0
,,,sênior,ensino superior completo,intermediário,,ti - projetos-,pj/autônomo,0,0,0,0
,,,pleno,ensino técnico completo,nenhum,,gestão e alocação de recursos de ti-,pj/autônomo,0,0,0,0
,,,analista,ensino superior completo,básico,,ti - desenvolvimento/programação-,clt full,0,0,0,0
,ensino superior completo,básico,sênior,ensino superior completo,fluente,ti - sap,ti - sap-,pj/autônomo,0,1,0,0
,,,analista,ensino superior completo,básico,,administrativa-,clt full,0,0,0,0
,,,pleno,ensino técnico completo,nenhum,,gestão e alocação de recursos de ti-,pj/autônomo,0,0,0,0
,,,pleno,ensino superior completo,avançado,,gestão e alocação de recursos de ti-,clt cotas,0,0,0,0
,,,analista,ensino técnico completo,básico,,ti - sap-,pj/autônomo,0,0,0,0
,,,sênior,ensino superior completo,nenhum,,ti - sap-,pj/autônomo,0,0,0,0
,,,analista,ensino superior completo,básico,,ti - projetos-,"clt full, pj/autônomo",0,0,0,0
,ensino superior incompleto,intermediário,sênior,ensino superior completo,básico,"ti - arquitetura, ti - governança, ti - infraestrutura, ti - processos e negócios, ti - projetos, ti - sistemas e ferramentas, ti - suporte",ti - projetos-,pj/autônomo,0,0,0,0
,,,sênior,ensino superior completo,nenhum,,ti - ux-,,0,0,0,0
,ensino superior completo,básico,júnior,ensino superior incompleto,nenhum,ti - desenvolvimento/programação,ti - desenvolvimento/programação-,hunting,0,0,0,0
,pós graduação incompleto,intermediário,analista,ensino superior completo,básico,ti - projetos,ti - projetos-,"pj/autônomo, clt full",0,0,0,0
,ensino superior completo,,sênior,ensino superior completo,intermediário,,ti - desenvolvimento/programação-,pj/autônomo,0,1,0,0
,,,sênior,ensino superior completo,fluente,,ti - desenvolvimento/programação-,clt full,0,0,0,0
,ensino superior completo,intermediário,sênior,ensino superior completo,básico,ti - projetos,ti - sap-,pj/autônomo,0,1,0,0
,,,analista,ensino superior completo,básico,,ti - projetos-,hunting,0,0,0,0
,,,sênior,ensino superior completo,avançado,,ti - sistemas e ferramentas-,clt full,0,0,0,0
,,,sênior,ensino superior completo,básico,,ti - sap-,,0,0,0,0
,,,pleno,ensino médio completo,fluente,,ti - projetos-,pj/autônomo,0,0,0,0
,,,sênior,ensino superior cursando,avançado,,ti - sistemas e ferramentas-,pj/autônomo,0,0,0,0
,,,sênior,ensino médio completo,avançado,,ti - projetos-,pj/autônomo,0,0,0,0
,,,pleno,ensino técnico completo,nenhum,,gestão e alocação de recursos de ti-,pj/autônomo,0,0,0,0
,,,sênior,ensino superior completo,fluente,,ti - projetos-,pj/autônomo,0,0,0,0
,,,analista,ensino superior completo,básico,,ti - projetos-,"clt full, pj/autônomo",0,0,0,0
,,,pleno,ensino técnico completo,nenhum,,gestão e alocação de recursos de ti-,pj/autônomo,0,0,0,0
,,,sênior,ensino superior completo,avançado,,ti - sap-,hunting,0,0,0,0
,,,analista,ensino superior completo,básico,,ti - desenvolvimento/mobile-,hunting,0,0,0,0
,pós graduação cursando,intermediário,pleno,ensino médio completo,nenhum,ti - desenvolvimento/programação,gestão e alocação de recursos de ti-,pj/autônomo,0,0,0,0
,,,analista,ensino superior completo,básico,,ti - projetos-,"clt full, pj/autônomo",0,0,0,0
,,,sênior,ensino médio completo,nenhum,,gestão e alocação de recursos de ti-,pj/autônomo,0,0,0,0
,pós graduação completo,avançado,analista,ensino superior completo,avançado,"administrativa, comercial, marketing",ti - projetos-,"pj/autônomo, clt full",0,0,1,0
,,,analista,ensino superior completo,básico,,ti - sap-,pj/autônomo,0,0,0,0
,,,sênior,ensino superior completo,básico,,ti - projetos-,"pj/autônomo, clt full",0,0,0,0
,,,analista,ensino superior completo,básico,,ti - sap-,pj/autônomo,0,0,0,0
,pós graduação incompleto,intermediário,pleno,ensino técnico completo,nenhum,ti - sap,gestão e alocação de recursos de ti-,pj/autônomo,0,0,0,0
,,,pleno,ensino técnico completo,nenhum,,gestão e alocação de recursos de ti-,pj/autônomo,0,0,0,0
,,,sênior,ensino superior completo,avançado,,ti - projetos-,hunting,0,0,0,0
,,,sênior,ensino superior completo,fluente,,ti - sap-,pj/autônomo,0,0,0,0
,,,analista,ensino médio completo,básico,,ti - suporte-,cooperado,0,0,0,0
,,,sênior,ensino médio completo,nenhum,,administrativa-,pj/autônomo,0,0,0,0
,,,sênior,ensino superior completo,básico,,ti - projetos-,"clt full, pj/autônomo",0,0,0,0
,,,sênior,ensino superior completo,fluente,,ti - sap-,pj/autônomo,0,0,0,0
,,,analista,ensino superior completo,básico,,ti - projetos-,"pj/autônomo, clt full",0,0,0,0
,,,gerente,ensino superior completo,fluente,,ti - projetos-,clt full,0,0,0,0
,mestrado completo,intermediário,analista,ensino superior completo,avançado,ti - arquitetura,ti - sistemas e ferramentas-,clt full,0,0,0,0
,pós graduação completo,avançado,analista,ensino superior completo,avançado,ti - sap,ti - sap-,"clt full, clt cotas, cooperado, estagiário, pj/autônomo, hunting",0,0,1,0
,ensino superior completo,básico,sênior,ensino médio completo,avançado,ti - sap,ti - projetos-,cooperado,0,0,0,0
analista,ensino superior cursando,avançado,júnior,ensino superior cursando,fluente,ti - sap,ti - sap-,,0,1,0,0
,,,sênior,ensino superior completo,nenhum,,gestão e alocação de recursos de ti-ti - sap-,pj/autônomo,0,0,0,0
,,,sênior,ensino superior completo,nenhum,,ti - sap-,pj/autônomo,0,0,0,0
,pós graduação completo,avançado,pleno,ensino superior completo,básico,"ti - governança, ti - infraestrutura, ti - projetos, ti - segurança da informação, ti - sistemas e ferramentas, ti - suporte, ti - telecom",ti - projetos-,"pj/autônomo, cooperado",0,0,0,0
,ensino superior cursando,intermediário,sênior,ensino médio completo,nenhum,ti - desenvolvimento/programação,gestão e alocação de recursos de ti-,pj/autônomo,0,0,0,0
,pós graduação incompleto,básico,analista,ensino superior completo,básico,ti - desenvolvimento/programação,ti - projetos-,"pj/autônomo, clt full",0,0,1,0
,,,analista,ensino superior completo,básico,,ti - banco de dados-,clt full,0,0,0,0
,ensino superior completo,básico,sênior,ensino superior completo,avançado,"ti - arquitetura, ti - banco de dados, ti - desenvolvimento/programação, ti - projetos",ti - desenvolvimento/programação-,,0,1,0,0
,,,pleno,ensino superior completo,básico,,ti - desenvolvimento/programação-,hunting,0,0,0,0
,,,sênior,ensino superior cursando,fluente,,ti - sap-,pj/autônomo,0,0,0,0
,,,sênior,ensino superior completo,nenhum,,ti - projetos-,pj/autônomo,0,0,0,0
,,,analista,ensino superior completo,básico,,administrativa-,clt full,0,0,0,0
,ensino superior completo,intermediário,analista,ensino superior completo,básico,financeira/controladoria,financeira/controladoria-,cooperado,0,1,0,0
,,,analista,ensino superior completo,básico,,ti - sap-,pj/autônomo,0,0,0,0
,ensino superior completo,nenhum,analista,ensino superior completo,básico,recursos humanos,ti - projetos-,"clt full, pj/autônomo",0,1,0,0
,ensino superior completo,intermediário,sênior,ensino superior completo,intermediário,ti - desenvolvimento/programação,ti - sistemas e ferramentas-,clt cotas,0,1,1,0
,,,sênior,ensino superior completo,avançado,,ti - desenvolvimento/programação-,,0,0,0,0
,,,pleno,ensino superior completo,nenhum,,gestão e alocação de recursos de ti-,hunting,0,0,0,0
,,,analista,ensino superior completo,intermediário,,ti - sap-,clt full,0,0,0,0
,pós graduação completo,avançado,sênior,ensino superior completo,intermediário,"ti - arquitetura, ti - banco de dados, ti - processos e negócios, ti - projetos",ti - desenvolvimento/programação-,clt full,0,0,0,0
,ensino superior cursando,fluente,pleno,ensino superior completo,nenhum,"ti - arquitetura, ti - desenvolvimento/design, ti - desenvolvimento/mobile, ti - desenvolvimento/programação, ti - sistemas e ferramentas",ti - desenvolvimento/programação-,clt full,0,0,0,0
,,,analista,ensino superior completo,fluente,,ti - sap-,"pj/autônomo, clt full",0,0,0,0
,pós graduação cursando,avançado,analista,ensino superior completo,intermediário,ti - projetos,ti - desenvolvimento/programação-,clt full,0,0,0,0
,,,sênior,ensino superior completo,avançado,,ti - projetos-,hunting,0,0,0,0
,pós graduação cursando,básico,pleno,ensino superior completo,nenhum,"ti - banco de dados, ti - desenvolvimento/design, ti - desenvolvimento/mobile, ti - desenvolvimento/programação",ti - desenvolvimento/programação-,hunting,0,0,0,0
,ensino superior completo,intermediário,sênior,ensino superior completo,intermediário,ti - desenvolvimento/programação,ti - desenvolvimento/programação-,,0,1,1,0
,ensino superior completo,intermediário,pleno,ensino técnico completo,nenhum,ti - sap,gestão e alocação de recursos de ti-,pj/autônomo,0,0,0,0
,,,analista,ensino superior completo,nenhum,,administrativa-financeira/controladoria-,clt full,0,0,0,0
,,,analista,ensino superior completo,básico,,ti - projetos-,"pj/autônomo, cooperado",0,0,0,0
,ensino superior cursando,intermediário,analista,ensino superior cursando,básico,ti - infraestrutura,ti - suporte-,"clt full, clt cotas, pj/autônomo",0,1,0,0
,,,sênior,ensino superior cursando,avançado,,financeira/controladoria-,pj/autônomo,0,0,0,0
,,,sênior,ensino superior cursando,nenhum,,ti - desenvolvimento/programação-,clt full,0,0,0,0
,,,júnior,ensino médio completo,nenhum,,administrativa-,clt full,0,0,0,0
,,,sênior,ensino superior completo,básico,,ti - sap-,"pj/autônomo, clt full",0,0,0,0
,,,sênior,ensino superior completo,avançado,,ti - sap-,clt full,0,0,0,0
,,,sênior,ensino médio completo,avançado,,gestão e alocação de recursos de ti-,pj/autônomo,0,0,0,0
,,,analista,ensino superior completo,básico,,ti - sap-,pj/autônomo,0,0,0,0
,,,analista,ensino superior completo,básico,,ti - projetos-,hunting,0,0,0,0
,pós graduação completo,fluente,sênior,ensino superior completo,fluente,ti - sap,ti - sap-,,0,0,1,0
,pós graduação completo,intermediário,pleno,ensino técnico completo,nenhum,ti - sap,gestão e alocação de recursos de ti-,pj/autônomo,0,0,0,0
,,,sênior,ensino superior completo,fluente,,ti - sap-,,0,0,0,0
,,,analista,ensino superior completo,básico,,ti - projetos-,"cooperado, pj/autônomo",0,0,0,0
,,,pleno,ensino superior completo,básico,,ti - projetos-,"pj/autônomo, clt full",0,0,0,0
,,,sênior,ensino superior completo,nenhum,,ti - desenvolvimento/programação-,clt full,0,0,0,0
,,,líder,ensino superior completo,fluente,,ti - projetos-,"pj/autônomo, clt full",0,0,0,0
,,,sênior,ensino superior completo,avançado,,ti - sap-,"pj/autônomo, clt full",0,0,0,0
,,,analista,ensino superior completo,avançado,,ti - infraestrutura-,clt cotas,0,0,0,0
,,,júnior,ensino superior cursando,intermediário,,ti - projetos-,clt full,0,0,0,0
,,,sênior,ensino médio completo,avançado,,financeira/controladoria-,pj/autônomo,0,0,0,0
,,,sênior,ensino superior completo,avançado,,gestão e alocação de recursos de ti-,cooperado,0,0,0,0
,,,sênior,ensino médio completo,avançado,,ti - arquitetura-,cooperado,0,0,0,0
,,,sênior,ensino superior incompleto,avançado,,ti - sap-,clt full,0,0,0,0
,,,sênior,ensino superior completo,avançado,,ti - sap-,"pj/autônomo, clt full",0,0,0,0
,,,analista,ensino superior completo,básico,,ti - sap-,"clt cotas, pj/autônomo",0,0,0,0
,,,analista,ensino superior completo,fluente,,ti - sap-,pj/autônomo,0,0,0,0
,,,sênior,ensino superior completo,fluente,,ti - sap-,"pj/autônomo, clt full",0,0,0,0
,,,analista,ensino superior cursando,avançado,,ti - projetos-,clt full,0,0,0,0
,,,sênior,ensino superior completo,avançado,,ti - sap-,pj/autônomo,0,0,0,0
,,,analista,ensino superior completo,básico,,ti - governança-,"clt full, pj/autônomo",0,0,0,0
,,,pleno,ensino técnico completo,nenhum,,gestão e alocação de recursos de ti-,pj/autônomo,0,0,0,0
,,,sênior,ensino superior completo,básico,,ti - projetos-,"pj/autônomo, clt cotas, clt full",0,0,0,0
,,,pleno,ensino superior completo,intermediário,,relacionamento técnico-,,0,0,0,0
,,,sênior,ensino médio completo,nenhum,,gestão e alocação de recursos de ti-,pj/autônomo,0,0,0,0
,pós graduação completo,intermediário,sênior,ensino superior completo,básico,ti - desenvolvimento/programação,ti - projetos-,"cooperado, pj/autônomo",0,0,0,0
,ensino superior completo,intermediário,sênior,pós graduação completo,nenhum,ti - sap,gestão e alocação de recursos de ti-ti - sap-,pj/autônomo,0,0,0,0
,,,assistente,ensino superior incompleto,básico,,administrativa-,clt full,0,0,0,0
,,,analista,ensino superior completo,básico,,ti - projetos-,"pj/autônomo, clt full",0,0,0,0
,,,analista,ensino superior completo,intermediário,,ti - projetos-,pj/autônomo,0,0,0,0
,,,analista,ensino superior completo,básico,,ti - projetos-,hunting,0,0,0,0
,,,sênior,ensino superior completo,avançado,,ti - projetos-,"clt full, pj/autônomo",0,0,0,0
,,,pleno,ensino superior completo,avançado,,ti - projetos-,pj/autônomo,0,0,0,0
,,,analista,ensino superior completo,básico,,ti - projetos-,"pj/autônomo, clt full",0,0,0,0
,,,analista,ensino superior completo,básico,,ti - projetos-,"clt full, pj/autônomo",0,0,0,0
,,,sênior,ensino superior completo,nenhum,,ti - projetos-,pj/autônomo,0,0,0,0
,,,analista,ensino superior completo,básico,,ti - projetos-,clt full,0,0,0,0
,pós graduação completo,,sênior,ensino superior completo,básico,,ti - sap-,pj/autônomo,0,0,0,0
,,,pleno,ensino médio completo,fluente,,ti - projetos-,clt cotas,0,0,0,0
,ensino superior cursando,nenhum,analista,ensino superior completo,básico,administrativa,administrativa-,clt full,0,0,0,0
,,,analista,ensino superior completo,básico,,ti - projetos-,"clt full, pj/autônomo",0,0,0,0
,mestrado incompleto,fluente,analista,ensino superior completo,básico,ti - projetos,ti - projetos-,"pj/autônomo, clt full",0,0,0,0
,,,pleno,ensino técnico completo,nenhum,,gestão e alocação de recursos de ti-,pj/autônomo,0,0,0,0
,pós graduação cursando,básico,especialista,ensino superior completo,básico,ti - sistemas e ferramentas,ti - projetos-,"pj/autônomo, clt full",0,0,1,0
,pós graduação completo,fluente,sênior,ensino superior completo,avançado,"ti - arquitetura, ti - banco de dados, ti - desenvolvimento/design, ti - desenvolvimento/mobile, ti - desenvolvimento/programação, ti - governança, ti - infraestrutura, ti - processos e negócios, ti - projetos, ti - qualidade/testes, ti - sap, ti - sistemas e ferramentas, ti - suporte, ti - telecom, ti - ux",gestão e alocação de recursos de ti-,pj/autônomo,0,0,0,0
,pós graduação completo,básico,sênior,ensino superior completo,fluente,ti - sap,ti - sap-,pj/autônomo,0,0,0,0
,,,sênior,ensino médio completo,nenhum,,financeira/controladoria-,cooperado,0,0,0,0
,pós graduação completo,básico,líder,ensino superior completo,básico,ti - projetos,ti - projetos-,"cooperado, pj/autônomo",0,0,1,0
,,,sênior,ensino superior completo,fluente,,ti - projetos-,pj/autônomo,0,0,0,0
,,,sênior,ensino médio completo,nenhum,,gestão e alocação de recursos de ti-,pj/autônomo,0,0,0,0
,,,analista,ensino superior completo,básico,,ti - projetos-,"clt full, pj/autônomo",0,0,0,0
,pós graduação completo,,analista,ensino superior completo,avançado,,ti - sap-,"pj/autônomo, clt full",0,0,0,0
,,,analista,ensino superior completo,fluente,,ti - sap-,hunting,0,0,0,0
,,,pleno,ensino superior completo,avançado,,ti - sistemas e ferramentas-,clt full,0,0,0,0
,,,pleno,ensino técnico completo,nenhum,,gestão e alocação de recursos de ti-,pj/autônomo,0,0,0,0
,,,analista,ensino superior completo,básico,,ti - projetos-,pj/autônomo,0,0,0,0
,ensino superior cursando,intermediário,analista,ensino superior completo,intermediário,"ti - infraestrutura, ti - telecom",ti - projetos-,"clt full, pj/autônomo",0,0,1,0
,pós graduação completo,básico,sênior,ensino superior completo,básico,financeira/controladoria,ti - projetos-,pj/autônomo,0,0,1,0
,,,analista,ensino superior completo,básico,,ti - projetos-,hunting,0,0,0,0
,ensino superior completo,,sênior,ensino superior cursando,avançado,,ti - sap-,"pj/autônomo, clt full",0,0,0,0
,,,analista,ensino superior completo,básico,,ti - projetos-,cooperado,0,0,0,0
,,,analista,ensino superior completo,básico,,ti - desenvolvimento/programação-,clt full,0,0,0,0
,ensino superior completo,básico,analista,ensino superior completo,básico,ti - processos e negócios,ti - projetos-,clt full,0,1,1,0
,,,analista,ensino superior completo,básico,,ti - projetos-,"pj/autônomo, clt full",0,0,0,0
,ensino superior completo,avançado,pleno,ensino técnico completo,nenhum,ti - desenvolvimento/programação,gestão e alocação de recursos de ti-,pj/autônomo,0,0,0,0
,ensino superior completo,intermediário,sênior,ensino médio completo,nenhum,ti - desenvolvimento/programação,ti - infraestrutura-,clt cotas,0,0,0,0
,,,analista,ensino superior completo,básico,,ti - sap-,cooperado,0,0,0,0
,,,analista,ensino superior completo,avançado,,ti - sap-,pj/autônomo,0,0,0,0
,,,analista,ensino superior completo,básico,,ti - projetos-,"pj/autônomo, clt full",0,0,0,0
,pós graduação completo,fluente,sênior,ensino superior completo,básico,"ti - banco de dados, ti - governança, ti - infraestrutura, ti - processos e negócios, ti - projetos, ti - segurança da informação, ti - suporte, ti - telecom",ti - sap-,pj/autônomo,0,0,0,0
,,,analista,ensino superior completo,básico,,ti - projetos-,clt full,0,0,0,0
,,,sênior,ensino superior completo,fluente,,ti - projetos-,hunting,0,0,0,0
,,,sênior,ensino superior completo,fluente,,gestão e alocação de recursos de ti-,pj/autônomo,0,0,0,0
,,,sênior,ensino superior completo,fluente,,ti - projetos-,,0,0,0,0
,,,pleno,ensino superior completo,avançado,,ti - projetos-,pj/autônomo,0,0,0,0
,,,pleno,ensino superior completo,avançado,,ti - sap-,hunting,0,0,0,0
,,,especialista,ensino superior completo,nenhum,,ti - banco de dados-,clt full,0,0,0,0
,,,analista,ensino superior completo,básico,,ti - segurança da informação-,"pj/autônomo, cooperado",0,0,0,0
,,,sênior,ensino superior completo,fluente,,ti - sap-,pj/autônomo,0,0,0,0
,ensino superior completo,avançado,sênior,ensino superior completo,fluente,ti - qualidade/testes,ti - qualidade/testes-,pj/autônomo,0,1,0,0
,,,júnior,ensino superior cursando,intermediário,,ti - desenvolvimento/programação-,clt full,0,0,0,0
,,,pleno,ensino técnico completo,nenhum,,gestão e alocação de recursos de ti-,pj/autônomo,0,0,0,0
,,,pleno,ensino superior completo,fluente,,ti - sistemas e ferramentas-,clt full,0,0,0,0
,,,pleno,ensino médio incompleto,nenhum,,comercial-,cooperado,0,0,0,0
,,,sênior,ensino superior completo,avançado,,ti - projetos-,hunting,0,0,0,0
,ensino superior completo,intermediário,analista,ensino superior completo,básico,ti - desenvolvimento/programação,ti - desenvolvimento/programação-,clt full,0,1,0,0
,,,pleno,ensino técnico completo,nenhum,,gestão e alocação de recursos de ti-ti - sap-,pj/autônomo,0,0,0,0
,pós graduação completo,nenhum,analista,ensino superior completo,básico,administrativa,ti - projetos-,"clt full, pj/autônomo",0,0,0,0
,,,sênior,ensino superior completo,básico,,ti - projetos-,"pj/autônomo, clt full",0,0,0,0
,,,sênior,ensino médio completo,avançado,,gestão e alocação de recursos de ti-,pj/autônomo,0,0,0,0
,,,sênior,ensino superior completo,avançado,,ti - projetos-,hunting,0,0,0,0
,,,sênior,ensino superior completo,básico,,ti - sap-,"clt full, pj/autônomo",0,0,0,0
,pós graduação completo,básico,pleno,ensino superior completo,intermediário,ti - desenvolvimento/programação,ti - desenvolvimento/programação-,,0,0,0,0
,,,pleno,ensino superior completo,avançado,,ti - projetos-,pj/autônomo,0,0,0,0
,,,pleno,ensino técnico completo,nenhum,,gestão e alocação de recursos de ti-,pj/autônomo,0,0,0,0
,,,líder,ensino superior completo,fluente,,ti - projetos-,pj/autônomo,0,0,0,0
,,,pleno,ensino superior completo,nenhum,,gestão e alocação de recursos de ti-,pj/autônomo,0,0,0,0
,,,sênior,ensino superior cursando,nenhum,,ti - sap-,,0,0,0,0
,pós graduação completo,avançado,sênior,ensino superior completo,básico,ti - governança,ti - governança-,"pj/autônomo, cooperado",0,0,0,0
,,,analista,ensino superior completo,fluente,,ti - sap-,pj/autônomo,0,0,0,0
,,,pleno,ensino superior completo,nenhum,,ti - sistemas e ferramentas-,clt full,0,0,0,0
,,,pleno,ensino técnico completo,nenhum,,gestão e alocação de recursos de ti-,pj/autônomo,0,0,0,0
,ensino superior completo,fluente,sênior,ensino superior completo,fluente,ti - sistemas e ferramentas,ti - sistemas e ferramentas-,clt full,0,1,1,0
,,,analista,ensino superior completo,básico,,ti - desenvolvimento/programação-,clt full,0,0,0,0
,,,analista,ensino superior completo,básico,,ti - projetos-,"pj/autônomo, clt full",0,0,0,0
,,,analista,ensino superior completo,básico,,ti - projetos-,"pj/autônomo, clt full",0,0,0,0
,,,especialista,ensino superior completo,avançado,,ti - sap-,pj/autônomo,0,0,0,0
,,,sênior,ensino superior completo,nenhum,,gestão e alocação de recursos de ti-ti - sap-,pj/autônomo,0,0,0,0
,,,pleno,ensino técnico completo,nenhum,,gestão e alocação de recursos de ti-,pj/autônomo,0,0,0,0
,,,sênior,ensino médio completo,nenhum,,financeira/controladoria-,hunting,0,0,0,0
,,,sênior,ensino superior completo,avançado,,ti - suporte-,pj/autônomo,0,0,0,0
,,,pleno,ensino técnico completo,nenhum,,gestão e alocação de recursos de ti-,pj/autônomo,0,0,0,0
,,,analista,ensino superior completo,básico,,ti - projetos-,hunting,0,0,0,0
,,,sênior,ensino superior completo,básico,,ti - projetos-,"pj/autônomo, clt full",0,0,0,0
,,,sênior,ensino médio completo,avançado,,gestão e alocação de recursos de ti-,pj/autônomo,0,0,0,0
,,,sênior,ensino superior completo,avançado,,ti - sistemas e ferramentas-,clt full,0,0,0,0
,,,sênior,ensino superior completo,básico,,ti - projetos-,cooperado,0,0,0,0
,,,analista,ensino superior completo,básico,,ti - projetos-,hunting,0,0,0,0
,,,pleno,ensino superior completo,avançado,,ti - governança-,"clt full, clt cotas, cooperado, pj/autônomo",0,0,0,0
,,,sênior,ensino superior completo,fluente,,ti - projetos-,pj/autônomo,0,0,0,0
,,,analista,ensino superior completo,básico,,ti - infraestrutura-,clt full,0,0,0,0
,,,sênior,ensino superior completo,fluente,,ti - projetos-,pj/autônomo,0,0,0,0
,,,sênior,ensino superior completo,básico,,ti - projetos-,pj/autônomo,0,0,0,0
,,,sênior,ensino superior cursando,básico,,ti - desenvolvimento/programação-,"clt full, pj/autônomo",0,0,0,0
,,,sênior,ensino superior completo,intermediário,,ti - desenvolvimento/programação-,,0,0,0,0
,,,analista,ensino superior completo,básico,,ti - projetos-,"pj/autônomo, clt full",0,0,0,0
,mestrado incompleto,intermediário,sênior,ensino superior completo,básico,ti - sap,ti - sap-,"clt full, pj/autônomo",0,0,0,0
,,,sênior,ensino médio completo,intermediário,,ti - projetos-,hunting,0,0,0,0
,,,sênior,ensino superior completo,intermediário,,ti - projetos-,clt full,0,0,0,0
,pós graduação completo,avançado,sênior,ensino médio completo,técnico,"ti - desenvolvimento/programação, ti - processos e negócios, ti - segurança da informação, ti - sistemas e ferramentas",ti - projetos-,pj/autônomo,0,0,0,0
,,,pleno,ensino superior completo,básico,,ti - projetos-,hunting,0,0,0,0
,,,sênior,ensino médio completo,avançado,,gestão e alocação de recursos de ti-,pj/autônomo,0,0,0,0
,,,pleno,ensino superior completo,avançado,,ti - projetos-,pj/autônomo,0,0,0,0
,,,sênior,ensino superior completo,nenhum,,ti - projetos-,clt full,0,0,0,0
sênior,,,analista,ensino superior completo,básico,,ti - projetos-,"clt full, pj/autônomo",0,0,0,0
,,,sênior,ensino superior completo,intermediário,,ti - projetos-,,0,0,0,0
,,,sênior,ensino superior completo,avançado,,ti - infraestrutura-,cooperado,0,0,0,0
,,,sênior,ensino médio completo,nenhum,,ti - sap-,pj/autônomo,0,0,0,0
,,,sênior,ensino superior completo,básico,,ti - desenvolvimento/programação-,hunting,0,0,0,0
,ensino técnico completo,básico,pleno,ensino técnico completo,nenhum,"ti - infraestrutura, ti - sap, ti - suporte",gestão e alocação de recursos de ti-,pj/autônomo,0,1,0,0
,ensino superior completo,básico,sênior,ensino superior completo,intermediário,ti - desenvolvimento/programação,ti - desenvolvimento/programação-,,0,1,0,0
,ensino superior cursando,intermediário,sênior,ensino médio completo,técnico,ti - qualidade/testes,administrativa-,hunting,0,0,0,0
,,,analista,ensino superior cursando,nenhum,,ti - sap-,clt cotas,0,0,0,0
,,,analista,ensino superior completo,avançado,,ti - projetos-,"clt full, pj/autônomo",0,0,0,0
,,,sênior,ensino superior completo,avançado,,ti - telecom-,hunting,0,0,0,0
,pós graduação completo,básico,analista,ensino superior completo,básico,ti - suporte,ti - projetos-,"clt full, pj/autônomo",0,0,1,0
,,,júnior,ensino superior completo,básico,,ti - suporte-,hunting,0,0,0,0
,,,sênior,ensino técnico completo,nenhum,,ti - arquitetura-,pj/autônomo,0,0,0,0
,,,sênior,ensino superior completo,nenhum,,ti - processos e negócios-,pj/autônomo,0,0,0,0
,ensino superior completo,fluente,sênior,ensino superior completo,avançado,,ti - desenvolvimento/programação-,,0,1,0,0
,,,sênior,ensino superior completo,nenhum,,ti - qualidade/testes-,clt full,0,0,0,0
,,,júnior,ensino médio completo,nenhum,,administrativa-,cooperado,0,0,0,0
,ensino superior completo,básico,sênior,ensino superior completo,nenhum,"ti - banco de dados, ti - processos e negócios, ti - projetos, ti - qualidade/testes, ti - sistemas e ferramentas",ti - projetos-,pj/autônomo,0,1,0,0
,,,assistente,ensino superior completo,básico,,ti - sap-,pj/autônomo,0,0,0,0
,,,analista,ensino superior completo,básico,,ti - projetos-,"clt full, pj/autônomo",0,0,0,0
,ensino superior completo,intermediário,sênior,ensino superior completo,nenhum,ti - sap,ti - sap-,cooperado,0,1,0,0
,,,sênior,ensino superior completo,nenhum,,ti - projetos-,clt full,0,0,0,0
,,,sênior,ensino superior completo,nenhum,,ti - sap-,pj/autônomo,0,0,0,0
,,,analista,ensino superior completo,avançado,,ti - projetos-,hunting,0,0,0,0
,,,analista,ensino superior completo,avançado,,ti - projetos-,clt full,0,0,0,0
,ensino superior completo,intermediário,sênior,ensino superior completo,avançado,ti - sap,ti - desenvolvimento/programação-,clt full,0,1,0,0
,,,pleno,ensino superior completo,básico,,ti - projetos-,"pj/autônomo, cooperado",0,0,0,0
,,,júnior,ensino superior completo,nenhum,,ti - banco de dados-,clt full,0,0,0,0
,,,sênior,ensino superior completo,básico,,ti - sap-,pj/autônomo,0,0,0,0
,,,júnior,ensino médio completo,nenhum,,administrativa-,clt full,0,0,0,0
,,,sênior,ensino superior completo,avançado,,ti - projetos-,pj/autônomo,0,0,0,0
,,,analista,ensino superior completo,básico,,ti - projetos-,hunting,0,0,0,0
,,,sênior,ensino médio completo,técnico,,financeira/controladoria-,pj/autônomo,0,0,0,0
,ensino superior completo,avançado,pleno,ensino superior completo,intermediário,ti - processos e negócios,ti - projetos-,clt full,0,1,0,0
,,,analista,ensino superior completo,intermediário,,ti - desenvolvimento/programação-,clt full,0,0,0,0
,,,analista,ensino superior completo,básico,,ti - desenvolvimento/programação-,clt full,0,0,0,0
,pós graduação completo,avançado,líder,ensino superior completo,intermediário,ti - processos e negócios,ti - sap-,"clt full, pj/autônomo",0,0,0,0
,ensino superior incompleto,básico,analista,ensino superior completo,básico,ti - desenvolvimento/programação,ti - projetos-,"clt full, pj/autônomo",0,0,1,0
,,,especialista,ensino superior completo,fluente,,ti - sap-,cooperado,0,0,0,0
,,,sênior,ensino médio completo,nenhum,,administrativa-,pj/autônomo,0,0,0,0
,,,analista,ensino técnico completo,nenhum,,ti - desenvolvimento/programação-,clt full,0,0,0,0
,,,analista,ensino superior completo,fluente,,ti - sap-,pj/autônomo,0,0,0,0
,,,analista,ensino superior completo,básico,,ti - projetos-,clt full,0,0,0,0
,,,sênior,ensino médio completo,nenhum,,administrativa-,pj/autônomo,0,0,0,0
,,,júnior,ensino médio completo,nenhum,,administrativa-,clt full,0,0,0,0
,ensino superior completo,intermediário,analista,ensino superior completo,básico,ti - suporte,ti - suporte-,clt cotas,0,1,0,0
,,,analista,ensino superior completo,básico,,ti - sap-,clt full,0,0,0,0
,,,assistente,ensino superior completo,básico,,recursos humanos-,pj/autônomo,0,0,0,0
,,,sênior,ensino superior completo,nenhum,,ti - infraestrutura-,,0,0,0,0
,,,analista,ensino superior completo,básico,,ti - projetos-,"clt full, cooperado, pj/autônomo",0,0,0,0
,,,sênior,ensino superior completo,básico,,ti - sap-,"clt full, pj/autônomo",0,0,0,0
,,,analista,ensino superior cursando,intermediário,,ti - projetos-,"pj/autônomo, clt full",0,0,0,0
,,,sênior,ensino médio completo,avançado,,administrativa-,pj/autônomo,0,0,0,0
,pós graduação completo,avançado,pleno,pós graduação cursando,nenhum,"ti - governança, ti - infraestrutura",gestão e alocação de recursos de ti-ti - segurança da informação-,pj/autônomo,0,0,0,0
,,,analista,ensino superior completo,básico,,ti - sap-,pj/autônomo,0,0,0,0
,,,sênior,ensino superior completo,intermediário,,ti - projetos-,clt full,0,0,0,0
,,,sênior,ensino superior completo,fluente,,ti - projetos-,pj/autônomo,0,0,0,0
,ensino superior cursando,avançado,analista,ensino superior completo,básico,ti - banco de dados,ti - projetos-,"pj/autônomo, clt full",0,0,0,0
,,,sênior,ensino médio completo,avançado,,gestão e alocação de recursos de ti-,pj/autônomo,0,0,0,0
,,,pleno,ensino superior completo,avançado,,ti - projetos-,pj/autônomo,0,0,0,0
,,,sênior,ensino superior completo,nenhum,,gestão e alocação de recursos de ti-,clt full,0,0,0,0
,,,pleno,ensino superior completo,básico,,ti - projetos-,cooperado,0,0,0,0
,,,analista,ensino superior completo,básico,,ti - sap-,"pj/autônomo, clt full",0,0,0,0
,,,analista,ensino superior completo,básico,,administrativa-,clt full,0,0,0,0
,ensino superior completo,avançado,líder,ensino superior completo,avançado,ti - desenvolvimento/programação,ti - projetos-,hunting,0,1,1,0
,ensino superior incompleto,intermediário,analista,ensino superior completo,fluente,ti - desenvolvimento/programação,ti - projetos-,hunting,0,0,0,0
,,,sênior,ensino superior completo,nenhum,,gestão e alocação de recursos de ti-,clt full,0,0,0,0
,,,pleno,ensino técnico completo,nenhum,,gestão e alocação de recursos de ti-,pj/autônomo,0,0,0,0
,pós graduação cursando,fluente,analista,ensino superior completo,básico,"ti - arquitetura, ti - banco de dados, ti - desenvolvimento/programação, ti - governança, ti - infraestrutura, ti - processos e negócios, ti - projetos, ti - sistemas e ferramentas, ti - suporte, ti - telecom",ti - projetos-,clt cotas,0,0,0,0
,ensino superior completo,intermediário,analista,ensino superior completo,básico,ti - desenvolvimento/programação,ti - processos e negócios-,"clt full, clt cotas",0,1,0,0
,,,sênior,ensino superior completo,avançado,,financeira/controladoria-,pj/autônomo,0,0,0,0
,,,pleno,ensino superior completo,avançado,,ti - desenvolvimento/programação-,,0,0,0,0
,,,analista,ensino superior completo,básico,,ti - projetos-,clt full,0,0,0,0
,,,pleno,ensino técnico completo,nenhum,,gestão e alocação de recursos de ti-,pj/autônomo,0,0,0,0
,,,gerente,ensino superior completo,básico,,ti - projetos-,"pj/autônomo, clt full",0,0,0,0
,ensino superior completo,intermediário,analista,ensino superior completo,básico,ti - infraestrutura,ti - infraestrutura-,clt full,0,1,0,0
,ensino superior completo,intermediário,sênior,ensino superior completo,básico,financeira/controladoria,ti - projetos-,pj/autônomo,0,1,0,0
,,,pleno,ensino superior completo,nenhum,,ti - projetos-,pj/autônomo,0,0,0,0
,,,sênior,ensino superior completo,intermediário,,ti - projetos-,clt full,0,0,0,0
,ensino superior completo,básico,pleno,ensino superior completo,fluente,ti - infraestrutura,gestão e alocação de recursos de ti-ti - infraestrutura-,clt full,0,1,0,0
,,,analista,ensino superior completo,intermediário,,ti - sap-,pj/autônomo,0,0,0,0
,,,sênior,ensino superior completo,básico,,ti - projetos-,clt full,0,0,0,0
,ensino superior completo,fluente,analista,ensino superior completo,fluente,ti - sap,ti - sap-,pj/autônomo,0,1,1,0
,,,sênior,ensino superior completo,avançado,,ti - projetos-,pj/autônomo,0,0,0,0
,,,pleno,ensino médio completo,avançado,,gestão e alocação de recursos de ti-,pj/autônomo,0,0,0,0
,,,analista,ensino superior completo,intermediário,,ti - projetos-,clt full,0,0,0,0
,,,sênior,ensino superior completo,básico,,ti - sap-,pj/autônomo,0,0,0,0
,,,pleno,ensino técnico completo,básico,,gestão e alocação de recursos de ti-,hunting,0,0,0,0
,,,analista,ensino superior completo,básico,,ti - projetos-,"clt full, pj/autônomo",0,0,0,0
,,,sênior,ensino médio completo,avançado,,financeira/controladoria-,pj/autônomo,0,0,0,0
,,,pleno,ensino superior completo,avançado,,ti - projetos-,pj/autônomo,0,0,0,0
,pós graduação completo,básico,analista,ensino superior completo,básico,relacionamento técnico,ti - desenvolvimento/programação-,clt full,0,0,1,0
,,,pleno,ensino superior completo,intermediário,,ti - projetos-,,0,0,0,0
,,,pleno,ensino superior completo,nenhum,,gestão e alocação de recursos de ti-ti - sap-,pj/autônomo,0,0,0,0
,ensino superior completo,básico,pleno,ensino técnico completo,nenhum,ti - telecom,gestão e alocação de recursos de ti-,hunting,0,0,0,0
,,,analista,ensino superior completo,fluente,,ti - projetos-,hunting,0,0,0,0
,,,pleno,ensino técnico completo,nenhum,,gestão e alocação de recursos de ti-,pj/autônomo,0,0,0,0
,pós graduação completo,intermediário,sênior,ensino superior completo,nenhum,ti - suporte,ti - projetos-,cooperado,0,0,0,0
,ensino superior completo,avançado,sênior,ensino superior completo,fluente,ti - desenvolvimento/programação,ti - projetos-,pj/autônomo,0,1,0,0
,ensino superior incompleto,fluente,sênior,ensino superior completo,básico,ti - sap,ti - sap-,clt full,0,0,0,0
,,,sênior,ensino superior completo,avançado,,ti - sap-,"pj/autônomo, clt full",0,0,0,0
,,,analista,ensino superior completo,básico,,ti - projetos-,"clt full, pj/autônomo",0,0,0,0
,,,pleno,ensino superior completo,nenhum,,gestão e alocação de recursos de ti-ti - sap-,pj/autônomo,0,0,0,0
,,,líder,ensino superior completo,fluente,,gestão e alocação de recursos de ti-,clt cotas,0,0,0,0
,,,auxiliar,ensino superior cursando,nenhum,,administrativa-,clt full,0,0,0,0
,,,pleno,ensino superior completo,básico,,ti - sistemas e ferramentas-,"pj/autônomo, cooperado",0,0,0,0
,,,pleno,ensino técnico completo,nenhum,,gestão e alocação de recursos de ti-,pj/autônomo,0,0,0,0
,,,sênior,ensino superior completo,intermediário,,ti - sistemas e ferramentas-,pj/autônomo,0,0,0,0
,,,sênior,ensino superior completo,avançado,,ti - projetos-,pj/autônomo,0,0,0,0
,,,sênior,ensino superior cursando,nenhum,,ti - projetos-,hunting,0,0,0,0
,,,sênior,ensino superior completo,nenhum,,gestão e alocação de recursos de ti-,cooperado,0,0,0,0
,,,analista,ensino superior completo,básico,,ti - projetos-,"pj/autônomo, clt full",0,0,0,0
,,,analista,ensino médio completo,básico,,ti - projetos-,hunting,0,0,0,0
,pós graduação completo,intermediário,pleno,ensino técnico completo,nenhum,"ti - desenvolvimento/design, ti - processos e negócios, ti - projetos, ti - sap, ti - suporte",gestão e alocação de recursos de ti-,pj/autônomo,0,0,0,0
,ensino superior completo,intermediário,júnior,ensino superior completo,avançado,ti - qualidade/testes,ti - projetos-,pj/autônomo,0,1,0,0
,,,analista,ensino superior completo,básico,,ti - projetos-,hunting,0,0,0,0
,,,sênior,ensino superior completo,avançado,,ti - sap-,pj/autônomo,0,0,0,0
,,,sênior,ensino superior completo,fluente,,ti - sap-,clt full,0,0,0,0
,,,sênior,ensino superior completo,avançado,,ti - projetos-,pj/autônomo,0,0,0,0
,,,analista,ensino superior completo,básico,,ti - projetos-,"clt full, pj/autônomo",0,0,0,0
,,,sênior,ensino superior completo,básico,,ti - projetos-,pj/autônomo,0,0,0,0
,,,pleno,ensino superior completo,avançado,,ti - projetos-,hunting,0,0,0,0
,,,pleno,ensino superior completo,intermediário,,ti - suporte-,clt full,0,0,0,0
,,,sênior,ensino superior completo,básico,,ti - sap-,clt full,0,0,0,0
,,,sênior,ensino superior completo,intermediário,,ti - ux-,hunting,0,0,0,0
,,,pleno,ensino superior completo,nenhum,,ti - desenvolvimento/programação-,clt cotas,0,0,0,0
,,,analista,ensino superior completo,básico,,ti - projetos-,"clt full, pj/autônomo",0,0,0,0
,ensino superior completo,básico,sênior,ensino superior completo,intermediário,ti - desenvolvimento/programação,ti - desenvolvimento/programação-,pj/autônomo,0,1,0,0
,,,sênior,ensino superior completo,avançado,,ti - sap-,clt full,0,0,0,0
,ensino superior completo,intermediário,analista,ensino superior cursando,básico,ti - sistemas e ferramentas,ti - suporte-,hunting,0,0,0,0
,,,analista,ensino superior completo,básico,,ti - projetos-,"pj/autônomo, clt full",0,0,0,0
,,,pleno,ensino técnico completo,nenhum,,gestão e alocação de recursos de ti-,pj/autônomo,0,0,0,0
,,,analista,ensino superior cursando,intermediário,,financeira/controladoria-,clt full,0,0,0,0
,,,analista,ensino superior completo,básico,,ti - projetos-,"pj/autônomo, estagiário, cooperado, clt cotas, clt full",0,0,0,0
,ensino superior cursando,avançado,analista,ensino superior completo,avançado,ti - sap,ti - sap-,pj/autônomo,0,0,1,0
,,,sênior,ensino superior completo,básico,,ti - sap-,pj/autônomo,0,0,0,0
,,,sênior,ensino superior completo,nenhum,,ti - sap-,cooperado,0,0,0,0
,ensino superior completo,fluente,analista,ensino superior completo,básico,marketing,ti - sap-,clt cotas,0,1,0,0
,ensino superior cursando,básico,pleno,ensino superior completo,nenhum,ti - qualidade/testes,ti - qualidade/testes-,pj/autônomo,0,0,0,0
,,,analista,ensino superior completo,fluente,,ti - projetos-,pj/autônomo,0,0,0,0
,,,analista,ensino superior completo,intermediário,,ti - projetos-,"pj/autônomo, clt full",0,0,0,0
,ensino superior completo,avançado,analista,ensino superior completo,básico,ti - infraestrutura,ti - infraestrutura-,clt full,0,1,0,0
,,,sênior,ensino superior completo,básico,,ti - sap-,"pj/autônomo, clt full",0,0,0,0
,,,analista,ensino superior completo,básico,,ti - sap-,cooperado,0,0,0,0
,,,analista,ensino superior completo,básico,,ti - desenvolvimento/programação-,clt full,0,0,0,0
,,,analista,ensino superior completo,básico,,ti - desenvolvimento/programação-,clt full,0,0,0,0
,pós graduação completo,básico,analista,ensino superior completo,básico,ti - processos e negócios,ti - projetos-,"clt full, pj/autônomo",0,0,1,0
,,,sênior,ensino superior completo,fluente,,ti - projetos-,pj/autônomo,0,0,0,0
,,,analista,ensino superior completo,básico,,administrativa-,clt full,0,0,0,0
,,,analista,ensino superior completo,básico,,ti - sap-,clt full,0,0,0,0
,,,sênior,ensino superior completo,avançado,,ti - sap-,"pj/autônomo, clt full",0,0,0,0
,,,analista,ensino superior completo,básico,,ti - sap-,"pj/autônomo, clt full",0,0,0,0
,,,assistente,ensino superior incompleto,básico,,administrativa-,clt full,0,0,0,0
,,,pleno,ensino superior completo,avançado,,ti - sap-,clt full,0,0,0,0
,,,sênior,ensino médio completo,fluente,,financeira/controladoria-,cooperado,0,0,0,0
,,,sênior,ensino médio completo,nenhum,,financeira/controladoria-,pj/autônomo,0,0,0,0
,,,sênior,ensino superior completo,básico,,ti - sap-,pj/autônomo,0,0,0,0
,,,analista,ensino superior completo,básico,,ti - sap-,pj/autônomo,0,0,0,0
,,,analista,ensino superior completo,básico,,ti - projetos-,"cooperado, pj/autônomo",0,0,0,0
,mestrado completo,fluente,gerente,ensino superior completo,avançado,qualidade corporativa,ti - projetos-,hunting,0,0,0,0
,,,sênior,ensino médio completo,nenhum,,gestão e alocação de recursos de ti-,pj/autônomo,0,0,0,0
,,,analista,ensino superior completo,básico,,ti - banco de dados-,clt full,0,0,0,0
,,,sênior,ensino superior completo,intermediário,,ti - arquitetura-,hunting,0,0,0,0
,,,pleno,ensino técnico completo,nenhum,,gestão e alocação de recursos de ti-,pj/autônomo,0,0,0,0
,,,analista,ensino superior completo,básico,,ti - sap-,clt cotas,0,0,0,0
,,,analista,ensino superior completo,básico,,ti - projetos-,"pj/autônomo, clt full",0,0,0,0
,pós graduação completo,básico,analista,ensino superior completo,básico,ti - infraestrutura,ti - projetos-,"pj/autônomo, clt full",0,0,1,0
,,,pleno,ensino superior completo,nenhum,,ti - projetos-,hunting,0,0,0,0
,ensino superior completo,básico,sênior,ensino superior completo,básico,ti - desenvolvimento/programação,ti - projetos-,clt full,0,1,1,0
,,,sênior,ensino superior completo,nenhum,,gestão e alocação de recursos de ti-ti - sap-,pj/autônomo,0,0,0,0
,,,analista,ensino superior completo,básico,,ti - projetos-,"pj/autônomo, clt full",0,0,0,0
,,,líder,ensino superior completo,avançado,,ti - projetos-,hunting,0,0,0,0
,,,analista,ensino superior completo,básico,,ti - projetos-,pj/autônomo,0,0,0,0
,,,analista,ensino superior completo,básico,,ti - projetos-,hunting,0,0,0,0
,,,sênior,ensino superior completo,avançado,,ti - projetos-,pj/autônomo,0,0,0,0
,,,sênior,ensino superior completo,avançado,,ti - sap-,clt full,0,0,0,0
,,,sênior,ensino médio completo,nenhum,,ti - sap-,cooperado,0,0,0,0
,,,pleno,ensino superior completo,fluente,,ti - qualidade/testes-,clt full,0,0,0,0
,,,sênior,ensino superior cursando,básico,,ti - desenvolvimento/programação-,"clt full, pj/autônomo",0,0,0,0
,,,sênior,ensino superior completo,intermediário,,ti - projetos-,clt full,0,0,0,0
,,,pleno,ensino superior completo,nenhum,,ti - sistemas e ferramentas-,clt full,0,0,0,0
,,,pleno,ensino técnico completo,nenhum,,gestão e alocação de recursos de ti-,pj/autônomo,0,0,0,0
,ensino superior completo,avançado,sênior,ensino médio completo,nenhum,qualidade corporativa,administrativa-,,0,0,0,0
,,,analista,ensino superior completo,intermediário,,administrativa-recursos humanos-,clt full,0,0,0,0
,,,sênior,ensino superior completo,fluente,,ti - sistemas e ferramentas-,,0,0,0,0
,,,analista,ensino superior completo,básico,,ti - projetos-,"pj/autônomo, clt full",0,0,0,0
,ensino superior cursando,nenhum,analista,ensino superior completo,básico,financeira/controladoria,ti - projetos-,"pj/autônomo, clt full",0,0,0,0
,,,sênior,ensino médio completo,nenhum,,financeira/controladoria-,cooperado,0,0,0,0
,,,pleno,ensino superior completo,nenhum,,ti - desenvolvimento/programação-,clt full,0,0,0,0
,,,analista,ensino superior completo,avançado,,ti - projetos-,"clt full, pj/autônomo",0,0,0,0
,,,pleno,ensino técnico completo,nenhum,,gestão e alocação de recursos de ti-,pj/autônomo,0,0,0,0
,,,analista,ensino superior completo,básico,,ti - projetos-,"pj/autônomo, clt full",0,0,0,0
,ensino superior incompleto,básico,pleno,ensino médio completo,nenhum,ti - suporte,gestão e alocação de recursos de ti-,cooperado,0,0,0,0
,,,sênior,ensino médio completo,avançado,,ti - projetos-,pj/autônomo,0,0,0,0
,,,pleno,ensino técnico completo,nenhum,,gestão e alocação de recursos de ti-,pj/autônomo,0,0,0,0
,ensino fundamental completo,básico,analista,ensino superior completo,básico,ti - desenvolvimento/programação,ti - projetos-,"pj/autônomo, clt full",0,0,1,0
,,,analista,ensino superior completo,básico,,ti - projetos-,"clt full, pj/autônomo",0,0,0,0
,,,pleno,ensino técnico completo,nenhum,,gestão e alocação de recursos de ti-,pj/autônomo,0,0,0,0
,,,gerente,ensino superior completo,básico,,ti - projetos-,hunting,0,0,0,0
,,,sênior,ensino médio completo,fluente,,gestão e alocação de recursos de ti-,pj/autônomo,0,0,0,0
,,,especialista,ensino superior completo,avançado,,ti - sap-,pj/autônomo,0,0,0,0
,,,pleno,ensino técnico completo,nenhum,,gestão e alocação de recursos de ti-,pj/autônomo,0,0,0,0
,,,analista,ensino superior completo,básico,,ti - projetos-,"clt full, pj/autônomo",0,0,0,0
,,,sênior,ensino médio completo,nenhum,,gestão e alocação de recursos de ti-,cooperado,0,0,0,0
,,,sênior,ensino superior completo,avançado,,ti - sap-,pj/autônomo,0,0,0,0
,ensino superior completo,básico,pleno,ensino superior completo,nenhum,ti - desenvolvimento/programação,ti - desenvolvimento/programação-,clt full,0,1,0,0
,ensino superior completo,avançado,pleno,ensino superior completo,avançado,ti - sap,ti - projetos-,pj/autônomo,0,1,1,0
,,,analista,ensino superior completo,básico,,ti - projetos-,"clt full, pj/autônomo",0,0,0,0
,ensino técnico completo,intermediário,sênior,ensino superior completo,fluente,ti - sap,ti - projetos-,"clt full, pj/autônomo",0,0,0,0
,,,sênior,ensino superior completo,básico,,ti - projetos-,"pj/autônomo, clt full",0,0,0,0
,,,sênior,ensino superior completo,intermediário,,ti - arquitetura-,hunting,0,0,0,0
,,,analista,ensino superior completo,básico,,ti - sap-,pj/autônomo,0,0,0,0
,,,pleno,ensino superior completo,nenhum,,ti - projetos-,clt cotas,0,0,0,0
,,,sênior,ensino superior completo,fluente,,ti - projetos-,pj/autônomo,0,0,0,0
,,,pleno,ensino superior completo,nenhum,,gestão e alocação de recursos de ti-ti - infraestrutura-,pj/autônomo,0,0,0,0
,,,sênior,ensino superior completo,fluente,,ti - sap-,pj/autônomo,0,0,0,0
,,,pleno,ensino técnico completo,nenhum,,gestão e alocação de recursos de ti-ti - sap-,pj/autônomo,0,0,0,0
,,,sênior,ensino superior completo,fluente,,ti - sap-,pj/autônomo,0,0,0,0
,,,analista,ensino superior completo,básico,,ti - sap-,pj/autônomo,0,0,0,0
,,,analista,ensino superior completo,básico,,ti - sap-,pj/autônomo,0,0,0,0
,,,analista,ensino superior completo,básico,,ti - projetos-,"pj/autônomo, clt full",0,0,0,0
,,,analista,ensino superior completo,intermediário,,ti - sap-,pj/autônomo,0,0,0,0
,ensino superior cursando,avançado,analista,ensino superior completo,fluente,ti - infraestrutura,ti - telecom-,clt full,0,0,0,0
,,,pleno,ensino superior completo,avançado,,gestão e alocação de recursos de ti-ti - desenvolvimento/programação-,pj/autônomo,0,0,0,0
,ensino superior completo,fluente,sênior,ensino superior completo,avançado,ti - sap,ti - sap-,pj/autônomo,0,1,0,0
,,,pleno,ensino superior completo,avançado,,ti - projetos-,pj/autônomo,0,0,0,0
,,,analista,ensino superior completo,básico,,ti - sap-,"clt cotas, pj/autônomo",0,0,0,0
,,,analista,ensino superior completo,básico,,ti - projetos-,"clt full, pj/autônomo",0,0,0,0
,,,sênior,ensino médio completo,fluente,,ti - sap-,pj/autônomo,0,0,0,0
,ensino superior completo,intermediário,sênior,ensino superior completo,avançado,"ti - banco de dados, ti - desenvolvimento/design, ti - desenvolvimento/programação, ti - sistemas e ferramentas",comercial-,clt full,0,1,0,0
,,,sênior,ensino superior completo,avançado,,ti - projetos-,hunting,0,0,0,0
,,,sênior,ensino superior completo,nenhum,,ti - sap-,pj/autônomo,0,0,0,0
,,,sênior,ensino superior completo,básico,,ti - projetos-,hunting,0,0,0,0
,,,pleno,ensino técnico completo,nenhum,,gestão e alocação de recursos de ti-,pj/autônomo,0,0,0,0
,,,analista,ensino superior completo,avançado,,ti - projetos-,"clt full, pj/autônomo",0,0,0,0
,,,pleno,ensino técnico completo,nenhum,,gestão e alocação de recursos de ti-,pj/autônomo,0,0,0,0
,ensino superior completo,intermediário,analista,ensino superior completo,básico,ti - sap,ti - projetos-,"clt full, pj/autônomo",0,1,0,0
,,,júnior,ensino superior cursando,intermediário,,ti - projetos-,"clt full, cooperado, pj/autônomo",0,0,0,0
,ensino superior completo,intermediário,analista,ensino superior completo,básico,ti - sap,ti - sap-,"pj/autônomo, clt full",0,1,0,0
,,,sênior,ensino superior completo,fluente,,ti - sap-,clt full,0,0,0,0
,,,especialista,ensino superior completo,avançado,,ti - sap-,pj/autônomo,0,0,0,0
,,,sênior,ensino superior completo,avançado,,ti - qualidade/testes-,,0,0,0,0
,,,analista,ensino superior completo,básico,,ti - sap-,pj/autônomo,0,0,0,0
,,,analista,ensino superior completo,básico,,ti - projetos-,clt full,0,0,0,0
,,,sênior,ensino superior completo,avançado,,ti - projetos-,pj/autônomo,0,0,0,0
,,,sênior,ensino superior completo,básico,,ti - projetos-,clt full,0,0,0,0
,,,gerente,ensino superior completo,básico,,ti - projetos-,"pj/autônomo, clt full",0,0,0,0
,,,sênior,ensino superior completo,fluente,,ti - projetos-,pj/autônomo,0,0,0,0
,,,analista,ensino superior completo,básico,,ti - projetos-,"pj/autônomo, clt full",0,0,0,0
,,,sênior,ensino superior completo,avançado,,ti - sap-,pj/autônomo,0,0,0,0
,,,analista,ensino superior completo,básico,,ti - projetos-,hunting,0,0,0,0
,ensino superior completo,intermediário,analista,ensino superior completo,básico,"administrativa, recursos humanos",ti - projetos-,"clt full, pj/autônomo",0,1,0,0
,,,pleno,ensino superior completo,intermediário,,ti - projetos-,pj/autônomo,0,0,0,0
,ensino superior completo,intermediário,analista,ensino superior completo,básico,ti - sap,ti - sap-,clt full,0,1,0,0
,ensino superior incompleto,básico,analista,ensino superior completo,fluente,ti - sap,ti - sap-,"clt full, pj/autônomo",0,0,0,0
,ensino superior completo,avançado,sênior,ensino médio completo,nenhum,ti - arquitetura,gestão e alocação de recursos de ti-,cooperado,0,0,0,0
,,,sênior,ensino superior completo,básico,,ti - projetos-,"pj/autônomo, clt full",0,0,0,0
,ensino superior completo,intermediário,sênior,ensino superior completo,avançado,ti - sap,ti - sap-,hunting,0,1,0,0
,pós graduação completo,básico,analista,ensino superior completo,intermediário,ti - desenvolvimento/programação,ti - projetos-,clt cotas,0,0,0,0
,,,sênior,ensino superior completo,básico,,ti - projetos-,"clt full, hunting",0,0,0,0
,ensino superior cursando,nenhum,analista,ensino superior completo,básico,administrativa,administrativa-,clt full,0,0,0,0
,,,pleno,ensino superior completo,intermediário,,ti - projetos-,hunting,0,0,0,0
,ensino superior cursando,fluente,sênior,ensino superior completo,avançado,ti - desenvolvimento/programação,ti - desenvolvimento/programação-,,0,0,0,0
,,,analista,ensino superior completo,básico,,ti - desenvolvimento/programação-,clt full,0,0,0,0
,ensino superior completo,avançado,sênior,ensino superior completo,avançado,ti - projetos,ti - processos e negócios-,pj/autônomo,0,1,1,0
,,,analista,ensino superior completo,básico,,ti - projetos-,clt full,0,0,0,0
,ensino superior incompleto,básico,assistente,ensino médio completo,nenhum,"administrativa, comercial, financeira/controladoria, recursos humanos",ti - projetos-,clt full,0,0,0,0
,,,sênior,ensino médio completo,nenhum,,gestão e alocação de recursos de ti-,cooperado,0,0,0,0
,,,especialista,ensino superior completo,avançado,,ti - sap-,pj/autônomo,0,0,0,0
,,,pleno,ensino superior completo,nenhum,,ti - sap-,pj/autônomo,0,0,0,0
,,,pleno,ensino superior completo,intermediário,,ti - desenvolvimento/programação-,,0,0,0,0
,,,analista,ensino superior completo,básico,,ti - suporte-,"pj/autônomo, clt full",0,0,0,0
,,,analista,ensino superior completo,fluente,,ti - projetos-,hunting,0,0,0,0
,,,analista,ensino superior completo,básico,,ti - projetos-,"clt full, pj/autônomo",0,0,0,0
,ensino superior cursando,avançado,sênior,ensino superior completo,avançado,ti - desenvolvimento/programação,ti - projetos-,pj/autônomo,0,0,1,0
,,,pleno,ensino superior completo,avançado,,ti - projetos-,pj/autônomo,0,0,0,0
,,,pleno,ensino superior completo,avançado,,ti - projetos-,pj/autônomo,0,0,0,0
,,,sênior,ensino médio completo,avançado,,financeira/controladoria-,pj/autônomo,0,0,0,0
,,,sênior,ensino médio completo,nenhum,,qualidade corporativa-,clt full,0,0,0,0
,,,sênior,ensino superior completo,nenhum,,ti - sap-,pj/autônomo,0,0,0,0
,pós graduação cursando,intermediário,sênior,ensino superior completo,fluente,ti - projetos,ti - sistemas e ferramentas-,,0,0,0,0
,,,analista,ensino superior completo,básico,,ti - projetos-,"clt full, pj/autônomo",0,0,0,0
,ensino superior completo,fluente,gerente,ensino superior completo,avançado,ti - projetos,ti - sap-,pj/autônomo,0,1,0,0
,,,analista,ensino superior completo,básico,,ti - projetos-,"pj/autônomo, clt full",0,0,0,0
,,,analista,ensino médio completo,nenhum,,administrativa-financeira/controladoria-,clt full,0,0,0,0
,,,sênior,ensino superior completo,fluente,,ti - projetos-,pj/autônomo,0,0,0,0
,,,coordenador,ensino médio completo,avançado,,administrativa-,cooperado,0,0,0,0
,,,sênior,ensino superior completo,avançado,,ti - projetos-,hunting,0,0,0,0
,,,analista,ensino superior completo,básico,,ti - projetos-,"pj/autônomo, clt full",0,0,0,0
,,,júnior,ensino médio completo,nenhum,,administrativa-,clt full,0,0,0,0
,mestrado completo,avançado,pleno,pós graduação cursando,nenhum,ti - segurança da informação,gestão e alocação de recursos de ti-ti - segurança da informação-,pj/autônomo,0,0,0,0
,,,sênior,ensino superior completo,básico,,ti - projetos-,"pj/autônomo, clt full",0,0,0,0
,,,analista,ensino superior completo,básico,,ti - desenvolvimento/mobile-,,0,0,0,0
,,,pleno,ensino técnico completo,nenhum,,gestão e alocação de recursos de ti-,pj/autônomo,0,0,0,0
,,,líder,ensino superior cursando,fluente,,ti - projetos-,pj/autônomo,0,0,0,0
,,,pleno,ensino superior cursando,nenhum,,ti - desenvolvimento/programação-,clt cotas,0,0,0,0
,,,sênior,ensino superior completo,avançado,,ti - projetos-,pj/autônomo,0,0,0,0
,,,júnior,ensino superior completo,intermediário,,ti - sap-,pj/autônomo,0,0,0,0
,,,júnior,ensino médio completo,avançado,,administrativa-,clt full,0,0,0,0
,,,sênior,ensino superior completo,fluente,,ti - projetos-,hunting,0,0,0,0
,ensino superior cursando,intermediário,pleno,ensino superior completo,nenhum,"ti - desenvolvimento/programação, ti - qualidade/testes",ti - sistemas e ferramentas-,clt full,0,0,0,0
,,,pleno,ensino médio completo,intermediário,,gestão e alocação de recursos de ti-,pj/autônomo,0,0,0,0
,,,especialista,ensino superior completo,avançado,,ti - projetos-,cooperado,0,0,0,0
,,,pleno,ensino superior completo,intermediário,,ti - desenvolvimento/programação-,,0,0,0,0
,,,sênior,ensino superior completo,avançado,,ti - sap-,"clt full, pj/autônomo",0,0,0,0
,,,pleno,ensino técnico completo,nenhum,,gestão e alocação de recursos de ti-,hunting,0,0,0,0
,,,sênior,ensino superior completo,nenhum,,ti - sap-,"cooperado, pj/autônomo",0,0,0,0
,pós graduação completo,básico,analista,ensino superior completo,básico,ti - infraestrutura,ti - infraestrutura-,clt full,0,0,1,0
,,,analista,ensino superior completo,básico,,ti - projetos-,"pj/autônomo, clt full",0,0,0,0
,,,pleno,ensino médio completo,avançado,,gestão e alocação de recursos de ti-,pj/autônomo,0,0,0,0
,,,sênior,ensino superior completo,básico,,ti - sap-,pj/autônomo,0,0,0,0
,,,pleno,ensino técnico completo,nenhum,,gestão e alocação de recursos de ti-,pj/autônomo,0,0,0,0
,,,analista,ensino superior completo,avançado,,ti - projetos-,"clt full, pj/autônomo",0,0,0,0
,,,júnior,ensino médio completo,nenhum,,administrativa-,clt full,0,0,0,0
,,,pleno,ensino superior completo,avançado,,ti - sap-,pj/autônomo,0,0,0,0
sênior,,,sênior,ensino médio completo,avançado,,ti - projetos-,cooperado,1,0,0,0
,,,pleno,ensino superior incompleto,nenhum,,recursos humanos-,clt full,0,0,0,0
,,,analista,ensino superior completo,básico,,ti - desenvolvimento/mobile-,hunting,0,0,0,0
,,,júnior,ensino técnico completo,nenhum,,ti - suporte-,cooperado,0,0,0,0
,,,analista,ensino superior completo,básico,,ti - desenvolvimento/programação-,clt full,0,0,0,0
,,,sênior,ensino superior completo,nenhum,,ti - sap-,pj/autônomo,0,0,0,0
,,,sênior,ensino superior completo,avançado,,ti - sap-,pj/autônomo,0,0,0,0
,,,sênior,ensino superior completo,nenhum,,ti - sap-,pj/autônomo,0,0,0,0
,,,sênior,ensino técnico completo,nenhum,,ti - desenvolvimento/programação-,clt full,0,0,0,0
,,,sênior,ensino superior completo,fluente,,ti - sap-,pj/autônomo,0,0,0,0
,pós graduação completo,intermediário,sênior,ensino médio completo,fluente,ti - processos e negócios,administrativa-,pj/autônomo,0,0,0,0
,,,analista,ensino superior completo,básico,,ti - desenvolvimento/programação-,clt full,0,0,0,0
,,,sênior,ensino médio completo,avançado,,ti - projetos-,pj/autônomo,0,0,0,0
,,,analista,ensino superior completo,básico,,ti - desenvolvimento/programação-,"pj/autônomo, clt full",0,0,0,0
,ensino superior completo,intermediário,sênior,ensino superior completo,nenhum,financeira/controladoria,ti - projetos-,clt full,0,1,0,0
,,,analista,ensino superior completo,básico,,ti - projetos-,"clt full, pj/autônomo",0,0,0,0
,,,sênior,ensino médio completo,nenhum,,financeira/controladoria-,,0,0,0,0
,,,sênior,ensino superior completo,básico,,ti - projetos-,pj/autônomo,0,0,0,0
,ensino superior completo,avançado,pleno,ensino técnico completo,nenhum,ti - desenvolvimento/programação,gestão e alocação de recursos de ti-,pj/autônomo,0,0,0,0
,,,pleno,ensino técnico completo,nenhum,,gestão e alocação de recursos de ti-,pj/autônomo,0,0,0,0
,,,sênior,ensino superior completo,avançado,,ti - desenvolvimento/programação-,pj/autônomo,0,0,0,0
,pós graduação completo,intermediário,analista,ensino superior completo,avançado,"ti - banco de dados, ti - processos e negócios",ti - projetos-,clt full,0,0,0,0
,ensino superior completo,intermediário,analista,ensino superior completo,básico,"ti - processos e negócios, ti - projetos, ti - qualidade/testes",ti - desenvolvimento/programação-,clt full,0,1,0,0
,,,pleno,ensino médio incompleto,nenhum,,comercial-,cooperado,0,0,0,0
,ensino superior cursando,avançado,sênior,ensino superior completo,avançado,"ti - banco de dados, ti - desenvolvimento/programação, ti - sistemas e ferramentas",ti - desenvolvimento/programação-,,0,0,1,0
,,,sênior,ensino superior completo,fluente,,ti - desenvolvimento/programação-,clt full,0,0,0,0
,,,analista,ensino superior completo,básico,,ti - sap-,"pj/autônomo, clt full",0,0,0,0
,,,analista,ensino superior completo,básico,,ti - suporte-,"clt full, pj/autônomo",0,0,0,0
,ensino superior completo,,sênior,ensino médio completo,avançado,"ti - desenvolvimento/programação, ti - infraestrutura, ti - telecom",ti - projetos-,pj/autônomo,0,0,0,0
,,,sênior,ensino médio completo,nenhum,,gestão e alocação de recursos de ti-,cooperado,0,0,0,0
,,,sênior,ensino superior completo,básico,,ti - sap-,pj/autônomo,0,0,0,0
,pós graduação cursando,avançado,analista,ensino superior completo,básico,ti - arquitetura,ti - projetos-,"pj/autônomo, clt full",0,0,0,0
,,,sênior,ensino superior completo,avançado,,ti - projetos-ti - sap-,"clt full, pj/autônomo",0,0,0,0
,ensino superior completo,intermediário,analista,ensino superior completo,básico,ti - desenvolvimento/programação,ti - desenvolvimento/programação-,"clt cotas, clt full",0,1,0,0
,,,sênior,ensino superior completo,fluente,,ti - projetos-,hunting,0,0,0,0
,,,gerente,ensino superior completo,avançado,,ti - infraestrutura-ti - projetos-,pj/autônomo,0,0,0,0
,,,analista,ensino superior completo,básico,,ti - projetos-,"pj/autônomo, clt full",0,0,0,0
,,,analista,ensino superior completo,básico,,ti - projetos-,"clt full, pj/autônomo",0,0,0,0
,ensino superior completo,avançado,sênior,ensino médio completo,técnico,ti - desenvolvimento/programação,gestão e alocação de recursos de ti-,pj/autônomo,0,0,0,0
,,,analista,ensino superior completo,básico,,ti - sap-,pj/autônomo,0,0,0,0
,,,analista,ensino superior completo,básico,,ti - sap-,clt cotas,0,0,0,0
,pós graduação completo,fluente,sênior,ensino superior completo,fluente,ti - processos e negócios,ti - sap-,pj/autônomo,0,0,1,0
,,,pleno,ensino superior completo,intermediário,,ti - projetos-,pj/autônomo,0,0,0,0
,,,analista,ensino superior cursando,nenhum,,administrativa-financeira/controladoria-,clt full,0,0,0,0
,pós graduação completo,básico,analista,ensino superior completo,fluente,"ti - governança, ti - infraestrutura, ti - projetos, ti - sap, ti - sistemas e ferramentas, ti - suporte",ti - sap-,pj/autônomo,0,0,0,0
,,,pleno,ensino superior completo,avançado,,ti - projetos-,pj/autônomo,0,0,0,0
,ensino superior incompleto,intermediário,analista,ensino superior completo,intermediário,,ti - infraestrutura-,"clt cotas, cooperado, estagiário, pj/autônomo",0,0,1,0
,,,pleno,ensino técnico completo,nenhum,,gestão e alocação de recursos de ti-,pj/autônomo,0,0,0,0
,,,sênior,ensino superior completo,fluente,,ti - projetos-,pj/autônomo,0,0,0,0
,,,analista,ensino superior completo,fluente,,ti - sap-,"clt full, pj/autônomo",0,0,0,0
,ensino superior cursando,intermediário,analista,ensino superior completo,básico,ti - desenvolvimento/programação,ti - desenvolvimento/programação-,"pj/autônomo, clt full",0,0,0,0
,,,analista,ensino superior completo,básico,,ti - infraestrutura-,clt full,0,0,0,0
,,,sênior,pós graduação completo,nenhum,,gestão e alocação de recursos de ti-ti - sap-,pj/autônomo,0,0,0,0
,,,analista,ensino superior completo,intermediário,,ti - infraestrutura-,"clt full, clt cotas, pj/autônomo",0,0,0,0
,,,sênior,ensino superior completo,fluente,,ti - sap-,pj/autônomo,0,0,0,0
,,,sênior,ensino superior completo,básico,,ti - sap-,pj/autônomo,0,0,0,0
,,,sênior,ensino superior completo,básico,,ti - sap-,pj/autônomo,0,0,0,0
,ensino superior cursando,intermediário,sênior,ensino superior completo,avançado,ti - sistemas e ferramentas,gestão e alocação de recursos de ti-,cooperado,0,0,0,0
,,,sênior,ensino superior completo,intermediário,,ti - sistemas e ferramentas-,,0,0,0,0
,,,analista,ensino superior completo,avançado,,ti - sap-,pj/autônomo,0,0,0,0
,ensino superior completo,avançado,analista,ensino superior completo,intermediário,ti - sap,ti - sap-,"pj/autônomo, clt full",0,1,0,0
,ensino superior cursando,básico,analista,ensino superior completo,básico,administrativa,administrativa-,clt full,0,0,1,0
,,,pleno,ensino técnico completo,técnico,,ti - infraestrutura-,clt full,0,0,0,0
,,,pleno,ensino superior completo,técnico,,ti - desenvolvimento/programação-,hunting,0,0,0,0
,,,sênior,ensino superior completo,nenhum,,ti - desenvolvimento/programação-,clt full,0,0,0,0
,,,analista,ensino superior completo,básico,,ti - projetos-,"clt full, pj/autônomo",0,0,0,0
,pós graduação completo,intermediário,pleno,ensino superior completo,fluente,ti - infraestrutura,ti - suporte-,clt full,0,0,0,0
,,,sênior,ensino superior completo,avançado,,ti - sap-,pj/autônomo,0,0,0,0
,ensino superior incompleto,avançado,sênior,ensino superior cursando,nenhum,ti - desenvolvimento/programação,ti - desenvolvimento/programação-,clt full,0,0,0,0
,ensino superior completo,intermediário,sênior,ensino superior completo,avançado,ti - projetos,ti - projetos-,pj/autônomo,0,1,0,0
,,,sênior,ensino superior completo,avançado,,ti - sap-,clt full,0,0,0,0
,,,sênior,ensino médio completo,avançado,,ti - projetos-,pj/autônomo,0,0,0,0
,,,sênior,ensino superior completo,fluente,,ti - desenvolvimento/mobile-,pj/autônomo,0,0,0,0
,,,pleno,ensino técnico completo,nenhum,,gestão e alocação de recursos de ti-,clt cotas,0,0,0,0
,,,analista,ensino superior completo,básico,,ti - projetos-,"pj/autônomo, clt full",0,0,0,0
,,,sênior,ensino superior completo,básico,,ti - sap-,pj/autônomo,0,0,0,0
,,,sênior,ensino superior completo,básico,,ti - projetos-,"pj/autônomo, clt full",0,0,0,0
,,,sênior,ensino superior completo,nenhum,,gestão e alocação de recursos de ti-ti - sap-,pj/autônomo,0,0,0,0
,ensino superior incompleto,avançado,assistente,ensino médio completo,nenhum,administrativa,ti - projetos-,clt full,0,0,0,0
,pós graduação completo,avançado,pleno,ensino superior completo,básico,"ti - governança, ti - infraestrutura, ti - projetos, ti - segurança da informação, ti - sistemas e ferramentas, ti - suporte, ti - telecom",ti - projetos-,"pj/autônomo, clt full",0,0,0,0
,,,pleno,ensino superior completo,nenhum,,gestão e alocação de recursos de ti-ti - infraestrutura-,pj/autônomo,0,0,0,0
,,,sênior,ensino superior completo,avançado,,ti - sap-,"pj/autônomo, clt full",0,0,0,0
,,,júnior,ensino médio completo,nenhum,,administrativa-,clt full,0,0,0,0
,,,sênior,ensino médio completo,nenhum,,ti - sistemas e ferramentas-,hunting,0,0,0,0
,,,pleno,ensino técnico completo,nenhum,,recursos humanos-,clt full,0,0,0,0
,,,pleno,ensino técnico completo,nenhum,,gestão e alocação de recursos de ti-,pj/autônomo,0,0,0,0
,,,analista,ensino superior completo,básico,,ti - projetos-,"pj/autônomo, clt full",0,0,0,0
,,,júnior,ensino técnico completo,nenhum,,ti - telecom-,cooperado,0,0,0,0
,,,analista,ensino superior completo,básico,,ti - projetos-,clt full,0,0,0,0
,,,analista,ensino superior completo,básico,,recursos humanos-,clt full,0,0,0,0
,,,sênior,ensino superior completo,nenhum,,ti - projetos-,pj/autônomo,0,0,0,0
,,,pleno,ensino superior completo,avançado,,ti - projetos-,hunting,0,0,0,0
,,,analista,ensino superior completo,básico,,ti - projetos-,pj/autônomo,0,0,0,0
,,,sênior,ensino superior completo,básico,,ti - projetos-,"pj/autônomo, clt full",0,0,0,0
,,,sênior,ensino superior completo,fluente,,gestão e alocação de recursos de ti-,cooperado,0,0,0,0
,,,júnior,ensino superior completo,intermediário,,ti - sap-,pj/autônomo,0,0,0,0
,,,analista,ensino superior completo,avançado,,ti - projetos-,hunting,0,0,0,0
,,,sênior,ensino superior completo,avançado,,gestão e alocação de recursos de ti-ti - sap-,pj/autônomo,0,0,0,0
,,,pleno,ensino superior completo,intermediário,,gestão e alocação de recursos de ti-ti - desenvolvimento/programação-,pj/autônomo,0,0,0,0
,,,sênior,ensino técnico completo,nenhum,,gestão e alocação de recursos de ti-,pj/autônomo,0,0,0,0
,,,analista,ensino superior completo,básico,,ti - projetos-,"clt full, pj/autônomo",0,0,0,0
,,,pleno,ensino superior completo,avançado,,ti - projetos-,pj/autônomo,0,0,0,0
,,,pleno,ensino técnico completo,nenhum,,gestão e alocação de recursos de ti-,pj/autônomo,0,0,0,0
,,,pleno,ensino técnico completo,nenhum,,gestão e alocação de recursos de ti-,pj/autônomo,0,0,0,0
,,,analista,ensino superior completo,básico,,ti - suporte-,"pj/autônomo, clt full",0,0,0,0
,,,analista,ensino superior completo,básico,,ti - projetos-,"clt full, pj/autônomo",0,0,0,0
,ensino superior cursando,básico,analista,ensino superior completo,básico,ti - sap,ti - sap-,clt cotas,0,0,1,0
,ensino superior completo,avançado,analista,ensino superior completo,básico,administrativa,ti - projetos-,"clt full, pj/autônomo",0,1,0,0
,ensino superior completo,básico,sênior,ensino superior incompleto,nenhum,ti - telecom,ti - projetos-,pj/autônomo,0,0,0,0
,,,pleno,ensino superior completo,básico,,ti - projetos-,"clt full, pj/autônomo",0,0,0,0
,,,pleno,ensino técnico completo,nenhum,,gestão e alocação de recursos de ti-,clt full,0,0,0,0
,,,sênior,ensino superior completo,nenhum,,ti - desenvolvimento/programação-,pj/autônomo,0,0,0,0
,,,sênior,ensino superior cursando,avançado,,ti - sap-,clt full,0,0,0,0
,,,pleno,ensino médio completo,avançado,,gestão e alocação de recursos de ti-,pj/autônomo,0,0,0,0
,,,pleno,ensino técnico completo,nenhum,,gestão e alocação de recursos de ti-,pj/autônomo,0,0,0,0
,,,sênior,ensino superior completo,avançado,,ti - projetos-,cooperado,0,0,0,0
,,,sênior,ensino superior incompleto,fluente,,ti - sap-,pj/autônomo,0,0,0,0
,,,sênior,ensino superior completo,avançado,,ti - sap-,"clt full, pj/autônomo",0,0,0,0
,,,analista,ensino superior completo,básico,,ti - projetos-,"pj/autônomo, clt full",0,0,0,0
,,,sênior,ensino superior completo,técnico,,ti - desenvolvimento/programação-,cooperado,0,0,0,0
,pós graduação completo,,sênior,ensino superior completo,nenhum,,ti - sap-,"cooperado, pj/autônomo",0,0,0,0
,ensino superior completo,avançado,analista,ensino superior completo,intermediário,ti - projetos,ti - projetos-,clt full,0,1,0,0
,ensino superior completo,avançado,analista,ensino superior completo,básico,ti - desenvolvimento/programação,ti - projetos-,"clt full, pj/autônomo",0,1,0,0
,,,sênior,ensino superior completo,básico,,ti - projetos-,"pj/autônomo, clt full",0,0,0,0
,,,analista,ensino superior completo,básico,,ti - desenvolvimento/mobile-,hunting,0,0,0,0
,,,analista,ensino superior completo,básico,,ti - projetos-,"pj/autônomo, clt full",0,0,0,0
,,,júnior,ensino superior cursando,intermediário,,ti - projetos-,"clt full, cooperado, pj/autônomo",0,0,0,0
,ensino superior completo,intermediário,analista,ensino superior completo,básico,ti - suporte,ti - projetos-,pj/autônomo,0,1,0,0
,ensino superior completo,intermediário,pleno,ensino superior completo,nenhum,,gestão e alocação de recursos de ti-ti - sap-,pj/autônomo,0,1,0,0
,,,sênior,ensino médio completo,técnico,,ti - projetos-,pj/autônomo,0,0,0,0
,,,assistente,ensino superior completo,nenhum,,administrativa-,clt full,0,0,0,0
,,,analista,ensino superior completo,avançado,,ti - sap-,clt full,0,0,0,0
,,,pleno,ensino superior incompleto,nenhum,,recursos humanos-,clt full,0,0,0,0
,ensino superior completo,básico,júnior,ensino superior completo,avançado,ti - qualidade/testes,ti - projetos-,pj/autônomo,0,1,0,0
,,,sênior,ensino superior completo,avançado,,ti - qualidade/testes-,pj/autônomo,0,0,0,0
,,,analista,ensino superior completo,básico,,ti - projetos-,"pj/autônomo, clt full",0,0,0,0
,,,sênior,ensino médio completo,nenhum,,administrativa-,pj/autônomo,0,0,0,0
,ensino superior completo,,pleno,ensino superior cursando,intermediário,,ti - sap-,,0,0,0,0
,mestrado completo,intermediário,sênior,ensino superior completo,avançado,ti - desenvolvimento/programação,ti - arquitetura-ti - banco de dados-ti - desenvolvimento/design-ti - desenvolvimento/mobile-ti - desenvolvimento/programação-ti - infraestrutura-ti - sistemas e ferramentas-,pj/autônomo,0,0,0,0
,,,analista,ensino superior completo,intermediário,,ti - projetos-,"clt full, pj/autônomo",0,0,0,0
,,,pleno,ensino superior completo,nenhum,,ti - desenvolvimento/programação-,clt full,0,0,0,0
,ensino superior cursando,fluente,analista,ensino superior completo,básico,ti - desenvolvimento/programação,ti - projetos-,"clt full, pj/autônomo",0,0,0,0
,,,sênior,ensino superior completo,intermediário,,ti - arquitetura-ti - banco de dados-ti - projetos-ti - segurança da informação-,"cooperado, pj/autônomo",0,0,0,0
,pós graduação completo,avançado,pleno,ensino superior completo,básico,financeira/controladoria,ti - projetos-,"clt full, pj/autônomo",0,0,0,0
,ensino superior completo,fluente,analista,ensino superior completo,fluente,ti - processos e negócios,ti - projetos-,hunting,0,1,1,0
,,,analista,ensino superior completo,avançado,,ti - sap-,clt full,0,0,0,0
,,,sênior,ensino superior completo,intermediário,,ti - desenvolvimento/programação-,,0,0,0,0
,,,analista,ensino superior completo,intermediário,,ti - projetos-,"clt full, pj/autônomo",0,0,0,0
,mestrado cursando,fluente,analista,ensino superior completo,básico,ti - banco de dados,ti - projetos-,"pj/autônomo, clt full",0,0,0,0
,,,sênior,ensino superior completo,nenhum,,gestão e alocação de recursos de ti-ti - sap-,pj/autônomo,0,0,0,0
,,,sênior,ensino superior completo,básico,,ti - projetos-,"clt full, pj/autônomo",0,0,0,0
,,,sênior,ensino superior completo,básico,,ti - projetos-,"clt full, pj/autônomo",0,0,0,0
,ensino superior completo,avançado,sênior,ensino superior completo,fluente,"administrativa, comercial, ti - sap",ti - sap-,pj/autônomo,0,1,0,0
,ensino superior completo,avançado,sênior,ensino superior completo,nenhum,"ti - banco de dados, ti - sap",ti - sap-,pj/autônomo,0,1,0,0
,ensino médio completo,básico,sênior,ensino médio completo,nenhum,ti - qualidade/testes,administrativa-,clt cotas,0,1,0,0
,,,analista,ensino superior completo,fluente,,ti - sap-,pj/autônomo,0,0,0,0
,,,analista,ensino superior completo,intermediário,,ti - projetos-,"clt full, pj/autônomo",0,0,0,0
,,,sênior,ensino superior completo,intermediário,,ti - projetos-,,0,0,0,0
,,,sênior,ensino superior completo,intermediário,,ti - sistemas e ferramentas-,,0,0,0,0
,,,sênior,ensino superior completo,avançado,,ti - projetos-,pj/autônomo,0,0,0,0
,,,analista,ensino superior completo,básico,,ti - projetos-,"pj/autônomo, clt full",0,0,0,0
,,,analista,ensino superior completo,básico,,ti - sap-,pj/autônomo,0,0,0,0
,,,sênior,ensino superior completo,fluente,,ti - projetos-,hunting,0,0,0,0
,,,pleno,ensino superior completo,nenhum,,ti - projetos-,pj/autônomo,0,0,0,0
,ensino superior incompleto,fluente,analista,ensino superior completo,básico,ti - desenvolvimento/programação,ti - desenvolvimento/programação-,clt full,0,0,0,0
,,,analista,ensino superior completo,intermediário,,ti - sap-,"clt full, pj/autônomo",0,0,0,0
,ensino superior completo,avançado,sênior,ensino superior completo,fluente,ti - sap,gestão e alocação de recursos de ti-,pj/autônomo,0,1,0,0
,pós graduação completo,intermediário,pleno,ensino superior cursando,nenhum,"ti - governança, ti - processos e negócios, ti - projetos, ti - sap, ti - segurança da informação, ti - suporte",ti - sistemas e ferramentas-,clt full,0,0,0,0
,,,sênior,ensino superior completo,avançado,,ti - projetos-,pj/autônomo,0,0,0,0
,,,júnior,ensino técnico incompleto,técnico,,financeira/controladoria-,clt cotas,0,0,0,0
,,,pleno,ensino técnico completo,nenhum,,gestão e alocação de recursos de ti-,pj/autônomo,0,0,0,0
,,,sênior,ensino superior completo,nenhum,,gestão e alocação de recursos de ti-ti - sap-,pj/autônomo,0,0,0,0
,,,sênior,ensino superior completo,nenhum,,gestão e alocação de recursos de ti-ti - sap-,pj/autônomo,0,0,0,0
,,,pleno,ensino superior completo,nenhum,,ti - desenvolvimento/programação-,clt full,0,0,0,0
,,,sênior,ensino médio completo,avançado,,financeira/controladoria-,pj/autônomo,0,0,0,0
,,,sênior,ensino superior completo,nenhum,,gestão e alocação de recursos de ti-,cooperado,0,0,0,0
,,,pleno,ensino técnico completo,nenhum,,gestão e alocação de recursos de ti-,pj/autônomo,0,0,0,0
,ensino superior cursando,básico,sênior,ensino superior completo,fluente,ti - desenvolvimento/programação,ti - projetos-,pj/autônomo,0,0,0,0
,,,analista,ensino superior completo,básico,,ti - projetos-,"clt full, pj/autônomo",0,0,0,0
,ensino superior completo,intermediário,pleno,ensino superior completo,nenhum,ti - infraestrutura,ti - projetos-,pj/autônomo,0,1,0,0
,,,analista,ensino superior incompleto,nenhum,,financeira/controladoria-,cooperado,0,0,0,0
,ensino superior cursando,intermediário,sênior,ensino superior completo,nenhum,ti - banco de dados,relacionamento técnico-,cooperado,0,0,0,0
,,,analista,ensino superior completo,fluente,,ti - projetos-,"pj/autônomo, clt full",0,0,0,0
,,,pleno,ensino médio completo,nenhum,,administrativa-,cooperado,0,0,0,0
,ensino superior completo,intermediário,analista,ensino superior completo,intermediário,ti - infraestrutura,ti - infraestrutura-,"clt cotas, cooperado, estagiário, pj/autônomo",0,1,1,0
,pós graduação incompleto,básico,analista,ensino superior completo,avançado,administrativa,ti - projetos-,clt full,0,0,0,0
,,,sênior,ensino superior completo,intermediário,,ti - projetos-,clt full,0,0,0,0
,,,sênior,ensino superior completo,avançado,,ti - sap-,pj/autônomo,0,0,0,0
,,,sênior,ensino superior completo,intermediário,,ti - desenvolvimento/programação-,hunting,0,0,0,0
,,,analista,ensino superior completo,básico,,ti - projetos-,clt full,0,0,0,0
,ensino superior completo,avançado,sênior,ensino superior completo,intermediário,"ti - governança, ti - sap, ti - sistemas e ferramentas, ti - suporte",ti - sap-,,0,1,0,0
,,,pleno,ensino técnico completo,nenhum,,gestão e alocação de recursos de ti-ti - sap-,pj/autônomo,0,0,0,0
,doutorado incompleto,intermediário,analista,ensino superior completo,básico,"ti - arquitetura, ti - banco de dados, ti - desenvolvimento/programação",ti - desenvolvimento/programação-,clt full,0,0,0,0
,pós graduação completo,básico,analista,ensino superior completo,básico,ti - sap,ti - sap-,pj/autônomo,0,0,1,0
,,,pleno,ensino superior completo,nenhum,,ti - sap-,cooperado,0,0,0,0
,,,júnior,ensino médio completo,nenhum,,comercial-,cooperado,0,0,0,0
,ensino técnico completo,básico,sênior,ensino superior incompleto,nenhum,"marketing, novos negócios e parcerias, qualidade corporativa, relacionamento técnico, ti - arquitetura, ti - desenvolvimento/programação, ti - infraestrutura, ti - processos e negócios, ti - projetos, ti - segurança da informação, ti - sistemas e ferramentas, ti - suporte, ti - telecom",ti - projetos-,hunting,0,0,0,0
,ensino superior incompleto,básico,analista,ensino superior completo,básico,ti - suporte,ti - projetos-,pj/autônomo,0,0,1,0
,ensino superior completo,fluente,sênior,ensino superior completo,nenhum,"ti - banco de dados, ti - desenvolvimento/programação, ti - governança, ti - processos e negócios, ti - projetos, ti - qualidade/testes, ti - segurança da informação",ti - banco de dados-,pj/autônomo,0,1,0,0
,,,sênior,ensino superior completo,intermediário,,ti - projetos-,pj/autônomo,0,0,0,0
,,,analista,ensino superior completo,básico,,ti - projetos-,"clt full, pj/autônomo",0,0,0,0
,pós graduação incompleto,avançado,analista,ensino superior completo,fluente,ti - sap,ti - sap-,hunting,0,0,0,0
,,,pleno,ensino superior completo,nenhum,,ti - projetos-,clt cotas,0,0,0,0
sênior,,,sênior,ensino médio completo,nenhum,,gestão e alocação de recursos de ti-,pj/autônomo,1,0,0,0
,,,analista,ensino superior completo,básico,,ti - projetos-,"clt full, pj/autônomo",0,0,0,0
,,,sênior,ensino superior completo,intermediário,,ti - desenvolvimento/programação-,clt full,0,0,0,0
,,,sênior,ensino superior completo,básico,,ti - sap-,pj/autônomo,0,0,0,0
,,,júnior,ensino superior completo,básico,,ti - projetos-,pj/autônomo,0,0,0,0
,,,sênior,ensino superior completo,avançado,,ti - sap-,clt full,0,0,0,0
,,,pleno,ensino superior completo,nenhum,,ti - qualidade/testes-,clt full,0,0,0,0
,,,analista,ensino superior completo,básico,,ti - projetos-,hunting,0,0,0,0
,,,analista,ensino superior completo,básico,,ti - sap-,clt full,0,0,0,0
,,,analista,ensino superior completo,básico,,ti - projetos-,"pj/autônomo, clt full",0,0,0,0
,,,analista,ensino superior completo,básico,,ti - sap-,pj/autônomo,0,0,0,0
,,,pleno,ensino médio completo,nenhum,,administrativa-,clt full,0,0,0,0
,,,sênior,ensino técnico completo,nenhum,,administrativa-,pj/autônomo,0,0,0,0
,,,sênior,ensino superior completo,nenhum,,ti - sistemas e ferramentas-,clt full,0,0,0,0
,ensino técnico completo,intermediário,sênior,ensino superior completo,nenhum,ti - desenvolvimento/programação,ti - projetos-,pj/autônomo,0,0,0,0
,,,analista,ensino superior completo,avançado,,ti - projetos-,"pj/autônomo, clt full",0,0,0,0
,,,analista,ensino superior completo,básico,,ti - projetos-,"clt full, pj/autônomo",0,0,0,0
,ensino superior completo,,sênior,ensino superior completo,fluente,,ti - sap-,"clt full, pj/autônomo",0,1,0,0
,,,analista,ensino superior completo,básico,,ti - projetos-,hunting,0,0,0,0
,ensino superior completo,avançado,analista,ensino superior completo,intermediário,ti - sap,ti - sap-,"clt full, pj/autônomo",0,1,0,0
,pós graduação incompleto,intermediário,sênior,ensino superior completo,avançado,financeira/controladoria,ti - sap-,pj/autônomo,0,0,0,0
,mestrado cursando,avançado,pleno,ensino superior completo,nenhum,ti - banco de dados,ti - banco de dados-,clt full,0,0,0,0
,ensino superior completo,básico,júnior,ensino superior completo,intermediário,administrativa,ti - suporte-,hunting,0,1,0,0
,,,analista,ensino superior completo,básico,,ti - desenvolvimento/programação-,"pj/autônomo, clt full",0,0,0,0
,,,sênior,ensino superior completo,fluente,,gestão e alocação de recursos de ti-,pj/autônomo,0,0,0,0
,ensino superior completo,intermediário,analista,ensino superior completo,básico,"ti - banco de dados, ti - desenvolvimento/design, ti - desenvolvimento/mobile, ti - desenvolvimento/programação, ti - processos e negócios, ti - projetos, ti - sistemas e ferramentas",ti - projetos-,"pj/autônomo, clt full",0,1,0,0
,,,júnior,ensino superior completo,básico,,jurídica-,clt full,0,0,0,0
,pós graduação completo,avançado,pleno,ensino técnico completo,nenhum,"administrativa, novos negócios e parcerias, ti - arquitetura, ti - infraestrutura, ti - projetos, ti - telecom",gestão e alocação de recursos de ti-,hunting,0,0,0,0
,ensino superior completo,intermediário,pleno,ensino técnico completo,nenhum,ti - infraestrutura,gestão e alocação de recursos de ti-,pj/autônomo,0,0,0,0
,,,pleno,ensino técnico completo,intermediário,,gestão e alocação de recursos de ti-,pj/autônomo,0,0,0,0
,,,analista,ensino superior completo,fluente,,ti - sap-,"clt full, pj/autônomo",0,0,0,0
,,,analista,ensino superior completo,básico,,ti - projetos-,"pj/autônomo, clt full",0,0,0,0
,,,sênior,ensino superior completo,intermediário,,ti - sistemas e ferramentas-,,0,0,0,0
,ensino superior incompleto,intermediário,sênior,ensino médio completo,nenhum,ti - processos e negócios,administrativa-,cooperado,0,0,0,0
,,,analista,ensino superior completo,básico,,ti - projetos-,"pj/autônomo, clt full",0,0,0,0
,,,analista,ensino superior completo,básico,,ti - projetos-,"clt full, pj/autônomo",0,0,0,0
,ensino superior cursando,intermediário,júnior,ensino superior completo,nenhum,ti - desenvolvimento/programação,ti - projetos-,pj/autônomo,0,0,0,0
,,,sênior,ensino superior completo,fluente,,ti - sap-,pj/autônomo,0,0,0,0
,,,sênior,ensino médio completo,nenhum,,administrativa-,pj/autônomo,0,0,0,0
,,,sênior,ensino superior completo,avançado,,ti - projetos-,pj/autônomo,0,0,0,0
,,,analista,ensino superior completo,básico,,ti - sap-,"pj/autônomo, clt full",0,0,0,0
,ensino superior completo,intermediário,sênior,ensino médio completo,fluente,ti - sap,ti - infraestrutura-,cooperado,0,0,0,0
,,,líder,ensino superior completo,fluente,,ti - projetos-,pj/autônomo,0,0,0,0
,ensino superior completo,intermediário,sênior,ensino médio completo,avançado,ti - projetos,ti - projetos-,pj/autônomo,0,0,0,0
,,,sênior,ensino médio completo,nenhum,,financeira/controladoria-,cooperado,0,0,0,0
,ensino superior completo,intermediário,sênior,ensino superior cursando,fluente,financeira/controladoria,ti - sap-,cooperado,0,0,0,0
,,,analista,ensino superior completo,básico,,ti - projetos-,"clt full, pj/autônomo",0,0,0,0
,,,pleno,ensino superior incompleto,nenhum,,recursos humanos-,clt full,0,0,0,0
,,,sênior,ensino superior completo,nenhum,,ti - desenvolvimento/programação-,clt full,0,0,0,0
,,,sênior,ensino superior completo,técnico,,financeira/controladoria-ti - projetos-,hunting,0,0,0,0
,,,sênior,ensino médio completo,nenhum,,administrativa-,pj/autônomo,0,0,0,0
,,,pleno,ensino técnico completo,nenhum,,gestão e alocação de recursos de ti-,pj/autônomo,0,0,0,0
,,,sênior,ensino superior completo,básico,,ti - projetos-,"clt full, pj/autônomo",0,0,0,0
,ensino superior completo,fluente,analista,ensino superior completo,básico,ti - projetos,ti - projetos-,clt full,0,1,0,0
,,,pleno,ensino técnico completo,nenhum,,gestão e alocação de recursos de ti-,pj/autônomo,0,0,0,0
,,,analista,ensino superior completo,básico,,ti - projetos-,"clt full, pj/autônomo",0,0,0,0
,,,analista,ensino superior completo,básico,,ti - projetos-,"pj/autônomo, clt full",0,0,0,0
,,,gerente,ensino superior completo,avançado,,ti - projetos-,pj/autônomo,0,0,0,0
,,,analista,ensino superior completo,básico,,ti - projetos-,"pj/autônomo, clt full",0,0,0,0
,ensino superior completo,intermediário,pleno,ensino técnico completo,nenhum,"ti - governança, ti - infraestrutura, ti - processos e negócios, ti - projetos, ti - suporte",gestão e alocação de recursos de ti-,pj/autônomo,0,0,0,0
,ensino superior incompleto,intermediário,analista,ensino superior completo,avançado,ti - infraestrutura,ti - projetos-,"pj/autônomo, clt full",0,0,0,0
,,,sênior,ensino superior cursando,fluente,,ti - desenvolvimento/programação-,clt full,0,0,0,0
,,,sênior,ensino superior completo,básico,,ti - sap-,"clt full, pj/autônomo",0,0,0,0
,,,analista,ensino superior cursando,intermediário,,gestão e alocação de recursos de ti-,clt full,0,0,0,0
,,,sênior,ensino superior completo,básico,,ti - projetos-,pj/autônomo,0,0,0,0
,pós graduação completo,básico,pleno,ensino técnico completo,nenhum,ti - desenvolvimento/programação,gestão e alocação de recursos de ti-,pj/autônomo,0,0,0,0
,,,sênior,ensino superior completo,avançado,,ti - sap-,clt full,0,0,0,0
,,,sênior,ensino superior completo,básico,,ti - sap-,"clt full, pj/autônomo",0,0,0,0
,,,analista,ensino superior completo,básico,,ti - projetos-,"clt full, pj/autônomo",0,0,0,0
,,,pleno,ensino superior completo,nenhum,,ti - desenvolvimento/programação-,pj/autônomo,0,0,0,0
,pós graduação completo,intermediário,analista,ensino superior completo,básico,ti - projetos,ti - projetos-,clt full,0,0,0,0
,,,pleno,ensino técnico completo,nenhum,,gestão e alocação de recursos de ti-,pj/autônomo,0,0,0,0
,,,analista,ensino superior completo,nenhum,,administrativa-,clt full,0,0,0,0
,,,pleno,ensino técnico completo,nenhum,,gestão e alocação de recursos de ti-,pj/autônomo,0,0,0,0
,,,sênior,ensino superior completo,fluente,,ti - projetos-,pj/autônomo,0,0,0,0
,,,júnior,ensino médio completo,nenhum,,administrativa-,clt full,0,0,0,0
,,,analista,ensino superior completo,básico,,ti - sap-,clt cotas,0,0,0,0
,ensino superior cursando,intermediário,analista,ensino superior completo,básico,ti - desenvolvimento/programação,ti - desenvolvimento/programação-,hunting,0,0,0,0
,ensino superior cursando,intermediário,analista,ensino superior completo,básico,ti - desenvolvimento/programação,ti - desenvolvimento/programação-,"pj/autônomo, clt full",0,0,0,0
,,,analista,ensino superior completo,básico,,ti - banco de dados-,"cooperado, pj/autônomo",0,0,0,0
,,,analista,ensino superior completo,básico,,ti - projetos-,"pj/autônomo, cooperado",0,0,0,0
,,,sênior,ensino superior completo,avançado,,ti - projetos-,hunting,0,0,0,0
,,,analista,ensino superior completo,fluente,,ti - projetos-,"clt full, pj/autônomo",0,0,0,0
,ensino superior completo,básico,analista,ensino superior completo,básico,ti - sistemas e ferramentas,ti - projetos-,clt full,0,1,1,0
,,,pleno,ensino técnico completo,nenhum,,gestão e alocação de recursos de ti-,hunting,0,0,0,0
,ensino superior completo,intermediário,analista,ensino superior completo,básico,ti - desenvolvimento/programação,ti - desenvolvimento/programação-,hunting,0,1,0,0
,,,analista,ensino superior completo,básico,,ti - projetos-,"clt full, pj/autônomo",0,0,0,0
,,,sênior,ensino superior completo,intermediário,,ti - projetos-,pj/autônomo,0,0,0,0
,,,sênior,ensino superior completo,técnico,,ti - banco de dados-,cooperado,0,0,0,0
,ensino superior cursando,avançado,sênior,ensino superior completo,intermediário,ti - ux,ti - projetos-,clt full,0,0,0,0
,,,analista,ensino superior completo,básico,,ti - sap-,"pj/autônomo, clt full",0,0,0,0
,,,analista,ensino superior completo,básico,,ti - projetos-,clt full,0,0,0,0
,,,pleno,ensino superior completo,avançado,,ti - projetos-,pj/autônomo,0,0,0,0
,,,analista,ensino superior completo,básico,,ti - projetos-,"pj/autônomo, clt full",0,0,0,0
,,,analista,ensino superior completo,básico,,ti - desenvolvimento/programação-,clt full,0,0,0,0
,,,pleno,ensino técnico completo,nenhum,,administrativa-,clt full,0,0,0,0
,,,analista,ensino superior completo,básico,,ti - projetos-,"pj/autônomo, clt full",0,0,0,0
,,,pleno,ensino superior completo,intermediário,,ti - sap-,,0,0,0,0
,,,gerente,ensino superior completo,avançado,,ti - projetos-,"pj/autônomo, cooperado",0,0,0,0
,,,analista,ensino superior completo,básico,,ti - projetos-,"clt full, pj/autônomo",0,0,0,0
,,,sênior,ensino superior completo,avançado,,financeira/controladoria-,pj/autônomo,0,0,0,0
,,,pleno,ensino técnico completo,nenhum,,gestão e alocação de recursos de ti-,pj/autônomo,0,0,0,0
,ensino superior completo,intermediário,sênior,ensino médio completo,técnico,ti - sap,gestão e alocação de recursos de ti-,pj/autônomo,0,0,0,0
,pós graduação completo,avançado,sênior,ensino superior completo,fluente,ti - desenvolvimento/programação,ti - projetos-,pj/autônomo,0,0,0,0
,,,pleno,ensino superior completo,nenhum,,ti - sap-,hunting,0,0,0,0
,,,gerente,ensino superior completo,avançado,,ti - projetos-,hunting,0,0,0,0
,ensino superior completo,intermediário,sênior,ensino médio completo,nenhum,ti - desenvolvimento/programação,financeira/controladoria-,pj/autônomo,0,0,0,0
,,,sênior,ensino médio completo,nenhum,,administrativa-,pj/autônomo,0,0,0,0
,,,analista,ensino superior completo,fluente,,ti - sap-,hunting,0,0,0,0
,,,analista,ensino superior completo,básico,,ti - projetos-,"clt full, pj/autônomo",0,0,0,0
,ensino superior completo,fluente,especialista,ensino superior completo,básico,ti - processos e negócios,ti - projetos-,pj/autônomo,0,1,0,0
,pós graduação completo,avançado,sênior,ensino superior completo,avançado,ti - sap,ti - sap-,cooperado,0,0,1,0
,pós graduação completo,fluente,analista,ensino superior completo,básico,ti - sap,ti - projetos-,pj/autônomo,0,0,0,0
,,,analista,ensino superior completo,básico,,ti - projetos-,clt full,0,0,0,0
,,,sênior,ensino superior completo,técnico,,ti - projetos-,"clt full, pj/autônomo",0,0,0,0
,ensino superior completo,intermediário,sênior,ensino médio completo,nenhum,ti - sistemas e ferramentas,administrativa-,cooperado,0,0,0,0
,,,analista,ensino superior completo,fluente,,ti - sap-,pj/autônomo,0,0,0,0
,,,sênior,ensino superior completo,fluente,,ti - sistemas e ferramentas-,pj/autônomo,0,0,0,0
,,,analista,ensino superior completo,avançado,,ti - sap-,hunting,0,0,0,0
,,,sênior,ensino médio completo,nenhum,,gestão e alocação de recursos de ti-,pj/autônomo,0,0,0,0
,,,analista,ensino superior completo,básico,,ti - projetos-,"clt full, pj/autônomo",0,0,0,0
,,,pleno,ensino superior completo,avançado,,ti - projetos-,pj/autônomo,0,0,0,0
,ensino superior cursando,nenhum,analista,ensino superior completo,básico,financeira/controladoria,ti - projetos-,"clt full, pj/autônomo",0,0,0,0
,,fluente,sênior,ensino superior completo,fluente,,ti - sap-,,0,0,1,0
,,,analista,ensino superior completo,avançado,ti - telecom,ti - projetos-,clt full,0,0,0,0
,,,analista,ensino superior completo,básico,,ti - projetos-,clt full,0,0,0,0
,ensino superior cursando,avançado,pleno,ensino superior completo,nenhum,ti - desenvolvimento/programação,ti - desenvolvimento/programação-,clt full,0,0,0,0
,,,sênior,ensino superior completo,fluente,,ti - projetos-,pj/autônomo,0,0,0,0
,,,pleno,ensino superior completo,fluente,,gestão e alocação de recursos de ti-ti - infraestrutura-,clt full,0,0,0,0
,,,analista,ensino superior completo,fluente,,ti - projetos-,hunting,0,0,0,0
,,,sênior,ensino superior completo,avançado,,gestão e alocação de recursos de ti-ti - sap-,pj/autônomo,0,0,0,0
,,,júnior,ensino técnico completo,nenhum,,ti - suporte-,cooperado,0,0,0,0
,,,analista,ensino superior completo,avançado,,ti - sap-,hunting,0,0,0,0
,,,sênior,ensino superior completo,fluente,,ti - sap-,clt full,0,0,0,0
,,,analista,ensino superior completo,avançado,,ti - sap-,,0,0,0,0
,,,sênior,ensino superior completo,técnico,,gestão e alocação de recursos de ti-,cooperado,0,0,0,0
,ensino superior completo,intermediário,sênior,ensino superior completo,avançado,ti - projetos,ti - processos e negócios-,hunting,0,1,0,0
,,,sênior,ensino superior completo,fluente,,ti - desenvolvimento/programação-,clt full,0,0,0,0
,,,assistente,ensino superior completo,básico,,recursos humanos-,pj/autônomo,0,0,0,0
,,,pleno,ensino superior completo,avançado,,ti - projetos-,pj/autônomo,0,0,0,0
,ensino superior completo,avançado,pleno,ensino superior cursando,nenhum,ti - sap,ti - sistemas e ferramentas-,clt full,0,0,0,0
,pós graduação completo,avançado,sênior,ensino superior completo,fluente,,ti - sap-,pj/autônomo,0,0,0,0
,,,sênior,ensino superior completo,intermediário,,ti - sap-,"clt full, cooperado, pj/autônomo",0,0,0,0
,,,sênior,ensino médio completo,avançado,,gestão e alocação de recursos de ti-,pj/autônomo,0,0,0,0
,,,sênior,ensino superior cursando,avançado,,ti - projetos-,pj/autônomo,0,0,0,0
,,,analista,ensino superior completo,básico,,ti - suporte-,"pj/autônomo, clt full",0,0,0,0
,,,analista,ensino superior completo,básico,,ti - sap-,pj/autônomo,0,0,0,0
,pós graduação completo,,sênior,ensino superior completo,avançado,,ti - sap-,hunting,0,0,0,0
,,,analista,ensino superior completo,básico,,ti - projetos-,"pj/autônomo, clt full",0,0,0,0
,ensino superior completo,,analista,ensino superior completo,intermediário,,ti - infraestrutura-,"clt cotas, cooperado, estagiário, pj/autônomo",0,1,0,0
,,,analista,ensino superior completo,básico,,ti - projetos-,"clt full, pj/autônomo",0,0,0,0
,,,pleno,ensino médio completo,nenhum,,gestão e alocação de recursos de ti-,pj/autônomo,0,0,0,0
,,,analista,ensino superior completo,básico,,ti - projetos-,"clt full, pj/autônomo",0,0,0,0
,,,pleno,ensino técnico completo,nenhum,,gestão e alocação de recursos de ti-,pj/autônomo,0,0,0,0
,,,analista,ensino superior completo,básico,,ti - sap-,pj/autônomo,0,0,0,0
,,,sênior,ensino superior completo,básico,,ti - sap-,pj/autônomo,0,0,0,0
,pós graduação cursando,básico,sênior,ensino médio completo,nenhum,ti - desenvolvimento/programação,ti - sap-,pj/autônomo,0,0,0,0
,,,sênior,ensino médio completo,intermediário,,administrativa-,pj/autônomo,0,0,0,0
,,,analista,ensino superior completo,básico,,ti - projetos-,clt full,0,0,0,0
,,,sênior,ensino superior cursando,avançado,,recursos humanos-,,0,0,0,0
,,,coordenador,ensino médio completo,fluente,,financeira/controladoria-,cooperado,0,0,0,0
,,avançado,analista,ensino superior completo,básico,,ti - banco de dados-,clt full,0,0,0,0
,mestrado completo,básico,pleno,ensino médio completo,fluente,ti - desenvolvimento/programação,ti - projetos-,cooperado,0,0,0,0
,,,sênior,ensino médio completo,nenhum,,gestão e alocação de recursos de ti-,pj/autônomo,0,0,0,0
,,,sênior,ensino superior completo,avançado,,ti - sap-,"pj/autônomo, clt full",0,0,0,0
,,,sênior,ensino superior completo,intermediário,,ti - desenvolvimento/programação-,hunting,0,0,0,0
,ensino superior completo,avançado,sênior,ensino superior completo,básico,ti - sap,ti - sap-,"clt full, pj/autônomo",0,1,0,0
,pós graduação completo,avançado,pleno,ensino técnico completo,fluente,ti - projetos,gestão e alocação de recursos de ti-,pj/autônomo,0,0,0,0
,ensino superior completo,intermediário,sênior,ensino superior completo,avançado,comercial,ti - sap-,hunting,0,1,0,0
,,,sênior,ensino superior completo,fluente,,ti - sap-,"pj/autônomo, clt full",0,0,0,0
,,,pleno,ensino superior completo,avançado,,ti - sistemas e ferramentas-,clt full,0,0,0,0
,ensino superior cursando,básico,assistente,ensino médio completo,nenhum,administrativa,ti - projetos-,clt full,0,0,0,0
,,,sênior,ensino superior completo,básico,,ti - sap-,"clt full, pj/autônomo",0,0,0,0
,,,júnior,ensino superior cursando,intermediário,,ti - projetos-,clt full,0,0,0,0
,ensino superior cursando,fluente,analista,ensino superior completo,básico,ti - banco de dados,ti - projetos-,"pj/autônomo, clt full",0,0,0,0
,,,júnior,ensino médio completo,nenhum,,administrativa-,clt full,0,0,0,0
,,,pleno,ensino médio completo,nenhum,,financeira/controladoria-,cooperado,0,0,0,0
,,,analista,ensino superior completo,básico,,ti - desenvolvimento/programação-,hunting,0,0,0,0
,,,sênior,ensino médio completo,fluente,,gestão e alocação de recursos de ti-,pj/autônomo,0,0,0,0
,,,pleno,ensino técnico completo,nenhum,,gestão e alocação de recursos de ti-,pj/autônomo,0,0,0,0
,,,analista,ensino superior completo,básico,,ti - projetos-,"pj/autônomo, clt full",0,0,0,0
,,,analista,ensino superior completo,fluente,,ti - sap-,pj/autônomo,0,0,0,0
,,,analista,ensino superior completo,básico,,ti - desenvolvimento/programação-,clt full,0,0,0,0
,,,supervisor,ensino médio completo,intermediário,,ti - projetos-,pj/autônomo,0,0,0,0
,,,pleno,ensino técnico completo,nenhum,,gestão e alocação de recursos de ti-,pj/autônomo,0,0,0,0
,,,júnior,ensino superior completo,básico,,ti - suporte-,hunting,0,0,0,0
,,,analista,ensino superior completo,básico,,ti - projetos-,hunting,0,0,0,0
,ensino superior cursando,intermediário,analista,ensino superior completo,intermediário,ti - desenvolvimento/programação,ti - projetos-,"clt full, pj/autônomo",0,0,1,0
,,,analista,ensino superior completo,básico,,ti - projetos-,pj/autônomo,0,0,0,0
,,,pleno,ensino superior completo,nenhum,,ti - sap-,cooperado,0,0,0,0
,,,sênior,ensino superior completo,avançado,,ti - projetos-,pj/autônomo,0,0,0,0
,,,sênior,ensino médio completo,fluente,,ti - projetos-,pj/autônomo,0,0,0,0
,,,pleno,ensino técnico completo,nenhum,,gestão e alocação de recursos de ti-,hunting,0,0,0,0
,,,analista,ensino superior completo,básico,,ti - projetos-,"pj/autônomo, clt full",0,0,0,0
,,,analista,ensino superior completo,intermediário,,ti - projetos-,"clt full, pj/autônomo",0,0,0,0
,doutorado completo,intermediário,analista,ensino superior completo,fluente,ti - sap,ti - sap-,pj/autônomo,0,0,0,0
,pós graduação completo,avançado,sênior,ensino médio completo,fluente,"administrativa, ti - projetos",ti - projetos-,cooperado,0,0,0,0
,,,sênior,ensino superior completo,nenhum,,ti - sap-,cooperado,0,0,0,0
,,,gerente,ensino superior completo,avançado,,ti - infraestrutura-ti - projetos-,pj/autônomo,0,0,0,0
,ensino superior completo,básico,sênior,ensino superior completo,intermediário,ti - desenvolvimento/programação,ti - projetos-,"pj/autônomo, clt full",0,1,0,0
,,,sênior,ensino médio completo,intermediário,,ti - projetos-,pj/autônomo,0,0,0,0
,,,analista,ensino superior completo,básico,,ti - projetos-,clt full,0,0,0,0
,,,analista,ensino superior completo,básico,,ti - projetos-,"clt full, pj/autônomo",0,0,0,0
,,,sênior,ensino superior completo,básico,,ti - projetos-,hunting,0,0,0,0
,,,sênior,ensino superior completo,intermediário,,ti - sap-,,0,0,0,0
,pós graduação completo,avançado,sênior,ensino médio completo,nenhum,ti - projetos,comercial-,clt cotas,0,0,0,0
,,,sênior,ensino superior completo,avançado,,ti - desenvolvimento/programação-,pj/autônomo,0,0,0,0
,,,júnior,ensino técnico incompleto,avançado,,administrativa-,cooperado,0,0,0,0
,ensino técnico completo,intermediário,sênior,pós graduação completo,básico,ti - sap,ti - sap-,,0,0,0,0
,,,analista,ensino superior completo,básico,,ti - suporte-,"cooperado, pj/autônomo",0,0,0,0
,ensino superior completo,intermediário,pleno,ensino superior completo,intermediário,ti - sap,ti - sap-,clt full,0,1,1,0
,pós graduação incompleto,fluente,coordenador,ensino superior completo,intermediário,"administrativa, ti - governança, ti - infraestrutura",ti - sistemas e ferramentas-,hunting,0,0,0,0
,,,analista,ensino superior completo,intermediário,,ti - projetos-,clt full,0,0,0,0
,ensino técnico completo,avançado,sênior,ensino superior completo,avançado,financeira/controladoria,ti - projetos-,hunting,0,0,1,0
,,,analista,ensino superior completo,básico,,ti - sap-,pj/autônomo,0,0,0,0
,,,júnior,ensino superior cursando,nenhum,,ti - qualidade/testes-,clt full,0,0,0,0
,ensino superior completo,intermediário,pleno,ensino superior completo,nenhum,ti - desenvolvimento/programação,ti - desenvolvimento/programação-,,0,1,0,0
,,,analista,ensino superior completo,básico,,ti - projetos-,clt full,0,0,0,0
,,,sênior,ensino superior completo,avançado,,ti - sap-,pj/autônomo,0,0,0,0
,,,sênior,ensino superior completo,avançado,,gestão e alocação de recursos de ti-,pj/autônomo,0,0,0,0
,,,analista,ensino superior completo,avançado,,ti - projetos-,"clt full, pj/autônomo",0,0,0,0
,,,analista,ensino superior completo,intermediário,,ti - projetos-,hunting,0,0,0,0
,,,sênior,ensino superior completo,fluente,,ti - projetos-,hunting,0,0,0,0
,,,sênior,ensino superior completo,fluente,,ti - qualidade/testes-,clt full,0,0,0,0
,,,analista,ensino superior completo,avançado,,ti - sap-,"pj/autônomo, clt full",0,0,0,0
,,,júnior,ensino superior completo,nenhum,,ti - desenvolvimento/programação-,,0,0,0,0
,pós graduação completo,fluente,pleno,ensino superior completo,nenhum,gestão e alocação de recursos de ti,ti - projetos-,pj/autônomo,0,0,0,0
,,,analista,ensino superior completo,básico,,ti - projetos-,"pj/autônomo, clt full",0,0,0,0
,,,analista,ensino superior completo,básico,,ti - projetos-,hunting,0,0,0,0
,,,pleno,ensino superior completo,nenhum,,ti - projetos-,"clt full, clt cotas, pj/autônomo",0,0,0,0
,,,sênior,ensino superior completo,nenhum,,ti - sap-,,0,0,0,0
,,,sênior,ensino médio completo,básico,,financeira/controladoria-,pj/autônomo,0,0,0,0
,ensino técnico completo,básico,sênior,ensino superior completo,técnico,ti - projetos,ti - sap-,pj/autônomo,0,0,0,0
,pós graduação incompleto,intermediário,sênior,ensino superior completo,nenhum,ti - sistemas e ferramentas,ti - projetos-,clt full,0,0,0,0
,,,gerente,ensino superior completo,fluente,,ti - projetos-,clt full,0,0,0,0
,,,sênior,ensino superior completo,avançado,,ti - desenvolvimento/programação-,pj/autônomo,0,0,0,0
,,,pleno,ensino superior completo,básico,,ti - projetos-,"pj/autônomo, clt full",0,0,0,0
,,,pleno,ensino médio completo,avançado,,ti - projetos-,pj/autônomo,0,0,0,0
,,,pleno,ensino superior completo,avançado,,novos negócios e parcerias-,pj/autônomo,0,0,0,0
,,,pleno,ensino superior completo,avançado,,ti - projetos-,hunting,0,0,0,0
,,,especialista,pós graduação completo,básico,,ti - sap-,pj/autônomo,0,0,0,0
,pós graduação completo,intermediário,analista,ensino superior completo,básico,administrativa,ti - projetos-,"pj/autônomo, clt full",0,0,0,0
,,,analista,ensino superior completo,intermediário,,ti - sap-,clt cotas,0,0,0,0
,ensino superior completo,intermediário,sênior,ensino médio completo,nenhum,ti - desenvolvimento/programação,gestão e alocação de recursos de ti-,cooperado,0,0,0,0
,,,especialista,ensino superior completo,nenhum,,ti - sap-,pj/autônomo,0,0,0,0
,ensino superior completo,avançado,sênior,ensino superior completo,básico,ti - sap,ti - sap-,clt full,0,1,0,0
,ensino superior completo,fluente,sênior,ensino superior completo,fluente,"ti - infraestrutura, ti - suporte",ti - sistemas e ferramentas-,pj/autônomo,0,1,1,0
,,,analista,ensino superior completo,avançado,,ti - projetos-,"clt full, pj/autônomo",0,0,0,0
,mestrado completo,básico,pleno,ensino médio completo,técnico,ti - desenvolvimento/programação,gestão e alocação de recursos de ti-,pj/autônomo,0,0,0,0
,,,analista,ensino superior completo,básico,,ti - desenvolvimento/programação-,hunting,0,0,0,0
,,,analista,ensino superior completo,básico,,ti - projetos-,"clt full, pj/autônomo",0,0,0,0
,ensino superior completo,intermediário,sênior,ensino superior completo,avançado,"ti - banco de dados, ti - desenvolvimento/mobile, ti - desenvolvimento/programação, ti - infraestrutura, ti - projetos, ti - sistemas e ferramentas",ti - projetos-,pj/autônomo,0,1,0,0
,pós graduação completo,,analista,ensino superior completo,básico,,ti - sap-,pj/autônomo,0,0,0,0
,,,pleno,ensino superior completo,avançado,,ti - sap-,pj/autônomo,0,0,0,0
,,,pleno,ensino superior completo,nenhum,,ti - projetos-,clt cotas,0,0,0,0
,,,pleno,ensino médio completo,avançado,,ti - projetos-,pj/autônomo,0,0,0,0
,ensino superior completo,,sênior,ensino superior completo,técnico,"ti - desenvolvimento/programação, ti - infraestrutura, ti - telecom",ti - projetos-,pj/autônomo,0,1,0,0
,ensino superior cursando,intermediário,pleno,ensino superior completo,intermediário,,ti - desenvolvimento/programação-,,0,0,1,0
,,,pleno,ensino superior completo,intermediário,,ti - sistemas e ferramentas-,hunting,0,0,0,0
,,,pleno,ensino superior completo,avançado,,ti - projetos-,pj/autônomo,0,0,0,0
,,,analista,ensino superior completo,básico,,ti - projetos-,"pj/autônomo, clt full",0,0,0,0
,,,sênior,ensino superior completo,básico,,ti - sap-,"clt full, pj/autônomo",0,0,0,0
,ensino médio completo,intermediário,analista,ensino superior completo,básico,comercial,ti - projetos-,"clt full, pj/autônomo",0,0,0,0
,,,pleno,ensino superior completo,avançado,,gestão e alocação de recursos de ti-,clt full,0,0,0,0
,,,assistente,ensino superior cursando,nenhum,,administrativa-,clt full,0,0,0,0
,ensino superior completo,nenhum,analista,ensino superior completo,intermediário,recursos humanos,ti - projetos-,"clt full, pj/autônomo",0,1,0,0
,ensino superior completo,intermediário,pleno,ensino técnico completo,nenhum,ti - banco de dados,gestão e alocação de recursos de ti-,pj/autônomo,0,0,0,0
,,,analista,ensino superior completo,básico,,ti - desenvolvimento/programação-,"pj/autônomo, clt full",0,0,0,0
,,,analista,ensino superior completo,básico,,ti - projetos-,"pj/autônomo, clt full",0,0,0,0
,,,analista,ensino superior completo,básico,,ti - projetos-,"clt full, pj/autônomo",0,0,0,0
,,,analista,ensino superior completo,básico,,ti - projetos-,"clt full, pj/autônomo",0,0,0,0
,,,analista,ensino superior completo,básico,,ti - sap-,pj/autônomo,0,0,0,0
,ensino superior completo,avançado,pleno,ensino superior completo,intermediário,ti - desenvolvimento/programação,ti - desenvolvimento/programação-,,0,1,0,0
,,,sênior,ensino superior completo,básico,,ti - sap-,"clt full, pj/autônomo",0,0,0,0
,,,sênior,ensino superior completo,fluente,,ti - sap-,pj/autônomo,0,0,0,0
,,,pleno,ensino superior completo,intermediário,,ti - projetos-,hunting,0,0,0,0
,,,pleno,ensino superior completo,nenhum,,ti - projetos-,pj/autônomo,0,0,0,0
,ensino superior completo,intermediário,sênior,ensino médio completo,nenhum,ti - desenvolvimento/programação,financeira/controladoria-,cooperado,0,0,0,0
,pós graduação completo,básico,pleno,ensino superior completo,nenhum,relacionamento técnico,ti - desenvolvimento/programação-,,0,0,0,0
,ensino superior cursando,intermediário,sênior,ensino médio completo,nenhum,ti - sistemas e ferramentas,gestão e alocação de recursos de ti-,clt cotas,0,0,0,0
,,,sênior,ensino médio completo,avançado,,gestão e alocação de recursos de ti-,pj/autônomo,0,0,0,0
,ensino superior cursando,básico,júnior,ensino superior completo,avançado,ti - desenvolvimento/programação,ti - projetos-,pj/autônomo,0,0,0,0
,,,analista,ensino superior completo,básico,,ti - projetos-,"clt full, pj/autônomo",0,0,0,0
,,intermediário,sênior,ensino superior completo,fluente,,ti - sap-,pj/autônomo,0,0,0,0
,,,líder,ensino superior completo,básico,,ti - desenvolvimento/programação-,"clt full, clt cotas",0,0,0,0
,,,analista,ensino superior completo,básico,,ti - projetos-,"pj/autônomo, clt full",0,0,0,0
,,,sênior,ensino médio completo,nenhum,,administrativa-,pj/autônomo,0,0,0,0
,,,analista,ensino superior completo,nenhum,,administrativa-,clt full,0,0,0,0
,,,pleno,ensino superior completo,nenhum,,ti - sap-,pj/autônomo,0,0,0,0
,,,júnior,ensino superior completo,básico,,ti - suporte-,hunting,0,0,0,0
,pós graduação completo,básico,pleno,ensino superior completo,avançado,ti - infraestrutura,ti - projetos-,hunting,0,0,0,0
,,,sênior,ensino superior completo,fluente,,ti - sap-,pj/autônomo,0,0,0,0
,pós graduação completo,básico,sênior,ensino superior completo,fluente,ti - processos e negócios,ti - projetos-,pj/autônomo,0,0,0,0
,,,analista,ensino superior completo,básico,,ti - projetos-,"pj/autônomo, clt full",0,0,0,0
,,,analista,ensino superior completo,básico,,ti - projetos-,"clt full, pj/autônomo",0,0,0,0
,,,sênior,ensino superior completo,nenhum,,ti - sap-,"pj/autônomo, cooperado",0,0,0,0
,,,analista,ensino superior completo,fluente,,ti - sap-,pj/autônomo,0,0,0,0
,,,analista,ensino superior completo,básico,,ti - projetos-,clt cotas,0,0,0,0
,,,sênior,ensino médio completo,nenhum,,gestão e alocação de recursos de ti-,cooperado,0,0,0,0
,,,sênior,ensino superior completo,básico,,ti - sap-,pj/autônomo,0,0,0,0
,mestrado completo,avançado,sênior,ensino superior completo,avançado,ti - sap,ti - sap-,pj/autônomo,0,0,1,0
,,,sênior,ensino técnico completo,nenhum,,ti - segurança da informação-,clt full,0,0,0,0
,mestrado completo,fluente,pleno,ensino técnico completo,nenhum,"novos negócios e parcerias, ti - arquitetura, ti - processos e negócios, ti - qualidade/testes, ti - sap, ti - sistemas e ferramentas, ti - suporte",gestão e alocação de recursos de ti-,pj/autônomo,0,0,0,0
,,,sênior,ensino médio completo,nenhum,,financeira/controladoria-,hunting,0,0,0,0
,pós graduação completo,intermediário,sênior,ensino médio completo,nenhum,ti - arquitetura,administrativa-,pj/autônomo,0,0,0,0
,,,analista,ensino superior completo,avançado,,ti - projetos-,"clt full, pj/autônomo",0,0,0,0
,,,analista,ensino superior completo,avançado,,ti - sap-,pj/autônomo,0,0,0,0
,ensino superior completo,avançado,analista,ensino superior completo,fluente,ti - sap,ti - sap-,"clt full, pj/autônomo",0,1,0,0
,,,sênior,ensino superior completo,avançado,,ti - sap-,hunting,0,0,0,0
,ensino médio completo,intermediário,sênior,ensino médio completo,nenhum,administrativa,ti - sap-,pj/autônomo,0,1,0,0
,,,pleno,ensino técnico completo,nenhum,,gestão e alocação de recursos de ti-,pj/autônomo,0,0,0,0
,,,pleno,ensino superior completo,nenhum,,ti - projetos-,"pj/autônomo, clt full",0,0,0,0
,,,sênior,ensino superior completo,nenhum,,ti - projetos-,pj/autônomo,0,0,0,0
,pós graduação completo,avançado,sênior,ensino superior completo,fluente,ti - desenvolvimento/programação,gestão e alocação de recursos de ti-,cooperado,0,0,0,0
,,,assistente,ensino superior incompleto,básico,,administrativa-,clt full,0,0,0,0
,ensino superior completo,,analista,ensino superior completo,básico,,ti - sap-,pj/autônomo,0,1,0,0
,,,analista,ensino superior cursando,nenhum,,administrativa-financeira/controladoria-,clt full,0,0,0,0
sênior,,,sênior,ensino médio completo,nenhum,,administrativa-,pj/autônomo,1,0,0,0
,,,sênior,ensino superior completo,nenhum,,ti - sap-,hunting,0,0,0,0
,,,sênior,ensino superior completo,intermediário,,ti - sap-,clt full,0,0,0,0
,,,sênior,ensino superior cursando,nenhum,,ti - desenvolvimento/programação-,clt cotas,0,0,0,0
,,,analista,ensino superior completo,básico,,ti - banco de dados-,clt full,0,0,0,0
,,,júnior,ensino superior completo,básico,,ti - projetos-,"clt full, pj/autônomo",0,0,0,0
,,,pleno,ensino médio completo,avançado,,gestão e alocação de recursos de ti-,pj/autônomo,0,0,0,0
,ensino superior completo,básico,analista,ensino superior completo,básico,ti - desenvolvimento/programação,ti - projetos-,"pj/autônomo, clt full",0,1,1,0
,,,analista,ensino superior completo,básico,,ti - projetos-,clt full,0,0,0,0
,,,sênior,ensino superior completo,fluente,,ti - projetos-,"pj/autônomo, clt full",0,0,0,0
,,,sênior,ensino superior completo,intermediário,,recursos humanos-,hunting,0,0,0,0
,,,sênior,ensino superior completo,fluente,,ti - sap-,pj/autônomo,0,0,0,0
,,,sênior,ensino médio completo,avançado,,gestão e alocação de recursos de ti-,pj/autônomo,0,0,0,0
,ensino superior completo,intermediário,sênior,ensino superior completo,nenhum,ti - sap,ti - sap-,pj/autônomo,0,1,0,0
,,,pleno,ensino médio completo,intermediário,,gestão e alocação de recursos de ti-,pj/autônomo,0,0,0,0
,ensino superior completo,,analista,ensino superior completo,avançado,,ti - projetos-,"clt full, pj/autônomo",0,1,0,0
,,,sênior,ensino superior completo,fluente,,ti - sap-,"clt full, pj/autônomo",0,0,0,0
,,,sênior,ensino superior completo,básico,,ti - projetos-,pj/autônomo,0,0,0,0
,ensino superior completo,intermediário,pleno,ensino superior completo,técnico,ti - desenvolvimento/programação,ti - banco de dados-,cooperado,0,1,0,0
,,,sênior,ensino médio completo,avançado,,ti - arquitetura-,cooperado,0,0,0,0
,,,júnior,ensino médio incompleto,nenhum,,novos negócios e parcerias-,clt full,0,0,0,0
,,,sênior,ensino médio completo,nenhum,,financeira/controladoria-,cooperado,0,0,0,0
,,,sênior,ensino superior completo,nenhum,,gestão e alocação de recursos de ti-,cooperado,0,0,0,0
,,,sênior,ensino superior completo,fluente,,ti - sap-,clt full,0,0,0,0
,pós graduação completo,fluente,sênior,ensino superior completo,fluente,ti - projetos,ti - sap-,pj/autônomo,0,0,1,0
,,,sênior,ensino superior completo,nenhum,,ti - projetos-,hunting,0,0,0,0
,,,analista,ensino superior completo,básico,,ti - governança-,"clt full, pj/autônomo",0,0,0,0
,ensino superior completo,intermediário,sênior,ensino superior completo,avançado,ti - projetos,ti - infraestrutura-,clt full,0,1,0,0
,pós graduação incompleto,avançado,analista,ensino superior completo,avançado,ti - sap,ti - sap-,hunting,0,0,1,0
,ensino superior completo,avançado,sênior,ensino superior completo,básico,ti - desenvolvimento/programação,ti - sap-,clt full,0,1,0,0
,,,sênior,ensino superior completo,fluente,,ti - projetos-,"clt full, pj/autônomo",0,0,0,0
,,,analista,ensino superior completo,avançado,,ti - sap-,pj/autônomo,0,0,0,0
,ensino superior incompleto,intermediário,analista,ensino superior completo,básico,"ti - infraestrutura, ti - projetos, ti - segurança da informação, ti - suporte",ti - projetos-,clt full,0,0,0,0
,,,analista,ensino superior completo,básico,,ti - projetos-,pj/autônomo,0,0,0,0
,ensino superior cursando,básico,sênior,ensino superior completo,básico,ti - processos e negócios,ti - projetos-,"pj/autônomo, cooperado",0,0,1,0
,,,sênior,ensino superior completo,intermediário,,ti - projetos-,"clt full, pj/autônomo",0,0,0,0
,,,pleno,ensino superior completo,básico,,ti - projetos-,pj/autônomo,0,0,0,0
,ensino superior completo,fluente,pleno,ensino superior completo,nenhum,ti - banco de dados,ti - projetos-,clt full,0,1,0,0
,pós graduação completo,básico,analista,ensino superior completo,básico,ti - desenvolvimento/programação,ti - sap-,clt cotas,0,0,1,0
,,,sênior,ensino superior completo,avançado,,ti - sap-,pj/autônomo,0,0,0,0
,ensino superior completo,intermediário,pleno,ensino superior completo,nenhum,ti - desenvolvimento/programação,ti - desenvolvimento/programação-,clt full,0,1,0,0
,,,pleno,ensino superior completo,avançado,,ti - projetos-,pj/autônomo,0,0,0,0
,,,analista,ensino superior completo,intermediário,,ti - desenvolvimento/programação-,clt full,0,0,0,0
,,,sênior,ensino médio completo,avançado,,ti - projetos-,pj/autônomo,0,0,0,0
,,,sênior,ensino superior completo,fluente,,ti - sap-,pj/autônomo,0,0,0,0
,,,analista,ensino superior completo,intermediário,,ti - sap-,pj/autônomo,0,0,0,0
,,,analista,ensino médio completo,básico,,ti - suporte-,cooperado,0,0,0,0
,,,pleno,ensino superior completo,avançado,,ti - infraestrutura-,"cooperado, pj/autônomo",0,0,0,0
,,,analista,ensino superior completo,básico,,ti - projetos-,hunting,0,0,0,0
,mestrado completo,avançado,analista,pós graduação completo,básico,"ti - governança, ti - segurança da informação",ti - projetos-,"pj/autônomo, cooperado",0,0,0,0
,,,sênior,ensino médio completo,básico,,financeira/controladoria-,pj/autônomo,0,0,0,0
,ensino superior completo,avançado,sênior,ensino superior completo,fluente,ti - projetos,ti - sap-,pj/autônomo,0,1,0,0
,,,analista,ensino médio completo,nenhum,,ti - suporte-,cooperado,0,0,0,0
,ensino superior completo,intermediário,analista,ensino superior completo,básico,recursos humanos,recursos humanos-,clt cotas,0,1,0,0
,pós graduação completo,avançado,sênior,ensino superior completo,fluente,,ti - sap-,"clt full, pj/autônomo",0,0,0,0
,,,pleno,ensino técnico completo,nenhum,,gestão e alocação de recursos de ti-,pj/autônomo,0,0,0,0
,,,sênior,ensino superior completo,intermediário,,gestão e alocação de recursos de ti-ti - infraestrutura-,pj/autônomo,0,0,0,0
,ensino superior cursando,básico,sênior,ensino superior completo,nenhum,ti - projetos,ti - projetos-,pj/autônomo,0,0,0,0
,ensino superior completo,intermediário,sênior,ensino médio completo,nenhum,qualidade corporativa,ti - projetos-,cooperado,0,0,0,0
,,,pleno,ensino superior completo,intermediário,,ti - desenvolvimento/programação-,,0,0,0,0
,,,pleno,ensino superior completo,intermediário,,ti - sap-,hunting,0,0,0,0
,,,sênior,ensino superior completo,avançado,,ti - sap-,pj/autônomo,0,0,0,0
,ensino superior incompleto,avançado,pleno,ensino superior completo,técnico,"ti - desenvolvimento/mobile, ti - desenvolvimento/programação, ti - ux",ti - projetos-,hunting,0,0,0,0
,ensino superior completo,avançado,analista,ensino superior completo,básico,ti - desenvolvimento/design,ti - desenvolvimento/programação-,"pj/autônomo, clt cotas",0,1,0,0
,,,pleno,ensino superior completo,avançado,,ti - projetos-,pj/autônomo,0,0,0,0
,,,sênior,ensino superior completo,nenhum,,ti - projetos-,pj/autônomo,0,0,0,0
,ensino superior completo,avançado,sênior,ensino superior completo,nenhum,ti - sap,ti - sap-,pj/autônomo,0,1,0,0
,,,pleno,ensino superior completo,avançado,,ti - projetos-,hunting,0,0,0,0
,,,analista,ensino superior completo,básico,,ti - projetos-,pj/autônomo,0,0,0,0
,,,pleno,ensino técnico completo,nenhum,,gestão e alocação de recursos de ti-,pj/autônomo,0,0,0,0
,,,pleno,ensino superior completo,básico,,ti - projetos-,"pj/autônomo, clt full",0,0,0,0
,,,analista,ensino superior completo,avançado,,ti - projetos-,"pj/autônomo, clt full",0,0,0,0
,ensino superior completo,avançado,júnior,ensino médio completo,avançado,,gestão e alocação de recursos de ti-,pj/autônomo,0,0,1,0
,,,pleno,ensino técnico completo,nenhum,,gestão e alocação de recursos de ti-,pj/autônomo,0,0,0,0
,pós graduação completo,fluente,sênior,ensino superior completo,básico,ti - sap,ti - sap-,pj/autônomo,0,0,0,0
,,,pleno,ensino médio completo,avançado,,financeira/controladoria-,pj/autônomo,0,0,0,0
,ensino superior cursando,básico,sênior,ensino superior completo,nenhum,ti - sap,ti - sap-,pj/autônomo,0,0,0,0
,,,analista,ensino superior completo,básico,,ti - projetos-,"clt full, pj/autônomo",0,0,0,0
,,,analista,ensino superior completo,avançado,,ti - desenvolvimento/programação-,clt full,0,0,0,0
,,,sênior,ensino superior completo,básico,,ti - sap-,pj/autônomo,0,0,0,0
,ensino superior completo,intermediário,especialista,ensino superior completo,fluente,ti - desenvolvimento/programação,ti - projetos-,pj/autônomo,0,1,0,0
,,,pleno,ensino médio completo,avançado,,financeira/controladoria-,pj/autônomo,0,0,0,0
,,,sênior,ensino superior completo,intermediário,,ti - desenvolvimento/programação-,hunting,0,0,0,0
,,,analista,ensino superior completo,básico,,ti - projetos-,"pj/autônomo, clt full",0,0,0,0
,ensino superior completo,avançado,pleno,ensino superior completo,avançado,ti - sap,ti - suporte-,hunting,0,1,1,0
,ensino superior cursando,avançado,pleno,ensino superior completo,nenhum,ti - desenvolvimento/programação,ti - desenvolvimento/mobile-,clt full,0,0,0,0
,,,sênior,ensino superior completo,avançado,,ti - sistemas e ferramentas-,,0,0,0,0
sênior,pós graduação completo,básico,sênior,ensino superior completo,intermediário,ti - desenvolvimento/programação,ti - desenvolvimento/programação-,,1,0,0,0
,ensino superior cursando,básico,júnior,ensino técnico cursando,nenhum,ti - suporte,ti - infraestrutura-,pj/autônomo,0,0,0,0
,pós graduação completo,básico,analista,ensino superior completo,básico,ti - processos e negócios,ti - projetos-,clt full,0,0,1,0
,ensino superior completo,avançado,analista,ensino superior completo,básico,ti - desenvolvimento/programação,ti - projetos-,"clt full, pj/autônomo",0,1,0,0
,,,analista,ensino superior completo,básico,,ti - desenvolvimento/programação-,clt full,0,0,0,0
,,,sênior,ensino superior completo,nenhum,,ti - arquitetura-,clt full,0,0,0,0
,,,gerente,ensino superior completo,básico,,ti - governança-ti - infraestrutura-ti - suporte-,"cooperado, pj/autônomo",0,0,0,0
,,,sênior,ensino superior completo,básico,,ti - projetos-,hunting,0,0,0,0
,,,analista,ensino superior completo,intermediário,,ti - infraestrutura-,"clt cotas, cooperado, estagiário, pj/autônomo",0,0,0,0
,,,sênior,ensino superior completo,fluente,,ti - desenvolvimento/programação-,clt full,0,0,0,0
,,,analista,ensino superior completo,básico,,ti - arquitetura-,clt full,0,0,0,0
,ensino superior completo,básico,analista,ensino superior completo,básico,ti - desenvolvimento/programação,ti - projetos-,"pj/autônomo, clt full",0,1,1,0
,,,sênior,ensino superior completo,básico,,ti - sap-,pj/autônomo,0,0,0,0
,,,júnior,ensino superior completo,técnico,,ti - projetos-,clt full,0,0,0,0
,ensino superior cursando,avançado,sênior,ensino superior completo,avançado,ti - desenvolvimento/programação,ti - projetos-,pj/autônomo,0,0,1,0
,ensino superior completo,intermediário,analista,ensino superior completo,básico,ti - sap,ti - sap-,"clt full, pj/autônomo",0,1,0,0
,,,sênior,ensino superior completo,básico,,ti - desenvolvimento/programação-,,0,0,0,0
,,,especialista,pós graduação completo,básico,,ti - projetos-,"pj/autônomo, clt full",0,0,0,0
,,,analista,ensino superior completo,avançado,,ti - sap-,hunting,0,0,0,0
,ensino superior cursando,intermediário,pleno,ensino técnico completo,intermediário,ti - desenvolvimento/programação,gestão e alocação de recursos de ti-,pj/autônomo,0,0,1,0
,,,pleno,pós graduação completo,nenhum,,ti - desenvolvimento/programação-,cooperado,0,0,0,0
,,,analista,ensino superior completo,básico,,ti - projetos-,"pj/autônomo, clt full",0,0,0,0
,,,sênior,ensino superior completo,nenhum,,ti - projetos-,hunting,0,0,0,0
,,,pleno,ensino superior completo,técnico,,ti - banco de dados-,cooperado,0,0,0,0
,ensino superior completo,básico,sênior,ensino superior completo,nenhum,ti - desenvolvimento/programação,ti - projetos-,pj/autônomo,0,1,0,0
,,,pleno,ensino técnico completo,nenhum,,gestão e alocação de recursos de ti-,clt cotas,0,0,0,0
,,,pleno,ensino técnico completo,nenhum,,gestão e alocação de recursos de ti-,pj/autônomo,0,0,0,0
,pós graduação cursando,intermediário,sênior,ensino superior completo,nenhum,"ti - governança, ti - infraestrutura, ti - processos e negócios, ti - projetos, ti - sistemas e ferramentas, ti - suporte",ti - projetos-,cooperado,0,0,0,0
,pós graduação completo,intermediário,sênior,ensino superior completo,básico,financeira/controladoria,ti - projetos-,"pj/autônomo, clt full",0,0,0,0
,,,sênior,ensino médio completo,avançado,,ti - sap-,pj/autônomo,0,0,0,0
,,,analista,ensino superior completo,fluente,,ti - sap-,"pj/autônomo, clt full",0,0,0,0
,ensino superior completo,avançado,analista,ensino superior completo,fluente,ti - sap,ti - sap-,pj/autônomo,0,1,0,0
,,,sênior,ensino superior completo,avançado,,ti - sap-,"pj/autônomo, clt full",0,0,0,0
,,,analista,ensino superior completo,básico,,ti - desenvolvimento/programação-,hunting,0,0,0,0
,,,pleno,ensino superior completo,intermediário,,gestão e alocação de recursos de ti-ti - qualidade/testes-,pj/autônomo,0,0,0,0
,pós graduação completo,,sênior,ensino superior completo,intermediário,,ti - sistemas e ferramentas-,,0,0,0,0
,,,assistente,ensino médio completo,nenhum,,administrativa-,clt full,0,0,0,0
,,,sênior,ensino superior completo,fluente,,ti - sap-,clt full,0,0,0,0
,,,pleno,ensino técnico completo,nenhum,,gestão e alocação de recursos de ti-,pj/autônomo,0,0,0,0
,pós graduação incompleto,fluente,sênior,ensino superior completo,nenhum,ti - sap,ti - sap-,"pj/autônomo, cooperado",0,0,0,0
,ensino médio completo,básico,assistente,ensino médio completo,nenhum,administrativa,ti - projetos-,clt full,0,1,0,0
,ensino superior completo,avançado,analista,ensino superior completo,básico,"administrativa, comercial, financeira/controladoria, gestão e alocação de recursos de ti, marketing, qualidade corporativa, recursos humanos",ti - projetos-,"clt full, pj/autônomo",0,1,0,0
,,,analista,ensino superior completo,básico,,ti - projetos-,"clt full, pj/autônomo",0,0,0,0
,,,sênior,ensino superior completo,intermediário,,ti - sistemas e ferramentas-,,0,0,0,0
,,,analista,ensino superior completo,básico,,ti - sap-,pj/autônomo,0,0,0,0
,pós graduação cursando,intermediário,sênior,ensino médio completo,avançado,"ti - banco de dados, ti - processos e negócios, ti - projetos, ti - sistemas e ferramentas, ti - telecom",ti - projetos-,pj/autônomo,0,0,0,0
,,,pleno,ensino superior completo,avançado,,ti - projetos-,pj/autônomo,0,0,0,0
,ensino superior completo,fluente,sênior,ensino médio completo,nenhum,ti - projetos,administrativa-,pj/autônomo,0,0,0,0
,,,sênior,ensino médio completo,básico,,financeira/controladoria-,pj/autônomo,0,0,0,0
,,,analista,ensino superior completo,avançado,,ti - projetos-,"cooperado, pj/autônomo",0,0,0,0
,,,sênior,ensino superior completo,intermediário,,ti - sistemas e ferramentas-,pj/autônomo,0,0,0,0
,,,analista,ensino superior completo,básico,,ti - projetos-,"clt full, pj/autônomo",0,0,0,0
,,,sênior,ensino superior completo,avançado,,ti - projetos-,pj/autônomo,0,0,0,0
,,,pleno,ensino superior completo,intermediário,,gestão e alocação de recursos de ti-,pj/autônomo,0,0,0,0
,,,sênior,ensino superior completo,avançado,,ti - desenvolvimento/programação-,clt full,0,0,0,0
,,,sênior,ensino superior completo,básico,,ti - projetos-,"pj/autônomo, clt full",0,0,0,0
,,,sênior,ensino superior completo,intermediário,,ti - desenvolvimento/mobile-,,0,0,0,0
,,,pleno,ensino superior completo,avançado,,ti - projetos-,pj/autônomo,0,0,0,0
,,,sênior,ensino superior completo,avançado,,ti - sap-,pj/autônomo,0,0,0,0
,,,sênior,ensino superior completo,técnico,,ti - desenvolvimento/programação-,,0,0,0,0
,,,especialista,ensino superior completo,nenhum,,ti - projetos-,hunting,0,0,0,0
,,,analista,ensino superior completo,básico,,ti - projetos-,clt full,0,0,0,0
,,,sênior,ensino técnico completo,básico,,gestão e alocação de recursos de ti-,pj/autônomo,0,0,0,0
,ensino superior completo,básico,pleno,ensino superior completo,intermediário,ti - suporte,ti - suporte-,pj/autônomo,0,1,0,0
,,,analista,ensino médio completo,básico,,ti - suporte-,cooperado,0,0,0,0
,ensino técnico completo,básico,analista,ensino técnico completo,básico,relacionamento técnico,ti - projetos-,"pj/autônomo, clt full",0,1,1,0
,,,sênior,ensino superior completo,avançado,,ti - telecom-,pj/autônomo,0,0,0,0
,ensino superior completo,avançado,pleno,ensino superior completo,fluente,ti - qualidade/testes,ti - projetos-,pj/autônomo,0,1,0,0
,ensino superior cursando,básico,analista,ensino superior completo,intermediário,"ti - projetos, ti - sap, ti - suporte",ti - sap-,"clt full, pj/autônomo",0,0,0,0
,,,sênior,ensino médio completo,avançado,,financeira/controladoria-,pj/autônomo,0,0,0,0
,,,analista,ensino superior completo,intermediário,,ti - projetos-,"pj/autônomo, clt full",0,0,0,0
,,,sênior,ensino médio completo,avançado,,ti - projetos-,pj/autônomo,0,0,0,0
sênior,,,analista,ensino superior completo,fluente,,ti - sap-,"pj/autônomo, clt cotas",0,0,0,0
,pós graduação cursando,básico,analista,ensino superior completo,básico,ti - banco de dados,ti - projetos-,"clt full, pj/autônomo",0,0,1,0
,,,pleno,ensino técnico completo,nenhum,,gestão e alocação de recursos de ti-,pj/autônomo,0,0,0,0
,,,júnior,ensino superior completo,técnico,,ti - suporte-,clt full,0,0,0,0
,ensino superior completo,básico,analista,ensino superior completo,intermediário,ti - infraestrutura,ti - projetos-,clt full,0,1,0,0
,ensino superior completo,intermediário,sênior,ensino superior completo,avançado,ti - desenvolvimento/programação,ti - desenvolvimento/programação-,pj/autônomo,0,1,0,0
,,,analista,ensino superior completo,básico,,ti - projetos-,hunting,0,0,0,0
,mestrado completo,avançado,júnior,ensino superior completo,básico,recursos humanos,recursos humanos-,clt full,0,0,0,0
,,,analista,ensino superior completo,básico,,ti - desenvolvimento/programação-,,0,0,0,0
,,,sênior,ensino superior completo,básico,,ti - sistemas e ferramentas-,,0,0,0,0
,,,pleno,ensino técnico completo,nenhum,,gestão e alocação de recursos de ti-,pj/autônomo,0,0,0,0
,ensino superior completo,avançado,sênior,ensino médio completo,avançado,"ti - projetos, ti - qualidade/testes",comercial-,clt cotas,0,0,1,0
,,,analista,ensino superior completo,nenhum,,ti - infraestrutura-,cooperado,0,0,0,0
,,,sênior,ensino médio completo,nenhum,,administrativa-,,0,0,0,0
,,,sênior,ensino superior completo,fluente,,gestão e alocação de recursos de ti-,cooperado,0,0,0,0
,,,sênior,ensino superior completo,fluente,,ti - projetos-,pj/autônomo,0,0,0,0
,,,sênior,ensino superior completo,básico,,ti - projetos-,"clt full, pj/autônomo",0,0,0,0
,,,sênior,ensino superior cursando,avançado,,novos negócios e parcerias-,,0,0,0,0
,,,sênior,ensino médio completo,nenhum,,administrativa-,clt cotas,0,0,0,0
,,,pleno,ensino superior completo,nenhum,,ti - sap-,hunting,0,0,0,0
,,,analista,ensino superior completo,básico,,ti - projetos-,"pj/autônomo, cooperado",0,0,0,0
,,,pleno,ensino técnico completo,nenhum,,gestão e alocação de recursos de ti-ti - desenvolvimento/programação-,pj/autônomo,0,0,0,0
,mestrado completo,avançado,sênior,ensino superior completo,fluente,ti - projetos,gestão e alocação de recursos de ti-ti - projetos-,pj/autônomo,0,0,0,0
,ensino superior completo,intermediário,analista,ensino superior completo,básico,financeira/controladoria,ti - projetos-,"clt full, pj/autônomo",0,1,0,0
,,,pleno,ensino superior completo,básico,,ti - desenvolvimento/programação-,clt full,0,0,0,0
,,,pleno,ensino superior completo,nenhum,,ti - projetos-,pj/autônomo,0,0,0,0
,,,sênior,ensino superior completo,básico,,ti - projetos-,"pj/autônomo, clt full",0,0,0,0
,,,analista,ensino superior completo,avançado,,administrativa-,clt full,0,0,0,0
,ensino superior completo,avançado,pleno,ensino superior completo,nenhum,ti - arquitetura,gestão e alocação de recursos de ti-,pj/autônomo,0,1,0,0
,,,júnior,ensino superior completo,básico,,ti - desenvolvimento/programação-,hunting,0,0,0,0
,,,analista,ensino superior completo,básico,,ti - projetos-,"clt full, pj/autônomo",0,0,0,0
,,,sênior,ensino superior completo,básico,,ti - projetos-,"clt full, pj/autônomo",0,0,0,0
,,,analista,ensino superior completo,básico,,ti - projetos-,clt full,0,0,0,0
,ensino superior cursando,avançado,especialista,ensino superior completo,básico,ti - sap,ti - sap-,"clt full, cooperado, pj/autônomo",0,0,0,0
,,,pleno,ensino técnico completo,nenhum,,gestão e alocação de recursos de ti-,pj/autônomo,0,0,0,0
,,,sênior,ensino superior completo,avançado,,ti - sap-,clt full,0,0,0,0
,,,sênior,ensino superior completo,fluente,,administrativa-,pj/autônomo,0,0,0,0
,ensino superior completo,básico,analista,ensino superior completo,intermediário,ti - sap,ti - sap-,"clt full, clt cotas, cooperado, estagiário, pj/autônomo",0,1,0,0
,,,pleno,ensino superior completo,avançado,,ti - qualidade/testes-,pj/autônomo,0,0,0,0
,,,analista,ensino superior completo,fluente,,ti - sap-,"pj/autônomo, clt full",0,0,0,0
,,,sênior,ensino superior completo,avançado,,ti - infraestrutura-,pj/autônomo,0,0,0,0
,,,sênior,ensino superior completo,avançado,,ti - projetos-,pj/autônomo,0,0,0,0
,,,analista,ensino superior completo,avançado,,ti - qualidade/testes-,clt full,0,0,0,0
,ensino superior cursando,fluente,analista,ensino superior completo,básico,"ti - arquitetura, ti - desenvolvimento/design, ti - desenvolvimento/mobile, ti - desenvolvimento/programação, ti - sistemas e ferramentas",ti - desenvolvimento/programação-,"pj/autônomo, clt full",0,0,0,0
,,,sênior,ensino superior completo,avançado,,ti - projetos-,pj/autônomo,0,0,0,0
,ensino superior cursando,intermediário,pleno,ensino superior completo,nenhum,ti - infraestrutura,ti - projetos-,pj/autônomo,0,0,0,0
,,,analista,ensino superior completo,básico,,ti - sap-,"clt full, pj/autônomo",0,0,0,0
,,,sênior,ensino médio completo,avançado,,financeira/controladoria-,pj/autônomo,0,0,0,0
,,,assistente,ensino médio completo,nenhum,,ti - projetos-,clt full,0,0,0,0
,,,pleno,ensino médio completo,fluente,,gestão e alocação de recursos de ti-,pj/autônomo,0,0,0,0
,,,sênior,ensino superior completo,intermediário,,ti - projetos-,,0,0,0,0
,,,analista,ensino superior completo,básico,,ti - banco de dados-,clt full,0,0,0,0
,,,sênior,ensino superior cursando,avançado,,ti - sap-,clt full,0,0,0,0
,pós graduação completo,básico,gerente,ensino superior completo,avançado,"administrativa, financeira/controladoria",ti - projetos-,pj/autônomo,0,0,0,0
,,,analista,ensino superior completo,básico,,ti - sap-,pj/autônomo,0,0,0,0
,,,sênior,ensino superior completo,fluente,,ti - processos e negócios-,,0,0,0,0
,pós graduação completo,avançado,sênior,ensino superior completo,nenhum,ti - projetos,ti - projetos-,hunting,0,0,0,0
,ensino superior completo,,analista,ensino superior completo,básico,,ti - desenvolvimento/mobile-,,0,1,0,0
,,,analista,ensino superior completo,avançado,,ti - projetos-,hunting,0,0,0,0
,,,analista,ensino superior completo,fluente,,ti - sap-,pj/autônomo,0,0,0,0
,,,sênior,ensino superior completo,avançado,,ti - projetos-,pj/autônomo,0,0,0,0
,,,pleno,ensino superior completo,avançado,,ti - sap-,hunting,0,0,0,0
,ensino superior completo,avançado,pleno,ensino superior completo,nenhum,ti - sap,ti - sap-,pj/autônomo,0,1,0,0
,,,sênior,ensino médio completo,básico,,ti - sap-,pj/autônomo,0,0,0,0
,pós graduação completo,avançado,sênior,ensino médio completo,avançado,"ti - arquitetura, ti - banco de dados, ti - desenvolvimento/programação, ti - infraestrutura, ti - processos e negócios, ti - projetos, ti - sistemas e ferramentas",administrativa-,cooperado,0,0,1,0
,,,pleno,ensino superior completo,fluente,,ti - sistemas e ferramentas-,,0,0,0,0
,pós graduação completo,avançado,júnior,ensino superior completo,avançado,"ti - arquitetura, ti - banco de dados, ti - desenvolvimento/design, ti - desenvolvimento/mobile, ti - desenvolvimento/programação, ti - governança, ti - infraestrutura, ti - processos e negócios, ti - projetos, ti - qualidade/testes, ti - sap, ti - sistemas e ferramentas, ti - suporte, ti - telecom, ti - ux",ti - projetos-,hunting,0,0,1,0
,,,analista,ensino superior completo,fluente,,ti - sap-,pj/autônomo,0,0,0,0
,,,sênior,ensino superior completo,básico,,ti - sap-,pj/autônomo,0,0,0,0
sênior,ensino superior completo,intermediário,sênior,ensino superior completo,nenhum,ti - desenvolvimento/programação,ti - sap-,cooperado,1,1,0,0
,,,analista,ensino superior completo,básico,,ti - projetos-,"clt full, pj/autônomo",0,0,0,0
,pós graduação completo,avançado,sênior,ensino superior completo,fluente,,ti - sap-,pj/autônomo,0,0,0,0
,pós graduação cursando,básico,sênior,ensino superior completo,básico,ti - banco de dados,ti - projetos-,"clt full, pj/autônomo",0,0,1,0
,,,pleno,ensino superior completo,avançado,,ti - projetos-,pj/autônomo,0,0,0,0
,,,analista,ensino médio completo,básico,,ti - projetos-,hunting,0,0,0,0
,,,especialista,pós graduação completo,básico,,ti - sap-,pj/autônomo,0,0,0,0
,pós graduação cursando,intermediário,sênior,ensino superior completo,nenhum,ti - desenvolvimento/programação,comercial-,clt cotas,0,0,0,0
,ensino superior completo,básico,pleno,ensino superior completo,básico,ti - desenvolvimento/programação,ti - projetos-,"pj/autônomo, clt cotas",0,1,1,0
,,,sênior,ensino superior completo,técnico,,ti - sap-,pj/autônomo,0,0,0,0
,,,analista,ensino superior completo,básico,,ti - projetos-,"clt full, pj/autônomo",0,0,0,0
,pós graduação completo,básico,analista,ensino superior completo,básico,ti - desenvolvimento/programação,ti - projetos-,"clt full, pj/autônomo",0,0,1,0
,,,pleno,ensino superior completo,avançado,,ti - sap-,hunting,0,0,0,0
,,,sênior,ensino superior completo,básico,,ti - projetos-,"clt full, pj/autônomo",0,0,0,0
,ensino superior completo,básico,sênior,ensino médio completo,fluente,ti - desenvolvimento/programação,administrativa-,hunting,0,0,0,0
,,,assistente,ensino superior cursando,nenhum,,administrativa-,clt full,0,0,0,0
,,,pleno,ensino técnico completo,nenhum,,gestão e alocação de recursos de ti-,pj/autônomo,0,0,0,0
,,,sênior,ensino superior completo,avançado,,financeira/controladoria-,pj/autônomo,0,0,0,0
,,,pleno,ensino técnico completo,nenhum,,gestão e alocação de recursos de ti-,pj/autônomo,0,0,0,0
,,,pleno,ensino superior completo,fluente,,ti - desenvolvimento/programação-,clt cotas,0,0,0,0
,,,sênior,ensino médio completo,fluente,,ti - projetos-,pj/autônomo,0,0,0,0
,,,analista,ensino superior completo,básico,,ti - projetos-,"pj/autônomo, clt full",0,0,0,0
,,,sênior,ensino superior completo,básico,,ti - projetos-,clt full,0,0,0,0
,,,sênior,ensino superior completo,básico,,ti - projetos-,"pj/autônomo, clt cotas, clt full",0,0,0,0
,ensino superior completo,avançado,sênior,ensino superior completo,avançado,ti - sap,ti - sap-,hunting,0,1,1,0
,,,sênior,ensino superior completo,intermediário,,ti - sap-,clt full,0,0,0,0
,,,analista,ensino superior completo,fluente,,ti - sap-,pj/autônomo,0,0,0,0
,,fluente,sênior,ensino superior completo,nenhum,,ti - desenvolvimento/programação-,clt full,0,0,0,0
,,,sênior,ensino superior completo,avançado,,ti - sap-,pj/autônomo,0,0,0,0
,pós graduação completo,intermediário,analista,ensino superior completo,fluente,ti - projetos,ti - sap-,pj/autônomo,0,0,0,0
,pós graduação completo,avançado,pleno,ensino superior cursando,nenhum,"administrativa, gestão e alocação de recursos de ti, novos negócios e parcerias, relacionamento técnico",gestão e alocação de recursos de ti-,pj/autônomo,0,0,0,0
,,,analista,ensino superior completo,básico,,ti - projetos-,clt full,0,0,0,0
,,,sênior,pós graduação completo,nenhum,,gestão e alocação de recursos de ti-ti - sap-,pj/autônomo,0,0,0,0
,,,analista,ensino superior completo,básico,,ti - projetos-,hunting,0,0,0,0
,,,pleno,ensino técnico completo,nenhum,,gestão e alocação de recursos de ti-,pj/autônomo,0,0,0,0
,,,analista,ensino superior completo,básico,,ti - sap-,clt cotas,0,0,0,0
,ensino superior completo,fluente,analista,ensino superior completo,básico,"administrativa, financeira/controladoria, novos negócios e parcerias, qualidade corporativa",ti - projetos-,"clt full, pj/autônomo",0,1,0,0
,ensino superior cursando,básico,assistente,ensino médio completo,nenhum,comercial,ti - projetos-,clt full,0,0,0,0
,,,analista,ensino superior completo,nenhum,,administrativa-,clt full,0,0,0,0
,,,sênior,ensino superior cursando,avançado,,ti - desenvolvimento/programação-,estagiário,0,0,0,0
,,,sênior,ensino médio completo,fluente,,ti - projetos-,pj/autônomo,0,0,0,0
,mestrado completo,intermediário,sênior,ensino superior completo,nenhum,ti - sap,ti - sap-,clt full,0,0,0,0
,ensino superior completo,avançado,pleno,ensino técnico completo,nenhum,ti - desenvolvimento/programação,gestão e alocação de recursos de ti-,pj/autônomo,0,0,0,0
,,,analista,ensino superior completo,básico,,ti - sap-,"clt full, pj/autônomo",0,0,0,0
,,,pleno,ensino técnico completo,nenhum,,gestão e alocação de recursos de ti-,pj/autônomo,0,0,0,0
,,,pleno,ensino técnico completo,nenhum,,gestão e alocação de recursos de ti-ti - sap-,pj/autônomo,0,0,0,0
,,,analista,ensino superior completo,básico,,ti - projetos-,"pj/autônomo, cooperado",0,0,0,0
,,,analista,ensino superior completo,intermediário,,ti - projetos-,"clt full, pj/autônomo",0,0,0,0
,,,analista,ensino superior completo,fluente,,ti - projetos-,pj/autônomo,0,0,0,0
,,,sênior,ensino superior completo,avançado,,ti - sap-,pj/autônomo,0,0,0,0
,,,analista,ensino superior completo,avançado,,ti - sap-,pj/autônomo,0,0,0,0
sênior,pós graduação completo,básico,analista,ensino superior completo,básico,ti - desenvolvimento/programação,ti - desenvolvimento/programação-,hunting,0,0,1,0
,pós graduação incompleto,intermediário,sênior,ensino superior completo,nenhum,ti - desenvolvimento/programação,ti - desenvolvimento/programação-,pj/autônomo,0,0,0,0
,,,sênior,ensino superior completo,básico,,ti - projetos-,pj/autônomo,0,0,0,0
,,,analista,ensino superior completo,avançado,,ti - projetos-,"pj/autônomo, clt full",0,0,0,0
,,,sênior,ensino superior completo,intermediário,,ti - projetos-,pj/autônomo,0,0,0,0
,,,sênior,ensino superior completo,básico,,ti - projetos-,"pj/autônomo, clt cotas, clt full",0,0,0,0
,,,analista,ensino superior completo,básico,,ti - projetos-,"pj/autônomo, clt full",0,0,0,0
,,,sênior,ensino médio completo,avançado,,financeira/controladoria-,pj/autônomo,0,0,0,0
,,,analista,ensino superior completo,básico,,ti - projetos-,"pj/autônomo, clt full",0,0,0,0
,,,pleno,ensino superior completo,avançado,,ti - projetos-,pj/autônomo,0,0,0,0
,,,sênior,ensino superior completo,básico,,ti - projetos-,pj/autônomo,0,0,0,0
,ensino superior completo,intermediário,analista,ensino superior completo,básico,ti - sistemas e ferramentas,ti - desenvolvimento/programação-,hunting,0,1,0,0
,,,sênior,ensino superior completo,fluente,,ti - projetos-,hunting,0,0,0,0
,,,sênior,ensino superior completo,nenhum,,ti - sap-,pj/autônomo,0,0,0,0
,,,sênior,ensino superior completo,avançado,,ti - projetos-,pj/autônomo,0,0,0,0
,,,pleno,ensino técnico completo,nenhum,ti - qualidade/testes,gestão e alocação de recursos de ti-ti - qualidade/testes-,pj/autônomo,0,0,0,0
,,,sênior,ensino técnico completo,nenhum,,ti - banco de dados-,clt full,0,0,0,0
,ensino superior completo,fluente,sênior,ensino médio completo,intermediário,ti - projetos,administrativa-,pj/autônomo,0,0,0,0
,ensino médio completo,intermediário,pleno,ensino técnico completo,nenhum,administrativa,gestão e alocação de recursos de ti-,pj/autônomo,0,0,0,0
,,,júnior,ensino médio completo,nenhum,,administrativa-,clt full,0,0,0,0
,pós graduação completo,intermediário,sênior,ensino superior completo,avançado,ti - arquitetura,ti - sistemas e ferramentas-,,0,0,0,0
,,,analista,ensino superior completo,básico,,ti - projetos-,"clt full, pj/autônomo",0,0,0,0
,,,sênior,ensino superior completo,básico,,ti - projetos-,"pj/autônomo, clt full",0,0,0,0
,,,sênior,ensino superior completo,intermediário,,ti - sistemas e ferramentas-,,0,0,0,0
,,,sênior,ensino superior completo,intermediário,,ti - desenvolvimento/programação-,,0,0,0,0
,,,sênior,ensino médio completo,nenhum,,gestão e alocação de recursos de ti-,pj/autônomo,0,0,0,0
,pós graduação completo,avançado,sênior,ensino superior completo,fluente,ti - sap,ti - sap-,hunting,0,0,0,0
,,,analista,ensino superior completo,básico,,ti - desenvolvimento/programação-,clt full,0,0,0,0
,,,sênior,ensino superior completo,intermediário,,ti - projetos-,hunting,0,0,0,0
,,,sênior,ensino superior completo,intermediário,,ti - desenvolvimento/programação-,pj/autônomo,0,0,0,0
,,,analista,ensino superior completo,básico,,ti - projetos-,"pj/autônomo, clt full",0,0,0,0
,,,analista,ensino superior completo,avançado,,ti - sap-,hunting,0,0,0,0
,ensino superior completo,intermediário,sênior,ensino superior completo,nenhum,ti - sap,ti - sap-,pj/autônomo,0,1,0,0
,pós graduação completo,avançado,sênior,ensino superior completo,avançado,ti - projetos,ti - projetos-,pj/autônomo,0,0,1,0
,,,júnior,ensino superior incompleto,intermediário,,ti - infraestrutura-,pj/autônomo,0,0,0,0
,,,pleno,ensino superior incompleto,nenhum,,recursos humanos-,clt full,0,0,0,0
,ensino superior completo,básico,analista,ensino superior completo,básico,"ti - banco de dados, ti - desenvolvimento/programação, ti - infraestrutura, ti - sistemas e ferramentas, ti - suporte",ti - projetos-,"clt full, pj/autônomo",0,1,1,0
,ensino superior completo,avançado,analista,ensino superior completo,básico,ti - desenvolvimento/programação,ti - desenvolvimento/programação-,clt full,0,1,0,0
,ensino superior completo,avançado,sênior,ensino superior completo,avançado,"administrativa, comercial, ti - sap",ti - desenvolvimento/programação-,clt full,0,1,1,0
,,,analista,ensino superior completo,intermediário,,ti - projetos-,"clt full, pj/autônomo",0,0,0,0
,,,pleno,ensino superior completo,intermediário,,ti - desenvolvimento/programação-,clt full,0,0,0,0
,,,sênior,ensino médio completo,avançado,,gestão e alocação de recursos de ti-,pj/autônomo,0,0,0,0
,,,sênior,ensino superior completo,nenhum,,ti - projetos-,pj/autônomo,0,0,0,0
,,,sênior,ensino médio completo,avançado,,ti - projetos-,pj/autônomo,0,0,0,0
,,,analista,ensino superior completo,básico,,ti - sap-,"candidato poderá escolher, pj/autônomo",0,0,0,0
,ensino superior completo,,sênior,ensino superior completo,avançado,"ti - desenvolvimento/programação, ti - infraestrutura, ti - telecom",ti - projetos-,pj/autônomo,0,1,0,0
,ensino superior completo,intermediário,sênior,ensino superior completo,básico,ti - desenvolvimento/programação,ti - desenvolvimento/programação-,clt full,0,1,0,0
,,,sênior,ensino médio completo,avançado,,ti - projetos-,pj/autônomo,0,0,0,0
,ensino superior incompleto,fluente,sênior,ensino superior completo,fluente,ti - sap,ti - sap-,hunting,0,0,1,0
,ensino superior cursando,avançado,sênior,ensino técnico completo,avançado,ti - qualidade/testes,administrativa-,cooperado,0,0,1,0
,pós graduação completo,,sênior,ensino superior completo,fluente,,gestão e alocação de recursos de ti-,pj/autônomo,0,0,0,0
,ensino superior completo,,sênior,ensino superior completo,avançado,,ti - sap-,hunting,0,1,0,0
,,,pleno,ensino superior completo,avançado,,gestão e alocação de recursos de ti-,pj/autônomo,0,0,0,0
,ensino superior cursando,básico,sênior,ensino superior completo,fluente,recursos humanos,ti - projetos-,"clt full, pj/autônomo",0,0,0,0
,ensino superior completo,avançado,analista,ensino superior completo,básico,financeira/controladoria,ti - projetos-,"pj/autônomo, clt full",0,1,0,0
,,,pleno,ensino superior completo,básico,,ti - sap-,pj/autônomo,0,0,0,0
,,,analista,ensino superior completo,avançado,,ti - sap-,"clt cotas, cooperado, estagiário, pj/autônomo, hunting",0,0,0,0
,ensino superior cursando,intermediário,analista,ensino superior completo,básico,ti - desenvolvimento/programação,ti - projetos-,clt full,0,0,0,0
,,,pleno,ensino técnico completo,nenhum,,gestão e alocação de recursos de ti-,pj/autônomo,0,0,0,0
,,,sênior,ensino superior completo,fluente,,ti - sap-,pj/autônomo,0,0,0,0
,,,sênior,ensino superior cursando,nenhum,,ti - desenvolvimento/programação-,clt full,0,0,0,0
,pós graduação completo,básico,analista,ensino superior completo,básico,ti - sap,ti - sap-,hunting,0,0,1,0
,,,pleno,ensino superior completo,avançado,,ti - desenvolvimento/programação-,clt full,0,0,0,0
,,,pleno,ensino superior completo,nenhum,,ti - processos e negócios-,clt full,0,0,0,0
,,,pleno,ensino superior completo,básico,,ti - desenvolvimento/programação-,clt full,0,0,0,0
,,,analista,ensino superior completo,básico,,ti - projetos-,"clt full, pj/autônomo",0,0,0,0
,,,sênior,ensino superior completo,básico,,ti - sap-,"pj/autônomo, clt full",0,0,0,0
,,,analista,ensino superior completo,básico,,ti - suporte-,clt cotas,0,0,0,0
,pós graduação completo,básico,pleno,ensino superior completo,nenhum,ti - desenvolvimento/programação,ti - desenvolvimento/programação-,hunting,0,0,0,0
,ensino superior completo,intermediário,analista,ensino superior cursando,intermediário,ti - banco de dados,ti - desenvolvimento/programação-,clt full,0,0,1,0
,,,analista,ensino superior cursando,intermediário,,gestão e alocação de recursos de ti-,clt full,0,0,0,0
,,,pleno,ensino técnico completo,fluente,,gestão e alocação de recursos de ti-,pj/autônomo,0,0,0,0
,,,sênior,ensino superior completo,nenhum,,ti - sistemas e ferramentas-,clt full,0,0,0,0
,,,júnior,ensino médio completo,nenhum,,administrativa-,clt full,0,0,0,0
,pós graduação completo,avançado,analista,ensino superior completo,avançado,"ti - processos e negócios, ti - projetos, ti - qualidade/testes, ti - sap, ti - sistemas e ferramentas, ti - suporte",ti - sap-,pj/autônomo,0,0,1,0
,ensino superior completo,intermediário,sênior,ensino superior completo,básico,financeira/controladoria,ti - projetos-,"pj/autônomo, clt full",0,1,0,0
,,,analista,ensino superior completo,básico,,ti - projetos-,"clt full, pj/autônomo",0,0,0,0
,pós graduação completo,avançado,sênior,ensino superior completo,intermediário,ti - sap,ti - sap-,pj/autônomo,0,0,0,0
,,,sênior,ensino superior completo,fluente,,ti - projetos-,pj/autônomo,0,0,0,0
,,,auxiliar,ensino médio completo,nenhum,,administrativa-,hunting,0,0,0,0
,,,sênior,ensino médio completo,fluente,,gestão e alocação de recursos de ti-,pj/autônomo,0,0,0,0
,,,pleno,ensino superior completo,nenhum,,ti - sistemas e ferramentas-,pj/autônomo,0,0,0,0
,pós graduação incompleto,básico,sênior,ensino superior completo,nenhum,ti - desenvolvimento/programação,ti - projetos-,pj/autônomo,0,0,0,0
,,,pleno,ensino técnico completo,nenhum,,gestão e alocação de recursos de ti-,pj/autônomo,0,0,0,0
,ensino superior completo,básico,sênior,ensino superior completo,avançado,ti - processos e negócios,ti - sap-,hunting,0,1,0,0
,,,sênior,ensino superior completo,nenhum,,ti - desenvolvimento/programação-,hunting,0,0,0,0
,pós graduação completo,avançado,sênior,ensino superior completo,avançado,ti - processos e negócios,ti - sap-,pj/autônomo,0,0,1,0
,,,pleno,ensino superior completo,intermediário,,ti - projetos-,pj/autônomo,0,0,0,0
,pós graduação completo,avançado,sênior,ensino superior completo,fluente,ti - sap,ti - sap-,pj/autônomo,0,0,0,0
,,,analista,ensino superior completo,básico,,ti - projetos-,clt full,0,0,0,0
,,,sênior,ensino superior completo,avançado,,ti - sap-,pj/autônomo,0,0,0,0
,,,pleno,ensino médio completo,avançado,,ti - desenvolvimento/programação-,pj/autônomo,0,0,0,0
,,,pleno,ensino técnico completo,nenhum,,gestão e alocação de recursos de ti-,pj/autônomo,0,0,0,0
,,,pleno,ensino técnico completo,nenhum,,gestão e alocação de recursos de ti-,pj/autônomo,0,0,0,0
,,,sênior,ensino médio completo,básico,,financeira/controladoria-,pj/autônomo,0,0,0,0
,,,analista,ensino superior completo,avançado,,ti - projetos-,"cooperado, pj/autônomo",0,0,0,0
,,,sênior,ensino médio completo,nenhum,,gestão e alocação de recursos de ti-,cooperado,0,0,0,0
,,,especialista,ensino superior completo,avançado,,ti - sap-,pj/autônomo,0,0,0,0
,,,analista,ensino superior completo,básico,,ti - sap-,pj/autônomo,0,0,0,0
,,,sênior,ensino superior completo,avançado,,ti - sap-,clt full,0,0,0,0
,mestrado completo,intermediário,analista,ensino superior completo,fluente,ti - sap,ti - projetos-,"pj/autônomo, clt full",0,0,0,0
,,,analista,ensino superior completo,básico,,ti - projetos-,"cooperado, pj/autônomo",0,0,0,0
,,,sênior,ensino superior completo,intermediário,,ti - sap-,pj/autônomo,0,0,0,0
,,,sênior,ensino superior completo,nenhum,,ti - projetos-,hunting,0,0,0,0
,,,sênior,ensino superior completo,fluente,,ti - sap-,"pj/autônomo, clt full",0,0,0,0
,,,pleno,ensino técnico completo,nenhum,,gestão e alocação de recursos de ti-,pj/autônomo,0,0,0,0
,,,sênior,ensino superior completo,fluente,,ti - projetos-,hunting,0,0,0,0
,,,analista,ensino superior completo,básico,,ti - sap-,pj/autônomo,0,0,0,0
,,,sênior,ensino superior completo,avançado,,ti - projetos-,pj/autônomo,0,0,0,0
,,,sênior,ensino superior completo,intermediário,,ti - sap-,,0,0,0,0
,,,sênior,ensino superior completo,básico,,ti - sap-,pj/autônomo,0,0,0,0
,,,pleno,ensino técnico completo,nenhum,,gestão e alocação de recursos de ti-,pj/autônomo,0,0,0,0
,,,sênior,ensino superior completo,intermediário,,ti - projetos-,"pj/autônomo, cooperado",0,0,0,0
,,,sênior,ensino superior completo,avançado,,ti - projetos-,pj/autônomo,0,0,0,0
,ensino superior cursando,básico,pleno,ensino superior completo,técnico,ti - desenvolvimento/programação,ti - desenvolvimento/programação-,hunting,0,0,0,0
,,,pleno,ensino técnico completo,nenhum,,gestão e alocação de recursos de ti-,pj/autônomo,0,0,0,0
,,,pleno,ensino técnico completo,nenhum,,gestão e alocação de recursos de ti-,pj/autônomo,0,0,0,0
sênior,ensino superior completo,fluente,especialista,ensino superior completo,básico,"ti - arquitetura, ti - desenvolvimento/programação, ti - infraestrutura, ti - sistemas e ferramentas",ti - projetos-,clt full,0,1,0,0
,,,sênior,ensino superior completo,fluente,,financeira/controladoria-,pj/autônomo,0,0,0,0
,pós graduação completo,intermediário,analista,ensino superior completo,básico,ti - sap,ti - sap-,clt full,0,0,0,0
,,,analista,ensino superior completo,básico,,ti - suporte-,"cooperado, pj/autônomo",0,0,0,0
,pós graduação completo,avançado,sênior,ensino médio completo,fluente,ti - sap,ti - sap-,hunting,0,0,0,0
,ensino médio completo,básico,assistente,ensino médio completo,nenhum,comercial,ti - projetos-,clt full,0,1,0,0
,pós graduação cursando,avançado,pleno,pós graduação completo,básico,ti - sistemas e ferramentas,ti - desenvolvimento/design-,,0,0,0,0
,,,pleno,ensino superior completo,avançado,,ti - projetos-,pj/autônomo,0,0,0,0
,,,analista,ensino superior completo,básico,,ti - projetos-,"clt full, pj/autônomo",0,0,0,0
,,,sênior,ensino superior completo,básico,,ti - sap-,pj/autônomo,0,0,0,0
,ensino superior cursando,básico,sênior,ensino superior completo,nenhum,"ti - desenvolvimento/mobile, ti - infraestrutura, ti - qualidade/testes",ti - projetos-,pj/autônomo,0,0,0,0
,,,analista,ensino superior completo,básico,,ti - projetos-,"clt full, pj/autônomo",0,0,0,0
,,,sênior,ensino médio completo,fluente,,gestão e alocação de recursos de ti-,cooperado,0,0,0,0
sênior,,,sênior,ensino superior completo,intermediário,,ti - sap-,"clt full, pj/autônomo",1,0,0,0
,,,sênior,ensino médio completo,nenhum,,ti - sap-,pj/autônomo,0,0,0,0
,,,analista,ensino superior completo,básico,,ti - sap-,"clt full, pj/autônomo",0,0,0,0
,,,pleno,ensino técnico completo,nenhum,,gestão e alocação de recursos de ti-,pj/autônomo,0,0,0,0
,ensino superior completo,avançado,analista,ensino superior completo,básico,administrativa,ti - projetos-,"clt full, pj/autônomo",0,1,0,0
,,,sênior,ensino superior completo,avançado,,ti - sap-,"clt full, pj/autônomo",0,0,0,0
,ensino superior completo,avançado,sênior,ensino superior completo,intermediário,,ti - desenvolvimento/mobile-,hunting,0,1,0,0
,,,especialista,ensino superior completo,nenhum,,administrativa-,clt full,0,0,0,0
,pós graduação completo,avançado,sênior,ensino médio completo,avançado,ti - sap,ti - sap-,pj/autônomo,0,0,1,0
,,intermediário,analista,ensino superior completo,básico,,ti - sap-,pj/autônomo,0,0,0,0
,,,sênior,ensino superior completo,técnico,,ti - projetos-,pj/autônomo,0,0,0,0
,,,sênior,ensino superior completo,nenhum,,ti - desenvolvimento/programação-,clt full,0,0,0,0
,pós graduação completo,avançado,júnior,ensino superior completo,avançado,ti - suporte,ti - projetos-,hunting,0,0,1,0
,,,sênior,ensino superior completo,intermediário,,ti - sap-,,0,0,0,0
,,,sênior,ensino superior completo,nenhum,,gestão e alocação de recursos de ti-ti - sap-,pj/autônomo,0,0,0,0
,,,sênior,ensino médio completo,técnico,,ti - sap-,pj/autônomo,0,0,0,0
,,,sênior,ensino médio completo,técnico,,financeira/controladoria-,pj/autônomo,0,0,0,0
,,,analista,ensino superior completo,básico,,ti - projetos-,"pj/autônomo, clt full",0,0,0,0
,pós graduação completo,avançado,analista,ensino superior completo,básico,"gestão e alocação de recursos de ti, ti - projetos, ti - sap",ti - sap-,pj/autônomo,0,0,0,0
,,,pleno,ensino técnico completo,nenhum,,gestão e alocação de recursos de ti-,pj/autônomo,0,0,0,0
,,,analista,ensino superior completo,intermediário,,ti - desenvolvimento/programação-,clt full,0,0,0,0
,,,sênior,ensino superior completo,avançado,,ti - sap-,"pj/autônomo, clt full",0,0,0,0
,,,gerente,ensino superior completo,básico,,ti - projetos-,hunting,0,0,0,0
,,,sênior,ensino superior completo,nenhum,,ti - projetos-,pj/autônomo,0,0,0,0
,,,gerente,ensino superior completo,fluente,,novos negócios e parcerias-,cooperado,0,0,0,0
,,,analista,ensino superior completo,básico,,ti - projetos-,"clt full, pj/autônomo",0,0,0,0
,,,júnior,ensino superior completo,básico,,ti - suporte-,hunting,0,0,0,0
,,,analista,ensino superior completo,básico,,ti - projetos-,"pj/autônomo, clt full",0,0,0,0
,,,sênior,ensino superior completo,avançado,,ti - projetos-,pj/autônomo,0,0,0,0
,,,sênior,ensino superior completo,intermediário,,ti - desenvolvimento/programação-,hunting,0,0,0,0
,pós graduação completo,avançado,sênior,ensino superior completo,avançado,ti - sap,ti - sap-,"clt full, pj/autônomo",0,0,1,0
,,,sênior,ensino superior completo,fluente,,ti - sap-,pj/autônomo,0,0,0,0
,,,analista,ensino superior completo,básico,,ti - sap-,pj/autônomo,0,0,0,0
,pós graduação completo,nenhum,analista,ensino superior completo,fluente,administrativa,ti - projetos-,"clt full, pj/autônomo",0,0,0,0
,ensino superior completo,básico,pleno,ensino técnico completo,nenhum,"administrativa, ti - processos e negócios, ti - projetos, ti - sap",gestão e alocação de recursos de ti-ti - sap-,pj/autônomo,0,0,0,0
,,,analista,ensino superior completo,intermediário,,ti - processos e negócios-,clt cotas,0,0,0,0
,ensino superior completo,fluente,analista,ensino superior completo,básico,ti - desenvolvimento/programação,ti - projetos-,"pj/autônomo, clt full",0,1,0,0
,,,pleno,ensino superior completo,nenhum,,ti - sap-,clt full,0,0,0,0
,,,analista,ensino superior completo,básico,ti - banco de dados,ti - sap-,hunting,0,0,0,0
,,,analista,ensino superior completo,avançado,,ti - sap-,pj/autônomo,0,0,0,0
,,,analista,ensino superior completo,avançado,,ti - projetos-,hunting,0,0,0,0
,,,pleno,ensino superior completo,básico,,ti - projetos-,"clt full, pj/autônomo",0,0,0,0
,,,analista,ensino superior completo,básico,,ti - projetos-,"pj/autônomo, clt full",0,0,0,0
,,,analista,ensino superior completo,básico,,ti - projetos-,"clt full, pj/autônomo",0,0,0,0
,,,analista,ensino superior completo,intermediário,,ti - infraestrutura-,"clt cotas, cooperado, estagiário, pj/autônomo",0,0,0,0
,pós graduação completo,básico,pleno,ensino técnico completo,nenhum,administrativa,gestão e alocação de recursos de ti-,pj/autônomo,0,0,0,0
,ensino superior completo,fluente,júnior,ensino técnico incompleto,técnico,"ti - banco de dados, ti - desenvolvimento/design, ti - desenvolvimento/programação",financeira/controladoria-,clt cotas,0,0,0,0
,,,pleno,pós graduação completo,nenhum,,ti - desenvolvimento/mobile-ti - desenvolvimento/programação-,"pj/autônomo, clt full",0,0,0,0
,ensino superior cursando,intermediário,sênior,ensino superior completo,nenhum,financeira/controladoria,ti - desenvolvimento/programação-,pj/autônomo,0,0,0,0
,,,sênior,ensino superior completo,básico,,ti - sap-,"clt full, pj/autônomo",0,0,0,0
,,,sênior,ensino superior completo,intermediário,,ti - sistemas e ferramentas-,pj/autônomo,0,0,0,0
,,,júnior,ensino médio completo,avançado,,gestão e alocação de recursos de ti-,pj/autônomo,0,0,0,0
,ensino superior cursando,básico,analista,ensino superior cursando,intermediário,ti - suporte,administrativa-,clt full,0,1,0,0
,,,analista,ensino superior completo,básico,,ti - desenvolvimento/programação-,hunting,0,0,0,0
,,,sênior,ensino superior completo,fluente,,ti - sap-,pj/autônomo,0,0,0,0
,,,analista,ensino superior completo,básico,,ti - projetos-,"pj/autônomo, clt full",0,0,0,0
,,,pleno,ensino superior completo,básico,,ti - projetos-,pj/autônomo,0,0,0,0
,,,sênior,ensino superior cursando,avançado,,ti - desenvolvimento/programação-,estagiário,0,0,0,0
,,,sênior,ensino superior completo,fluente,,ti - projetos-,hunting,0,0,0,0
,,,sênior,ensino superior completo,intermediário,,ti - sistemas e ferramentas-,,0,0,0,0
,,,sênior,ensino superior completo,avançado,,ti - sap-,pj/autônomo,0,0,0,0
,,,sênior,ensino médio completo,avançado,,gestão e alocação de recursos de ti-,pj/autônomo,0,0,0,0
,,,sênior,ensino médio completo,fluente,,gestão e alocação de recursos de ti-,pj/autônomo,0,0,0,0
,,,analista,ensino superior completo,básico,,ti - projetos-,clt full,0,0,0,0
,,,sênior,ensino médio completo,avançado,,gestão e alocação de recursos de ti-,pj/autônomo,0,0,0,0
,,,analista,ensino superior completo,básico,,financeira/controladoria-,cooperado,0,0,0,0
,,,analista,ensino superior completo,básico,,ti - projetos-,pj/autônomo,0,0,0,0
,,,sênior,ensino superior completo,básico,,ti - projetos-,"clt full, cooperado, pj/autônomo",0,0,0,0
,ensino técnico completo,intermediário,assistente,ensino médio completo,nenhum,ti - suporte,ti - projetos-,clt full,0,0,0,0
,ensino superior completo,,sênior,ensino superior completo,nenhum,,ti - sap-,pj/autônomo,0,1,0,0
,,,sênior,ensino superior completo,nenhum,,gestão e alocação de recursos de ti-ti - sap-,pj/autônomo,0,0,0,0
,,,sênior,ensino técnico completo,nenhum,,financeira/controladoria-,clt cotas,0,0,0,0
,,,júnior,ensino superior completo,básico,,ti - suporte-,hunting,0,0,0,0
,mestrado completo,intermediário,sênior,ensino superior completo,nenhum,ti - projetos,ti - sistemas e ferramentas-,clt cotas,0,0,0,0
,,,sênior,ensino médio completo,nenhum,,ti - projetos-,pj/autônomo,0,0,0,0
,,,sênior,ensino superior completo,básico,,ti - sap-,pj/autônomo,0,0,0,0
,ensino superior completo,intermediário,analista,ensino superior completo,básico,ti - desenvolvimento/programação,ti - projetos-,clt full,0,1,0,0
,pós graduação completo,fluente,analista,ensino superior completo,básico,,ti - sap-,pj/autônomo,0,0,0,0
,,,sênior,ensino superior incompleto,intermediário,,ti - sap-,pj/autônomo,0,0,0,0
,,,sênior,ensino superior completo,fluente,,ti - projetos-,"clt full, pj/autônomo",0,0,0,0
,,,analista,ensino superior completo,básico,,ti - projetos-,"clt full, pj/autônomo",0,0,0,0
,,,pleno,ensino superior completo,técnico,,ti - projetos-,hunting,0,0,0,0
,,,pleno,ensino superior completo,avançado,,ti - projetos-,pj/autônomo,0,0,0,0
,ensino superior completo,avançado,sênior,ensino superior completo,fluente,financeira/controladoria,ti - projetos-,pj/autônomo,0,1,0,0
,,,especialista,ensino superior completo,fluente,,ti - projetos-,hunting,0,0,0,0
,,,analista,ensino superior completo,intermediário,,ti - projetos-,"clt full, pj/autônomo",0,0,0,0
,,,sênior,ensino superior completo,intermediário,,ti - sistemas e ferramentas-,pj/autônomo,0,0,0,0
,,,assistente,ensino médio completo,nenhum,,administrativa-recursos humanos-,clt full,0,0,0,0
,,,sênior,ensino médio completo,fluente,,gestão e alocação de recursos de ti-,pj/autônomo,0,0,0,0
,ensino superior completo,avançado,sênior,ensino superior completo,fluente,ti - sap,ti - sap-,clt full,0,1,0,0
,ensino superior completo,avançado,sênior,ensino superior completo,avançado,"ti - projetos, ti - sap, ti - suporte",ti - sap-,"clt full, pj/autônomo",0,1,1,0
,,,coordenador,ensino médio completo,nenhum,,ti - projetos-,clt full,0,0,0,0
,,,analista,ensino superior completo,básico,,ti - sap-,pj/autônomo,0,0,0,0
,,,sênior,ensino superior completo,básico,,ti - projetos-,"clt full, pj/autônomo",0,0,0,0
,,,sênior,ensino superior completo,avançado,,ti - sap-,pj/autônomo,0,0,0,0
,,,assistente,ensino médio completo,básico,,financeira/controladoria-,clt full,0,0,0,0
,,,sênior,ensino superior completo,avançado,,ti - sap-,hunting,0,0,0,0
,,,sênior,ensino superior completo,técnico,,ti - projetos-,pj/autônomo,0,0,0,0
,ensino superior incompleto,intermediário,sênior,ensino superior completo,nenhum,ti - desenvolvimento/programação,ti - desenvolvimento/programação-,clt full,0,0,0,0
,,,pleno,ensino superior completo,nenhum,,gestão e alocação de recursos de ti-ti - infraestrutura-,clt full,0,0,0,0
,ensino superior cursando,avançado,pleno,ensino técnico completo,nenhum,ti - sistemas e ferramentas,gestão e alocação de recursos de ti-,pj/autônomo,0,0,0,0
,,,sênior,ensino superior completo,nenhum,,ti - desenvolvimento/programação-,,0,0,0,0
,,,sênior,ensino superior completo,básico,,ti - projetos-,"pj/autônomo, clt full",0,0,0,0
,,,sênior,ensino superior completo,avançado,,ti - desenvolvimento/programação-,pj/autônomo,0,0,0,0
,ensino superior completo,fluente,analista,ensino superior completo,básico,ti - desenvolvimento/programação,ti - processos e negócios-,"clt full, clt cotas",0,1,0,0
,ensino superior completo,básico,analista,ensino superior completo,básico,ti - desenvolvimento/programação,ti - projetos-,clt full,0,1,1,0
,,,analista,ensino superior completo,básico,,ti - projetos-,"clt full, pj/autônomo",0,0,0,0
,,,pleno,ensino técnico completo,nenhum,,gestão e alocação de recursos de ti-,pj/autônomo,0,0,0,0
,,,sênior,ensino superior completo,avançado,,ti - projetos-,cooperado,0,0,0,0
,,,analista,ensino superior completo,básico,,ti - projetos-,clt full,0,0,0,0
,,,sênior,ensino médio completo,fluente,,gestão e alocação de recursos de ti-,pj/autônomo,0,0,0,0
,,,analista,ensino superior completo,básico,,ti - sap-,pj/autônomo,0,0,0,0
,ensino superior completo,avançado,sênior,ensino médio completo,avançado,ti - desenvolvimento/programação,gestão e alocação de recursos de ti-,pj/autônomo,0,0,1,0
,,,analista,ensino médio completo,básico,,ti - projetos-,"pj/autônomo, clt full",0,0,0,0
,,,sênior,ensino superior completo,avançado,,ti - projetos-,"clt full, pj/autônomo",0,0,0,0
,,,sênior,ensino superior completo,nenhum,,ti - projetos-,pj/autônomo,0,0,0,0
,,,sênior,ensino técnico completo,nenhum,,administrativa-,,0,0,0,0
,,,sênior,ensino médio completo,fluente,,gestão e alocação de recursos de ti-,pj/autônomo,0,0,0,0
,,,analista,ensino superior completo,básico,,ti - projetos-,"clt full, pj/autônomo",0,0,0,0
,,,sênior,ensino médio completo,avançado,,ti - projetos-ti - sap-,pj/autônomo,0,0,0,0
,,,analista,ensino superior completo,fluente,,ti - projetos-,clt full,0,0,0,0
,,,sênior,ensino superior completo,intermediário,,ti - projetos-,hunting,0,0,0,0
,pós graduação cursando,avançado,sênior,ensino médio completo,fluente,ti - sap,administrativa-,pj/autônomo,0,0,0,0
,ensino superior completo,avançado,sênior,ensino médio completo,nenhum,ti - desenvolvimento/programação,financeira/controladoria-,hunting,0,0,0,0
,pós graduação completo,intermediário,sênior,ensino superior completo,nenhum,ti - sap,ti - sap-,"cooperado, pj/autônomo",0,0,0,0
,,,analista,ensino superior completo,intermediário,,recursos humanos-,clt cotas,0,0,0,0
,ensino superior completo,,sênior,ensino médio completo,avançado,,gestão e alocação de recursos de ti-,pj/autônomo,0,0,0,0
,,,sênior,ensino médio completo,nenhum,,administrativa-,cooperado,0,0,0,0
,pós graduação completo,intermediário,analista,ensino superior completo,nenhum,ti - desenvolvimento/programação,ti - sistemas e ferramentas-,pj/autônomo,0,0,0,0
,,,sênior,ensino superior completo,intermediário,,ti - desenvolvimento/programação-,,0,0,0,0
,ensino superior completo,intermediário,sênior,ensino superior completo,nenhum,financeira/controladoria,ti - projetos-,pj/autônomo,0,1,0,0
,,,analista,ensino superior completo,básico,,ti - projetos-,"clt full, pj/autônomo",0,0,0,0
,,,sênior,ensino superior completo,fluente,,ti - sap-,pj/autônomo,0,0,0,0
,,,analista,ensino superior completo,básico,,ti - projetos-,"pj/autônomo, clt full",0,0,0,0
,,,pleno,ensino superior completo,nenhum,,ti - sap-,cooperado,0,0,0,0
,ensino superior completo,avançado,sênior,ensino superior completo,avançado,ti - sap,ti - sap-,pj/autônomo,0,1,1,0
,ensino superior completo,intermediário,pleno,ensino superior completo,avançado,"comercial, marketing, ti - suporte, ti - telecom",ti - suporte-,hunting,0,1,0,0
,,,sênior,ensino médio completo,fluente,,ti - projetos-,cooperado,0,0,0,0
,,,sênior,ensino superior completo,básico,,ti - projetos-,"pj/autônomo, clt full",0,0,0,0
,,,sênior,ensino superior completo,avançado,,ti - projetos-,pj/autônomo,0,0,0,0
,pós graduação completo,intermediário,analista,ensino superior completo,básico,ti - arquitetura,ti - projetos-,"clt full, pj/autônomo",0,0,0,0
,,,sênior,ensino superior completo,fluente,,ti - sap-,,0,0,0,0
,,,analista,ensino superior completo,básico,,ti - sap-,"pj/autônomo, clt full",0,0,0,0
,pós graduação completo,avançado,pleno,ensino superior completo,avançado,"ti - arquitetura, ti - banco de dados, ti - governança, ti - processos e negócios, ti - projetos, ti - segurança da informação",ti - projetos-,hunting,0,0,1,0
,,,analista,ensino superior completo,básico,,ti - projetos-,"pj/autônomo, clt full",0,0,0,0
,,,pleno,ensino superior completo,avançado,,ti - projetos-,pj/autônomo,0,0,0,0
,,,analista,ensino superior completo,nenhum,,ti - desenvolvimento/programação-,cooperado,0,0,0,0
,ensino superior completo,avançado,assistente,ensino médio completo,nenhum,administrativa,ti - projetos-,clt full,0,0,0,0
,,,sênior,ensino superior cursando,avançado,,ti - sistemas e ferramentas-,pj/autônomo,0,0,0,0
,,,sênior,ensino superior completo,avançado,,ti - sistemas e ferramentas-,,0,0,0,0
,,,analista,ensino superior completo,básico,,ti - sap-,"pj/autônomo, clt full",0,0,0,0
,,,pleno,ensino técnico completo,nenhum,,gestão e alocação de recursos de ti-,pj/autônomo,0,0,0,0
,,,sênior,ensino médio completo,básico,,financeira/controladoria-,pj/autônomo,0,0,0,0
,,,analista,ensino superior completo,nenhum,,administrativa-,clt full,0,0,0,0
,,,analista,ensino superior completo,básico,,ti - sap-,"clt full, pj/autônomo",0,0,0,0
,,,sênior,ensino superior cursando,básico,,ti - desenvolvimento/programação-,"clt full, pj/autônomo",0,0,0,0
,,,sênior,ensino superior cursando,nenhum,,ti - sistemas e ferramentas-,clt full,0,0,0,0
,,,analista,ensino superior completo,básico,,ti - sap-,pj/autônomo,0,0,0,0
,ensino superior completo,intermediário,analista,ensino superior completo,básico,ti - sap,ti - projetos-,"pj/autônomo, clt full",0,1,0,0
,,,analista,ensino superior completo,básico,,ti - projetos-,pj/autônomo,0,0,0,0
,,,pleno,ensino superior completo,nenhum,,ti - projetos-,clt cotas,0,0,0,0
,pós graduação completo,fluente,analista,ensino superior completo,intermediário,"financeira/controladoria, gestão e alocação de recursos de ti, ti - banco de dados, ti - desenvolvimento/programação, ti - governança, ti - infraestrutura, ti - processos e negócios, ti - projetos, ti - sistemas e ferramentas",ti - desenvolvimento/programação-,clt full,0,0,0,0
,,,analista,ensino superior completo,básico,,ti - sap-,"pj/autônomo, cooperado",0,0,0,0
,,,sênior,ensino superior completo,intermediário,,ti - sap-,pj/autônomo,0,0,0,0
,,,pleno,ensino superior completo,avançado,,ti - projetos-,hunting,0,0,0,0
,,,sênior,ensino médio completo,intermediário,,ti - projetos-,pj/autônomo,0,0,0,0
,,,pleno,ensino técnico completo,nenhum,,gestão e alocação de recursos de ti-,pj/autônomo,0,0,0,0
,,,pleno,ensino superior cursando,intermediário,,ti - sap-,,0,0,0,0
,,,sênior,ensino superior cursando,nenhum,,ti - sistemas e ferramentas-,clt full,0,0,0,0
,,,pleno,ensino superior completo,avançado,,ti - projetos-,pj/autônomo,0,0,0,0
,,,analista,ensino superior cursando,básico,,ti - projetos-,clt full,0,0,0,0
,pós graduação completo,avançado,pleno,ensino superior completo,nenhum,ti - sistemas e ferramentas,ti - sistemas e ferramentas-,clt cotas,0,0,0,0
,,,pleno,ensino técnico completo,nenhum,,gestão e alocação de recursos de ti-,pj/autônomo,0,0,0,0
,,,sênior,ensino superior completo,avançado,,ti - projetos-,hunting,0,0,0,0
,ensino superior completo,intermediário,sênior,ensino superior completo,básico,"ti - banco de dados, ti - desenvolvimento/programação, ti - sistemas e ferramentas",ti - projetos-,"pj/autônomo, clt cotas, clt full",0,1,0,0
,pós graduação completo,avançado,especialista,ensino superior completo,intermediário,ti - sap,ti - projetos-,pj/autônomo,0,0,0,0
,,,sênior,ensino superior completo,intermediário,,ti - desenvolvimento/programação-,,0,0,0,0
,,,sênior,ensino superior completo,fluente,,ti - projetos-,hunting,0,0,0,0
,,,sênior,ensino superior completo,avançado,,ti - sistemas e ferramentas-,pj/autônomo,0,0,0,0
,ensino superior cursando,intermediário,especialista,ensino superior completo,básico,ti - infraestrutura,ti - projetos-,"pj/autônomo, clt full",0,0,0,0
,,,sênior,ensino médio completo,avançado,,gestão e alocação de recursos de ti-,pj/autônomo,0,0,0,0
,ensino superior completo,fluente,sênior,ensino superior completo,fluente,ti - sap,ti - sap-,pj/autônomo,0,1,1,0
,pós graduação completo,avançado,sênior,ensino médio completo,fluente,ti - processos e negócios,ti - projetos-,cooperado,0,0,0,0
,,,sênior,ensino superior incompleto,fluente,,ti - infraestrutura-,hunting,0,0,0,0
,,,pleno,ensino médio completo,avançado,,ti - projetos-,pj/autônomo,0,0,0,0
,ensino superior incompleto,intermediário,pleno,ensino técnico completo,nenhum,gestão e alocação de recursos de ti,gestão e alocação de recursos de ti-,pj/autônomo,0,0,0,0
,,,pleno,ensino superior cursando,avançado,,ti - desenvolvimento/design-,,0,0,0,0
,pós graduação completo,intermediário,sênior,ensino superior completo,intermediário,administrativa,ti - projetos-,"clt full, pj/autônomo",0,0,1,0
,,,sênior,ensino superior completo,fluente,,ti - projetos-,hunting,0,0,0,0
,,,sênior,ensino médio completo,fluente,,ti - sap-,pj/autônomo,0,0,0,0
,,,sênior,pós graduação completo,nenhum,,gestão e alocação de recursos de ti-ti - sap-,pj/autônomo,0,0,0,0
,,,sênior,ensino superior completo,fluente,,ti - projetos-,pj/autônomo,0,0,0,0
,,,pleno,ensino superior completo,básico,,ti - projetos-,clt full,0,0,0,0
,,,pleno,ensino superior completo,intermediário,,ti - sistemas e ferramentas-,clt full,0,0,0,0
,,,especialista,ensino superior completo,fluente,,administrativa-,clt full,0,0,0,0
,ensino superior completo,,pleno,ensino técnico completo,nenhum,ti - sap,gestão e alocação de recursos de ti-,pj/autônomo,0,0,0,0
,,,sênior,ensino superior completo,básico,,ti - sap-,"clt full, pj/autônomo",0,0,0,0
,ensino superior completo,intermediário,analista,ensino superior completo,básico,ti - sap,ti - sap-,hunting,0,1,0,0
,,,analista,ensino superior completo,básico,,ti - projetos-,,0,0,0,0
,ensino superior completo,intermediário,pleno,ensino técnico completo,nenhum,ti - projetos,gestão e alocação de recursos de ti-,pj/autônomo,0,0,0,0
,pós graduação completo,avançado,pleno,ensino superior completo,avançado,ti - infraestrutura,ti - infraestrutura-,hunting,0,0,1,0
,,,analista,ensino médio completo,básico,,ti - projetos-,hunting,0,0,0,0
,,,analista,ensino superior completo,básico,,ti - sap-,pj/autônomo,0,0,0,0
,,,sênior,ensino superior completo,nenhum,,ti - sap-,pj/autônomo,0,0,0,0
,pós graduação completo,,sênior,ensino superior completo,avançado,,ti - sap-,"clt full, pj/autônomo",0,0,0,0
,ensino superior cursando,avançado,sênior,ensino superior completo,fluente,ti - sap,ti - sap-,pj/autônomo,0,0,0,0
,,,sênior,ensino superior completo,avançado,,gestão e alocação de recursos de ti-,pj/autônomo,0,0,0,0
,,,pleno,ensino técnico completo,nenhum,,gestão e alocação de recursos de ti-,pj/autônomo,0,0,0,0
,,,analista,ensino superior completo,básico,,ti - projetos-,"pj/autônomo, clt full",0,0,0,0
,,,sênior,ensino superior completo,básico,,ti - projetos-,"clt full, hunting",0,0,0,0
,,,analista,ensino superior completo,fluente,,ti - sap-,pj/autônomo,0,0,0,0
,mestrado completo,avançado,sênior,ensino superior completo,básico,"ti - arquitetura, ti - banco de dados, ti - desenvolvimento/mobile, ti - desenvolvimento/programação, ti - infraestrutura, ti - segurança da informação, ti - sistemas e ferramentas",gestão e alocação de recursos de ti-,pj/autônomo,0,0,0,0
,,,analista,ensino superior completo,básico,,ti - sap-,pj/autônomo,0,0,0,0
,,,sênior,ensino superior completo,fluente,,ti - desenvolvimento/programação-,clt full,0,0,0,0
,,,sênior,ensino médio completo,básico,,ti - sap-,pj/autônomo,0,0,0,0
,ensino superior completo,intermediário,sênior,ensino superior completo,nenhum,ti - sap,gestão e alocação de recursos de ti-ti - sap-,pj/autônomo,0,1,0,0
,pós graduação completo,avançado,sênior,ensino superior completo,avançado,"comercial, marketing",marketing-,"clt full, clt cotas, pj/autônomo",0,0,1,0
,,,analista,ensino superior completo,básico,,ti - projetos-,"pj/autônomo, clt full",0,0,0,0
,,,pleno,ensino médio completo,avançado,,gestão e alocação de recursos de ti-,pj/autônomo,0,0,0,0
,ensino superior completo,fluente,pleno,ensino superior completo,fluente,ti - processos e negócios,ti - sistemas e ferramentas-,,0,1,1,0
,,,gerente,ensino superior completo,avançado,,ti - sap-,pj/autônomo,0,0,0,0
,,,especialista,ensino superior completo,nenhum,,ti - sap-,pj/autônomo,0,0,0,0
,ensino superior completo,básico,sênior,ensino superior incompleto,intermediário,ti - desenvolvimento/programação,ti - sap-,pj/autônomo,0,0,0,0
,,,pleno,ensino técnico completo,nenhum,,gestão e alocação de recursos de ti-,pj/autônomo,0,0,0,0
,ensino superior completo,avançado,sênior,ensino médio completo,técnico,"financeira/controladoria, gestão e alocação de recursos de ti",comercial-,cooperado,0,0,0,0
,pós graduação completo,básico,sênior,ensino superior completo,avançado,ti - sap,ti - sap-,hunting,0,0,0,0
,,,analista,ensino médio completo,fluente,,ti - projetos-,cooperado,0,0,0,0
,ensino superior cursando,avançado,pleno,ensino superior completo,intermediário,"administrativa, qualidade corporativa",ti - processos e negócios-,"clt full, clt cotas, cooperado, pj/autônomo",0,0,0,0
,,,sênior,ensino superior completo,avançado,,ti - projetos-,pj/autônomo,0,0,0,0
,ensino superior completo,intermediário,sênior,ensino superior cursando,avançado,ti - sap,ti - sap-,pj/autônomo,0,0,0,0
,ensino superior completo,fluente,sênior,ensino superior completo,avançado,"gestão e alocação de recursos de ti, ti - arquitetura, ti - governança, ti - infraestrutura, ti - processos e negócios, ti - projetos, ti - suporte",ti - suporte-,hunting,0,1,0,0
,,,sênior,ensino superior completo,básico,,ti - sap-,clt full,0,0,0,0
,ensino superior cursando,básico,sênior,ensino superior completo,nenhum,ti - desenvolvimento/programação,ti - projetos-,pj/autônomo,0,0,0,0
,,,pleno,ensino superior cursando,intermediário,,ti - desenvolvimento/programação-,hunting,0,0,0,0
,,,pleno,ensino médio completo,avançado,,gestão e alocação de recursos de ti-,pj/autônomo,0,0,0,0
,,,sênior,ensino superior completo,nenhum,,ti - sistemas e ferramentas-,clt full,0,0,0,0
,pós graduação completo,básico,analista,ensino superior completo,básico,ti - governança,ti - projetos-,hunting,0,0,1,0
,ensino superior cursando,intermediário,pleno,ensino superior completo,avançado,ti - desenvolvimento/programação,ti - sap-,clt full,0,0,0,0
,ensino superior cursando,avançado,sênior,ensino superior completo,fluente,ti - sap,ti - sap-,pj/autônomo,0,0,0,0
,,,analista,ensino superior completo,básico,,ti - projetos-,"clt full, pj/autônomo",0,0,0,0
,,,pleno,ensino técnico completo,nenhum,,gestão e alocação de recursos de ti-,pj/autônomo,0,0,0,0
,,,analista,ensino superior completo,intermediário,,ti - projetos-,"clt full, pj/autônomo",0,0,0,0
,,,analista,ensino superior completo,intermediário,,ti - projetos-,"clt full, pj/autônomo",0,0,0,0
,,,sênior,ensino superior completo,avançado,,ti - projetos-,clt full,0,0,0,0
,,,sênior,ensino superior completo,avançado,,ti - sap-,clt full,0,0,0,0
,,intermediário,analista,ensino superior completo,básico,,ti - sap-,"candidato poderá escolher, pj/autônomo",0,0,0,0
,,,sênior,ensino superior incompleto,básico,,ti - projetos-,clt full,0,0,0,0
,,,assistente,ensino médio completo,básico,,administrativa-,,0,0,0,0
,,fluente,sênior,ensino superior cursando,avançado,,ti - sap-,clt full,0,0,0,0
,,,analista,ensino superior completo,básico,,ti - projetos-,"clt full, pj/autônomo",0,0,0,0
,,,pleno,ensino técnico completo,nenhum,,gestão e alocação de recursos de ti-ti - sap-,pj/autônomo,0,0,0,0
,,,analista,ensino superior completo,básico,,ti - projetos-,"pj/autônomo, clt full",0,0,0,0
,,,analista,ensino superior completo,intermediário,,ti - projetos-,"clt full, pj/autônomo",0,0,0,0
,,,sênior,ensino superior completo,nenhum,,ti - sap-,pj/autônomo,0,0,0,0
,ensino superior completo,básico,júnior,ensino técnico completo,nenhum,ti - qualidade/testes,administrativa-,cooperado,0,0,0,0
,,,sênior,ensino superior completo,nenhum,,ti - sap-,pj/autônomo,0,0,0,0
,,,gerente,ensino superior completo,avançado,,ti - projetos-,hunting,0,0,0,0
,,,sênior,ensino superior completo,nenhum,,ti - sap-,cooperado,0,0,0,0
,,,pleno,ensino técnico completo,nenhum,,gestão e alocação de recursos de ti-,pj/autônomo,0,0,0,0
,,,pleno,ensino técnico completo,nenhum,,gestão e alocação de recursos de ti-,pj/autônomo,0,0,0,0
,,,analista,ensino superior cursando,básico,,ti - suporte-,clt full,0,0,0,0
,,,sênior,ensino médio completo,nenhum,,ti - projetos-,cooperado,0,0,0,0
,ensino superior completo,básico,sênior,ensino médio completo,avançado,"administrativa, financeira/controladoria, ti - governança, ti - processos e negócios, ti - projetos, ti - sap, ti - segurança da informação",gestão e alocação de recursos de ti-,pj/autônomo,0,0,0,0
,,,sênior,ensino médio completo,nenhum,,ti - sap-,cooperado,0,0,0,0
,,,analista,ensino superior completo,básico,,ti - projetos-,"clt full, pj/autônomo",0,0,0,0
,,,sênior,ensino superior completo,básico,,ti - sap-,pj/autônomo,0,0,0,0
,,,sênior,ensino superior completo,intermediário,,ti - desenvolvimento/mobile-,clt full,0,0,0,0
,,,analista,ensino superior completo,básico,,ti - projetos-,"clt full, pj/autônomo",0,0,0,0
,,,pleno,ensino superior completo,avançado,,ti - projetos-,pj/autônomo,0,0,0,0
,ensino superior completo,intermediário,analista,ensino superior completo,básico,ti - banco de dados,ti - projetos-,clt full,0,1,0,0
,,,pleno,ensino técnico completo,nenhum,,gestão e alocação de recursos de ti-,pj/autônomo,0,0,0,0
,,,analista,ensino superior completo,básico,,ti - projetos-,"pj/autônomo, clt full",0,0,0,0
,,,sênior,ensino superior completo,fluente,,ti - projetos-,"pj/autônomo, clt full",0,0,0,0
,,,especialista,ensino superior completo,avançado,,ti - projetos-,hunting,0,0,0,0
,,,analista,ensino superior completo,avançado,,ti - projetos-,clt full,0,0,0,0
,ensino superior cursando,intermediário,analista,ensino superior completo,intermediário,ti - suporte,ti - infraestrutura-,clt full,0,0,1,0
,ensino superior completo,básico,sênior,ensino superior completo,básico,ti - sap,ti - sap-,pj/autônomo,0,1,1,0
,,,sênior,ensino superior completo,avançado,,ti - projetos-,hunting,0,0,0,0
,ensino superior cursando,básico,júnior,ensino superior cursando,intermediário,"administrativa, recursos humanos",ti - projetos-,clt full,0,1,0,0
,,,analista,ensino superior completo,avançado,,ti - projetos-,pj/autônomo,0,0,0,0
,,,analista,ensino superior completo,básico,,ti - sap-,pj/autônomo,0,0,0,0
,,,analista,ensino superior completo,intermediário,,ti - sap-,"clt full, pj/autônomo",0,0,0,0
,,,pleno,ensino técnico completo,nenhum,,gestão e alocação de recursos de ti-,pj/autônomo,0,0,0,0
,ensino superior completo,avançado,sênior,ensino superior completo,avançado,"ti - processos e negócios, ti - projetos, ti - suporte",financeira/controladoria-,pj/autônomo,0,1,1,0
,,,sênior,ensino superior completo,nenhum,,gestão e alocação de recursos de ti-,clt full,0,0,0,0
,pós graduação completo,intermediário,sênior,ensino médio completo,nenhum,ti - desenvolvimento/mobile,gestão e alocação de recursos de ti-,cooperado,0,0,0,0
,,,analista,ensino superior completo,intermediário,,administrativa-recursos humanos-,clt full,0,0,0,0
,ensino superior incompleto,intermediário,sênior,ensino superior completo,intermediário,ti - desenvolvimento/programação,ti - desenvolvimento/programação-,,0,0,1,0
,,,sênior,ensino superior completo,básico,,ti - projetos-,"clt full, cooperado",0,0,0,0
,,,sênior,ensino superior completo,básico,,ti - sap-,pj/autônomo,0,0,0,0
,,,sênior,ensino superior completo,básico,,ti - projetos-,"pj/autônomo, clt full",0,0,0,0
,,,sênior,ensino superior completo,avançado,,ti - infraestrutura-,hunting,0,0,0,0
,ensino superior completo,básico,pleno,ensino técnico completo,nenhum,ti - sap,gestão e alocação de recursos de ti-,pj/autônomo,0,0,0,0
,,,sênior,ensino superior completo,básico,,ti - sap-,"clt full, cooperado, pj/autônomo",0,0,0,0
,,,assistente,ensino superior incompleto,nenhum,,administrativa-,clt full,0,0,0,0
,,,analista,ensino superior completo,intermediário,,ti - projetos-,clt full,0,0,0,0
,,,sênior,ensino superior completo,técnico,,ti - desenvolvimento/programação-,cooperado,0,0,0,0
,ensino superior completo,avançado,analista,ensino superior completo,avançado,ti - governança,ti - projetos-,hunting,0,1,1,0
,,,sênior,ensino superior completo,avançado,,ti - sap-,"clt full, pj/autônomo",0,0,0,0
,pós graduação completo,avançado,pleno,ensino superior completo,avançado,"gestão e alocação de recursos de ti, ti - infraestrutura, ti - projetos",ti - projetos-,hunting,0,0,1,0
,,,analista,ensino superior completo,fluente,,ti - sap-,pj/autônomo,0,0,0,0
,pós graduação completo,avançado,pleno,ensino técnico completo,nenhum,ti - sap,gestão e alocação de recursos de ti-,clt full,0,0,0,0
,,,analista,ensino superior completo,nenhum,,ti - projetos-,hunting,0,0,0,0
,,,coordenador,pós graduação incompleto,básico,,ti - projetos-,clt full,0,0,0,0
,,,júnior,ensino superior completo,nenhum,,ti - banco de dados-,clt full,0,0,0,0
,ensino técnico completo,básico,analista,ensino superior completo,básico,"gestão e alocação de recursos de ti, ti - infraestrutura, ti - qualidade/testes, ti - suporte, ti - telecom",ti - projetos-,"pj/autônomo, clt full",0,0,1,0
,,,pleno,ensino superior completo,nenhum,,ti - projetos-,hunting,0,0,0,0
,pós graduação completo,intermediário,júnior,ensino superior completo,técnico,ti - sistemas e ferramentas,ti - sap-,pj/autônomo,0,0,0,0
,ensino superior completo,fluente,especialista,ensino superior completo,avançado,,ti - projetos-,hunting,0,1,0,0
,,,especialista,ensino superior completo,fluente,,ti - projetos-,pj/autônomo,0,0,0,0
,,,pleno,ensino superior completo,intermediário,,gestão e alocação de recursos de ti-ti - desenvolvimento/programação-,pj/autônomo,0,0,0,0
,,,pleno,ensino técnico completo,nenhum,,gestão e alocação de recursos de ti-,pj/autônomo,0,0,0,0
,,,sênior,ensino superior completo,avançado,,ti - sap-,"clt full, pj/autônomo",0,0,0,0
,,,analista,ensino superior completo,básico,,ti - sap-,pj/autônomo,0,0,0,0
,ensino superior completo,avançado,sênior,ensino superior completo,avançado,ti - projetos,ti - projetos-,cooperado,0,1,1,0
,,,sênior,ensino médio completo,avançado,,ti - projetos-,pj/autônomo,0,0,0,0
,,,sênior,ensino superior completo,nenhum,,ti - sap-,cooperado,0,0,0,0
,,,sênior,ensino superior completo,nenhum,,ti - projetos-,pj/autônomo,0,0,0,0
,,,sênior,ensino superior completo,fluente,,financeira/controladoria-,pj/autônomo,0,0,0,0
,ensino superior cursando,básico,analista,ensino superior completo,básico,ti - segurança da informação,ti - projetos-,"pj/autônomo, clt full",0,0,1,0
,pós graduação incompleto,básico,analista,ensino superior completo,básico,administrativa,ti - projetos-,"clt full, pj/autônomo",0,0,1,0
,,,sênior,ensino superior completo,avançado,,ti - projetos-ti - sap-,"clt full, pj/autônomo",0,0,0,0
,ensino superior completo,fluente,pleno,ensino superior completo,avançado,ti - desenvolvimento/programação,ti - projetos-,hunting,0,1,0,0
,,,pleno,ensino técnico completo,nenhum,,gestão e alocação de recursos de ti-,pj/autônomo,0,0,0,0
,,,sênior,ensino superior completo,fluente,,ti - projetos-,"clt full, pj/autônomo",0,0,0,0
,,,sênior,ensino superior completo,intermediário,,ti - projetos-,clt full,0,0,0,0
,,,analista,ensino superior completo,básico,,ti - projetos-,hunting,0,0,0,0
,,,júnior,ensino médio completo,nenhum,,administrativa-,clt full,0,0,0,0
,pós graduação incompleto,fluente,sênior,ensino superior completo,fluente,"ti - desenvolvimento/programação, ti - processos e negócios, ti - projetos, ti - qualidade/testes, ti - sap, ti - suporte",ti - sap-,hunting,0,0,1,0
,,,sênior,ensino superior completo,intermediário,,ti - projetos-,pj/autônomo,0,0,0,0
,,,pleno,ensino superior completo,avançado,,ti - projetos-,pj/autônomo,0,0,0,0
,,,analista,ensino superior completo,fluente,,ti - sap-,"pj/autônomo, clt full",0,0,0,0
,,,analista,ensino superior completo,fluente,,ti - sap-,pj/autônomo,0,0,0,0
,,,analista,ensino superior completo,avançado,,ti - suporte-,hunting,0,0,0,0
,,,pleno,ensino médio completo,nenhum,,gestão e alocação de recursos de ti-,cooperado,0,0,0,0
,,,analista,ensino superior completo,avançado,,ti - projetos-,hunting,0,0,0,0
,ensino superior completo,básico,sênior,ensino médio completo,nenhum,ti - projetos,gestão e alocação de recursos de ti-,cooperado,0,0,0,0
,,,pleno,ensino superior cursando,nenhum,,ti - sap-,clt full,0,0,0,0
,,,analista,ensino superior completo,básico,,ti - projetos-,"clt full, pj/autônomo",0,0,0,0
,,,pleno,ensino médio incompleto,nenhum,,comercial-,cooperado,0,0,0,0
,pós graduação completo,básico,analista,ensino superior completo,intermediário,ti - desenvolvimento/programação,ti - projetos-,clt cotas,0,0,0,0
,,,sênior,ensino médio completo,nenhum,,ti - infraestrutura-,cooperado,0,0,0,0
,ensino superior completo,intermediário,pleno,ensino técnico completo,nenhum,ti - sap,gestão e alocação de recursos de ti-,pj/autônomo,0,0,0,0
,,,analista,ensino superior completo,intermediário,,ti - projetos-,"clt full, pj/autônomo",0,0,0,0
,,,sênior,ensino superior completo,básico,,ti - projetos-,pj/autônomo,0,0,0,0
,ensino superior completo,fluente,analista,ensino superior completo,básico,ti - desenvolvimento/programação,ti - projetos-,"clt full, pj/autônomo",0,1,0,0
,,,sênior,ensino superior completo,avançado,,ti - sap-,"clt full, pj/autônomo",0,0,0,0
,,,assistente,ensino médio completo,nenhum,,administrativa-,clt full,0,0,0,0
,,,especialista,ensino superior completo,nenhum,,ti - sistemas e ferramentas-,pj/autônomo,0,0,0,0
,ensino técnico completo,nenhum,analista,ensino superior completo,básico,administrativa,ti - projetos-,"pj/autônomo, clt full",0,0,0,0
,,,sênior,ensino técnico completo,nenhum,,ti - desenvolvimento/mobile-,clt full,0,0,0,0
,,,analista,ensino superior completo,básico,,ti - desenvolvimento/programação-,clt full,0,0,0,0
,,,analista,ensino médio completo,nenhum,,ti - sistemas e ferramentas-,cooperado,0,0,0,0
,,,analista,ensino superior completo,básico,,ti - desenvolvimento/programação-,clt full,0,0,0,0
,,,pleno,ensino técnico completo,nenhum,,gestão e alocação de recursos de ti-,pj/autônomo,0,0,0,0
,ensino superior completo,avançado,sênior,ensino superior completo,avançado,ti - qualidade/testes,ti - qualidade/testes-,pj/autônomo,0,1,1,0
,,,júnior,ensino superior completo,intermediário,,ti - sistemas e ferramentas-,clt full,0,0,0,0
,,,pleno,ensino técnico completo,nenhum,,ti - sap-,pj/autônomo,0,0,0,0
,pós graduação completo,avançado,sênior,ensino superior completo,fluente,ti - desenvolvimento/programação,ti - projetos-,pj/autônomo,0,0,0,0
,,,sênior,ensino superior completo,fluente,,ti - projetos-,pj/autônomo,0,0,0,0
,,,sênior,ensino superior completo,intermediário,,ti - desenvolvimento/mobile-,,0,0,0,0
,,,pleno,ensino superior completo,básico,,ti - projetos-,"pj/autônomo, clt full",0,0,0,0
,,,pleno,ensino superior completo,avançado,,ti - projetos-,pj/autônomo,0,0,0,0
,pós graduação cursando,intermediário,analista,ensino superior completo,básico,ti - desenvolvimento/mobile,ti - desenvolvimento/mobile-,clt full,0,0,0,0
,pós graduação completo,avançado,gerente,ensino superior completo,básico,ti - processos e negócios,ti - projetos-,"pj/autônomo, cooperado",0,0,0,0
,pós graduação completo,fluente,sênior,ensino superior completo,fluente,financeira/controladoria,ti - projetos-,"pj/autônomo, clt full",0,0,1,0
,,,pleno,ensino superior cursando,nenhum,,ti - desenvolvimento/programação-,hunting,0,0,0,0
,,,analista,ensino superior completo,básico,,ti - projetos-,clt full,0,0,0,0
,ensino superior completo,intermediário,júnior,ensino superior cursando,básico,ti - banco de dados,ti - sap-,pj/autônomo,0,0,0,0
,,,analista,ensino superior completo,avançado,,ti - sap-,"pj/autônomo, clt cotas",0,0,0,0
,,,pleno,ensino técnico completo,nenhum,,gestão e alocação de recursos de ti-,pj/autônomo,0,0,0,0
,ensino superior completo,básico,pleno,ensino superior completo,nenhum,ti - sap,ti - sap-,pj/autônomo,0,1,0,0
,,,sênior,ensino superior completo,avançado,,ti - projetos-,hunting,0,0,0,0
,,,sênior,ensino superior completo,básico,,ti - sap-,"clt full, pj/autônomo",0,0,0,0
,,,analista,ensino superior completo,básico,,ti - sap-,pj/autônomo,0,0,0,0
,ensino superior completo,avançado,pleno,ensino superior completo,intermediário,ti - desenvolvimento/programação,ti - projetos-,pj/autônomo,0,1,0,0
,ensino superior completo,avançado,sênior,ensino médio completo,nenhum,ti - sistemas e ferramentas,administrativa-,cooperado,0,0,0,0
,ensino superior completo,,sênior,ensino superior completo,avançado,"ti - desenvolvimento/programação, ti - infraestrutura, ti - telecom",ti - projetos-,hunting,0,1,0,0
,,,pleno,ensino técnico completo,básico,,ti - projetos-,pj/autônomo,0,0,0,0
,ensino superior completo,básico,sênior,ensino superior cursando,básico,ti - desenvolvimento/programação,ti - sap-,,0,0,1,0
,,,sênior,ensino superior completo,nenhum,,ti - sap-,pj/autônomo,0,0,0,0
,ensino superior completo,fluente,sênior,ensino superior completo,intermediário,"ti - governança, ti - infraestrutura, ti - projetos, ti - suporte, ti - telecom",ti - governança-,,0,1,0,0
,,,sênior,ensino superior completo,fluente,,ti - projetos-,pj/autônomo,0,0,0,0
,,,analista,ensino superior cursando,básico,,ti - suporte-,clt full,0,0,0,0
,ensino médio completo,nenhum,assistente,ensino médio completo,nenhum,comercial,ti - projetos-,clt full,0,1,1,0
,,,analista,ensino superior completo,básico,,ti - projetos-,"pj/autônomo, clt full",0,0,0,0
,,,analista,ensino superior completo,básico,,ti - sap-,"pj/autônomo, clt full",0,0,0,0
,,,pleno,ensino superior completo,intermediário,,ti - sistemas e ferramentas-,,0,0,0,0
,ensino superior completo,intermediário,analista,ensino superior completo,intermediário,recursos humanos,recursos humanos-,clt full,0,1,1,0
,,,sênior,ensino superior completo,intermediário,,ti - sistemas e ferramentas-,clt full,0,0,0,0
,pós graduação completo,intermediário,sênior,ensino superior completo,nenhum,ti - desenvolvimento/programação,ti - sistemas e ferramentas-,clt full,0,0,0,0
,,,analista,ensino superior completo,básico,,ti - projetos-,hunting,0,0,0,0
,,,sênior,ensino superior completo,avançado,,ti - projetos-,pj/autônomo,0,0,0,0
,,,analista,ensino superior completo,básico,,ti - sap-,pj/autônomo,0,0,0,0
,,,sênior,ensino superior completo,fluente,,ti - sap-,hunting,0,0,0,0
,pós graduação completo,intermediário,sênior,ensino superior completo,avançado,ti - infraestrutura,ti - projetos-,pj/autônomo,0,0,0,0
,,,pleno,ensino técnico completo,nenhum,,gestão e alocação de recursos de ti-,pj/autônomo,0,0,0,0
,,,analista,ensino superior completo,básico,,ti - projetos-,"pj/autônomo, clt full",0,0,0,0
,,,sênior,ensino superior completo,avançado,,ti - sap-,pj/autônomo,0,0,0,0
,,,analista,ensino superior completo,básico,,ti - projetos-,"clt full, pj/autônomo",0,0,0,0
,,,sênior,ensino superior completo,nenhum,,ti - sap-,cooperado,0,0,0,0
,,,analista,ensino superior completo,básico,,ti - projetos-,"clt full, pj/autônomo",0,0,0,0
,,,analista,ensino superior completo,básico,,administrativa-,clt full,0,0,0,0
,pós graduação completo,básico,analista,ensino superior completo,fluente,financeira/controladoria,ti - projetos-,"clt full, pj/autônomo",0,0,0,0
,mestrado completo,fluente,sênior,ensino superior completo,avançado,ti - infraestrutura,ti - sap-,pj/autônomo,0,0,0,0
,,,analista,ensino superior completo,básico,,administrativa-,clt full,0,0,0,0
,,,analista,ensino superior completo,intermediário,,ti - projetos-,"clt full, pj/autônomo",0,0,0,0
,,,sênior,ensino superior cursando,nenhum,,ti - sap-,clt full,0,0,0,0
,,,sênior,ensino superior completo,nenhum,,qualidade corporativa-,,0,0,0,0
,,,analista,ensino superior completo,fluente,ti - banco de dados,ti - projetos-,"pj/autônomo, clt full",0,0,0,0
,,,analista,ensino superior completo,avançado,,ti - projetos-,pj/autônomo,0,0,0,0
,,,pleno,ensino superior completo,avançado,,ti - projetos-,pj/autônomo,0,0,0,0
,,,sênior,ensino superior cursando,básico,,ti - desenvolvimento/programação-,"clt full, pj/autônomo",0,0,0,0
,,,sênior,ensino superior completo,fluente,,ti - sap-,pj/autônomo,0,0,0,0
,,,sênior,ensino médio completo,avançado,,gestão e alocação de recursos de ti-,pj/autônomo,0,0,0,0
,pós graduação completo,básico,pleno,ensino técnico completo,nenhum,ti - sap,gestão e alocação de recursos de ti-,pj/autônomo,0,0,0,0
,,,analista,ensino superior completo,básico,,ti - projetos-,"pj/autônomo, clt full",0,0,0,0
,,,sênior,ensino técnico completo,nenhum,,ti - desenvolvimento/design-,pj/autônomo,0,0,0,0
,pós graduação completo,avançado,sênior,ensino superior completo,fluente,ti - sap,ti - sap-,"pj/autônomo, clt full",0,0,0,0
,,,sênior,ensino superior completo,avançado,,ti - sistemas e ferramentas-,pj/autônomo,0,0,0,0
,,,sênior,ensino superior completo,básico,,ti - projetos-,"clt full, pj/autônomo",0,0,0,0
,ensino superior completo,básico,analista,ensino superior completo,básico,ti - desenvolvimento/programação,ti - desenvolvimento/programação-,clt full,0,1,1,0
,,,sênior,ensino superior completo,básico,,ti - projetos-,"pj/autônomo, clt cotas",0,0,0,0
,pós graduação incompleto,avançado,sênior,ensino superior completo,fluente,ti - sap,ti - sap-,"clt full, pj/autônomo",0,0,0,0
,,,sênior,ensino superior completo,básico,,ti - sap-,pj/autônomo,0,0,0,0
sênior,pós graduação completo,básico,sênior,ensino superior completo,básico,ti - desenvolvimento/programação,ti - sap-,"pj/autônomo, clt full",1,0,1,0
,,,sênior,pós graduação completo,nenhum,,gestão e alocação de recursos de ti-ti - sap-,pj/autônomo,0,0,0,0
,ensino superior completo,básico,analista,ensino superior cursando,básico,administrativa,ti - projetos-,"pj/autônomo, clt full",0,0,1,0
,,,sênior,ensino superior completo,nenhum,,ti - desenvolvimento/programação-,clt full,0,0,0,0
,,,júnior,ensino técnico incompleto,técnico,,financeira/controladoria-,clt cotas,0,0,0,0
especialista,mestrado incompleto,intermediário,analista,ensino superior completo,técnico,,ti - projetos-,clt full,0,0,0,0
,,,analista,ensino superior completo,básico,,ti - projetos-,"clt full, pj/autônomo",0,0,0,0
,pós graduação completo,avançado,sênior,ensino superior completo,básico,ti - arquitetura,ti - projetos-,hunting,0,0,0,0
,,,pleno,ensino médio completo,nenhum,,gestão e alocação de recursos de ti-,cooperado,0,0,0,0
,pós graduação completo,básico,sênior,ensino médio completo,avançado,ti - sap,gestão e alocação de recursos de ti-,pj/autônomo,0,0,0,0
,,,sênior,ensino médio completo,técnico,,gestão e alocação de recursos de ti-,pj/autônomo,0,0,0,0
,ensino superior completo,avançado,sênior,ensino superior completo,nenhum,ti - sistemas e ferramentas,ti - projetos-,pj/autônomo,0,1,0,0
,,,sênior,ensino técnico completo,avançado,,administrativa-,cooperado,0,0,0,0
,,,analista,ensino superior completo,básico,,ti - suporte-,clt cotas,0,0,0,0
,,,sênior,ensino superior completo,intermediário,,ti - sistemas e ferramentas-,,0,0,0,0
,,,sênior,ensino superior completo,intermediário,,ti - desenvolvimento/programação-,,0,0,0,0
,,,sênior,ensino superior completo,intermediário,,ti - projetos-,hunting,0,0,0,0
,,,pleno,ensino superior completo,básico,,ti - sistemas e ferramentas-,,0,0,0,0
,,,sênior,ensino médio completo,nenhum,,recursos humanos-,cooperado,0,0,0,0
,,,sênior,ensino superior completo,básico,,ti - sap-,pj/autônomo,0,0,0,0
,,,analista,ensino superior completo,básico,,ti - projetos-,pj/autônomo,0,0,0,0
,ensino superior completo,básico,especialista,ensino superior completo,básico,"ti - banco de dados, ti - desenvolvimento/design, ti - desenvolvimento/mobile, ti - desenvolvimento/programação, ti - governança, ti - processos e negócios, ti - projetos, ti - sistemas e ferramentas",ti - projetos-,"clt full, pj/autônomo",0,1,1,0
,mestrado completo,fluente,analista,ensino superior completo,básico,ti - sap,ti - sap-,"pj/autônomo, clt full",0,0,0,0
,ensino superior cursando,avançado,analista,ensino superior completo,avançado,ti - sap,ti - projetos-,pj/autônomo,0,0,1,0
,,,sênior,ensino superior completo,intermediário,,ti - desenvolvimento/programação-,hunting,0,0,0,0
,pós graduação completo,intermediário,analista,ensino superior completo,básico,ti - banco de dados,ti - projetos-,clt full,0,0,0,0
,pós graduação completo,básico,analista,ensino superior completo,básico,ti - processos e negócios,ti - projetos-,"pj/autônomo, clt full",0,0,1,0
,,,analista,ensino superior completo,básico,,ti - projetos-,clt full,0,0,0,0
,ensino superior completo,avançado,sênior,ensino médio completo,fluente,ti - qualidade/testes,gestão e alocação de recursos de ti-,pj/autônomo,0,0,0,0
,,,pleno,ensino superior completo,básico,,ti - projetos-,"pj/autônomo, clt full",0,0,0,0
,,,sênior,ensino superior completo,avançado,,ti - projetos-,pj/autônomo,0,0,0,0
,,,sênior,ensino médio completo,nenhum,,ti - sap-,cooperado,0,0,0,0
,,,analista,ensino superior completo,básico,,ti - projetos-,"pj/autônomo, clt full",0,0,0,0
,pós graduação completo,avançado,analista,ensino superior completo,básico,ti - arquitetura,ti - desenvolvimento/programação-,hunting,0,0,0,0
,,,pleno,ensino superior completo,avançado,,novos negócios e parcerias-,pj/autônomo,0,0,0,0
,ensino técnico completo,,sênior,ensino superior completo,avançado,,ti - sistemas e ferramentas-,clt full,0,0,0,0
,ensino superior completo,intermediário,analista,ensino superior completo,básico,ti - desenvolvimento/programação,ti - projetos-,"pj/autônomo, clt full",0,1,0,0
,,,pleno,ensino superior completo,intermediário,,ti - desenvolvimento/programação-,clt full,0,0,0,0
,,,analista,ensino superior completo,básico,,ti - projetos-,"cooperado, pj/autônomo",0,0,0,0
,ensino superior completo,intermediário,analista,ensino superior completo,básico,ti - projetos,ti - projetos-,"cooperado, pj/autônomo",0,1,0,0
,pós graduação completo,avançado,analista,ensino superior completo,básico,ti - projetos,ti - projetos-,"cooperado, pj/autônomo",0,0,0,0
,,,pleno,ensino superior completo,nenhum,,gestão e alocação de recursos de ti-ti - infraestrutura-,clt full,0,0,0,0
,ensino superior completo,avançado,sênior,ensino superior completo,nenhum,ti - sap,gestão e alocação de recursos de ti-ti - sap-,pj/autônomo,0,1,0,0
,,,júnior,ensino superior cursando,intermediário,,ti - desenvolvimento/programação-,clt full,0,0,0,0
,ensino técnico completo,intermediário,analista,ensino superior completo,básico,administrativa,administrativa-,clt full,0,0,0,0
,,,analista,ensino superior completo,básico,,ti - projetos-,"clt full, pj/autônomo",0,0,0,0
,,,pleno,ensino superior completo,básico,,ti - projetos-,"clt full, pj/autônomo",0,0,0,0
,,,sênior,ensino superior completo,básico,,ti - projetos-,"clt full, cooperado, pj/autônomo",0,0,0,0
,,,pleno,ensino superior completo,intermediário,,ti - sap-,pj/autônomo,0,0,0,0
,,,analista,ensino superior completo,básico,,ti - projetos-,"clt full, pj/autônomo",0,0,0,0
,,,analista,ensino superior completo,básico,,ti - projetos-,"clt full, pj/autônomo",0,0,0,0
,pós graduação completo,avançado,sênior,ensino médio completo,fluente,ti - desenvolvimento/programação,gestão e alocação de recursos de ti-,pj/autônomo,0,0,0,0
,,,sênior,ensino médio completo,nenhum,,ti - processos e negócios-,pj/autônomo,0,0,0,0
,,,sênior,ensino superior completo,básico,,ti - sap-,pj/autônomo,0,0,0,0
,ensino superior cursando,intermediário,analista,ensino superior completo,básico,ti - desenvolvimento/programação,ti - projetos-,estagiário,0,0,0,0
,,,sênior,ensino superior completo,avançado,,ti - projetos-,pj/autônomo,0,0,0,0
,,,analista,ensino superior completo,básico,,ti - projetos-,"pj/autônomo, cooperado",0,0,0,0
,,,analista,ensino superior completo,básico,,ti - desenvolvimento/programação-,"pj/autônomo, clt full",0,0,0,0
,,,sênior,ensino superior completo,básico,,ti - projetos-,"clt full, pj/autônomo",0,0,0,0
,ensino superior completo,avançado,sênior,ensino superior completo,avançado,ti - sap,ti - sap-,hunting,0,1,1,0
,,,sênior,ensino superior completo,nenhum,,ti - infraestrutura-,cooperado,0,0,0,0
,,,sênior,ensino superior completo,avançado,,ti - sap-,pj/autônomo,0,0,0,0
,,,sênior,ensino superior completo,fluente,,ti - qualidade/testes-,pj/autônomo,0,0,0,0
,ensino médio completo,avançado,pleno,ensino superior completo,avançado,"ti - infraestrutura, ti - segurança da informação, ti - suporte",ti - projetos-,pj/autônomo,0,0,1,0
,,,sênior,ensino superior completo,básico,,ti - sap-,pj/autônomo,0,0,0,0
,,,especialista,ensino técnico completo,avançado,,ti - sap-,"pj/autônomo, clt full",0,0,0,0
,,,júnior,ensino técnico completo,nenhum,,ti - suporte-,cooperado,0,0,0,0
,,,pleno,ensino técnico completo,nenhum,,gestão e alocação de recursos de ti-,pj/autônomo,0,0,0,0
,ensino superior completo,básico,sênior,ensino técnico completo,avançado,ti - suporte,ti - sistemas e ferramentas-,clt full,0,0,0,0
,,,analista,ensino superior completo,básico,,ti - infraestrutura-,cooperado,0,0,0,0
,,,sênior,ensino superior completo,fluente,,financeira/controladoria-,pj/autônomo,0,0,0,0
,,,analista,ensino superior completo,fluente,,ti - sap-,"pj/autônomo, clt full",0,0,0,0
,ensino fundamental completo,avançado,sênior,ensino superior completo,fluente,ti - sap,ti - sap-,pj/autônomo,0,0,0,0
,,,sênior,ensino superior completo,intermediário,,ti - sap-,"clt full, pj/autônomo",0,0,0,0
,,,analista,ensino superior completo,básico,,ti - sap-,pj/autônomo,0,0,0,0
,pós graduação completo,avançado,sênior,ensino médio completo,avançado,"administrativa, financeira/controladoria, novos negócios e parcerias, qualidade corporativa, ti - processos e negócios, ti - projetos",financeira/controladoria-,pj/autônomo,0,0,1,0
,ensino superior completo,básico,analista,ensino superior completo,básico,recursos humanos,recursos humanos-,clt full,0,1,1,0
,,,sênior,ensino superior completo,avançado,,ti - sistemas e ferramentas-,,0,0,0,0
,ensino superior cursando,fluente,pleno,ensino superior completo,técnico,ti - desenvolvimento/programação,ti - desenvolvimento/programação-,hunting,0,0,0,0
,,,sênior,ensino superior completo,fluente,,ti - sap-,"clt full, pj/autônomo",0,0,0,0
,,,analista,ensino superior completo,básico,,ti - projetos-,"pj/autônomo, clt full",0,0,0,0
,,,sênior,ensino superior completo,fluente,,ti - projetos-,"clt full, pj/autônomo",0,0,0,0
,,,pleno,ensino técnico completo,nenhum,,gestão e alocação de recursos de ti-,hunting,0,0,0,0
,ensino técnico cursando,intermediário,pleno,ensino superior completo,nenhum,ti - desenvolvimento/programação,gestão e alocação de recursos de ti-,pj/autônomo,0,0,0,0
,,,analista,ensino superior completo,básico,,ti - projetos-,"pj/autônomo, clt full",0,0,0,0
,ensino superior completo,intermediário,sênior,ensino superior completo,intermediário,ti - infraestrutura,ti - sistemas e ferramentas-,pj/autônomo,0,1,1,0
,pós graduação completo,avançado,sênior,ensino superior completo,avançado,"administrativa, financeira/controladoria",comercial-,clt full,0,0,1,0
,ensino superior cursando,intermediário,sênior,ensino superior completo,básico,ti - sap,ti - sap-,"clt full, pj/autônomo",0,0,0,0
,ensino superior completo,avançado,analista,ensino superior completo,básico,administrativa,ti - projetos-,"clt full, pj/autônomo",0,1,0,0
,,,sênior,ensino superior completo,básico,,ti - projetos-,"pj/autônomo, cooperado, clt full",0,0,0,0
,mestrado completo,avançado,analista,ensino superior completo,básico,gestão e alocação de recursos de ti,ti - projetos-,"pj/autônomo, clt full",0,0,0,0
,,,analista,ensino superior completo,básico,,ti - sap-,pj/autônomo,0,0,0,0
,,,pleno,ensino superior completo,avançado,,ti - projetos-,hunting,0,0,0,0
,,,sênior,ensino superior completo,nenhum,,gestão e alocação de recursos de ti-,clt full,0,0,0,0
,,,sênior,ensino superior completo,nenhum,,ti - infraestrutura-,,0,0,0,0
,pós graduação completo,intermediário,sênior,ensino superior completo,básico,"ti - arquitetura, ti - processos e negócios, ti - projetos",ti - projetos-,"pj/autônomo, cooperado",0,0,0,0
,,,sênior,ensino superior completo,avançado,,ti - sap-,"pj/autônomo, clt full",0,0,0,0
,ensino superior completo,intermediário,sênior,ensino superior completo,fluente,ti - sap,ti - sap-,hunting,0,1,0,0
,pós graduação incompleto,fluente,analista,ensino superior completo,básico,ti - sap,ti - sap-,clt full,0,0,0,0
,,,pleno,ensino superior completo,nenhum,,ti - sistemas e ferramentas-,pj/autônomo,0,0,0,0
,,,analista,ensino superior completo,básico,,ti - projetos-ti - suporte-,clt full,0,0,0,0
,,,especialista,ensino superior completo,técnico,,ti - sap-,clt full,0,0,0,0
,,,sênior,ensino superior completo,nenhum,,gestão e alocação de recursos de ti-,clt full,0,0,0,0
,,,analista,ensino superior completo,básico,,ti - sap-,"clt full, pj/autônomo",0,0,0,0
,,,sênior,ensino superior completo,básico,,ti - sap-,pj/autônomo,0,0,0,0
,,,analista,ensino superior completo,básico,,ti - projetos-,clt full,0,0,0,0
,,,especialista,ensino superior completo,fluente,,ti - sap-,clt full,0,0,0,0
,,,analista,ensino superior completo,básico,,ti - projetos-,"pj/autônomo, clt full",0,0,0,0
,ensino superior completo,,pleno,ensino superior completo,avançado,,ti - governança-,"clt full, clt cotas, cooperado, pj/autônomo",0,1,0,0
,,,sênior,ensino superior completo,intermediário,,ti - projetos-,cooperado,0,0,0,0
,,,sênior,ensino médio completo,fluente,,ti - sap-,pj/autônomo,0,0,0,0
,,,pleno,ensino superior completo,básico,,gestão e alocação de recursos de ti-ti - infraestrutura-,pj/autônomo,0,0,0,0
,,,júnior,ensino médio completo,nenhum,,comercial-,cooperado,0,0,0,0
,,,pleno,ensino superior completo,avançado,,ti - projetos-,pj/autônomo,0,0,0,0
,,,sênior,ensino superior completo,nenhum,,ti - desenvolvimento/programação-,clt full,0,0,0,0
,,,sênior,ensino superior completo,básico,,ti - projetos-,"cooperado, pj/autônomo",0,0,0,0
,mestrado completo,avançado,sênior,ensino superior completo,básico,financeira/controladoria,ti - projetos-,"cooperado, pj/autônomo",0,0,0,0
,,,analista,ensino superior completo,fluente,,ti - projetos-,"pj/autônomo, clt full",0,0,0,0
,ensino superior completo,,sênior,ensino superior completo,avançado,,ti - projetos-,pj/autônomo,0,1,0,0
,,,analista,ensino superior completo,avançado,,ti - projetos-,"clt full, pj/autônomo",0,0,0,0
,,,assistente,ensino superior cursando,nenhum,,administrativa-,clt full,0,0,0,0
,ensino médio completo,avançado,sênior,ensino superior completo,nenhum,ti - sap,ti - sap-,cooperado,0,0,0,0
,,,sênior,ensino superior completo,nenhum,,ti - sap-,pj/autônomo,0,0,0,0
,ensino superior completo,avançado,analista,ensino superior completo,fluente,administrativa,ti - projetos-,"pj/autônomo, clt full",0,1,0,0
,ensino superior completo,avançado,analista,ensino superior completo,básico,ti - desenvolvimento/programação,ti - projetos-,hunting,0,1,0,0
,,,sênior,ensino superior completo,avançado,,ti - sistemas e ferramentas-,clt full,0,0,0,0
,pós graduação incompleto,avançado,analista,ensino superior completo,básico,"ti - processos e negócios, ti - projetos, ti - sistemas e ferramentas, ti - ux",ti - projetos-,clt full,0,0,0,0
,,,pleno,ensino superior completo,básico,,ti - sap-,pj/autônomo,0,0,0,0
,pós graduação completo,fluente,sênior,ensino superior incompleto,avançado,ti - sap,ti - desenvolvimento/programação-,pj/autônomo,0,0,0,0
,,,analista,ensino superior completo,básico,,ti - projetos-,clt cotas,0,0,0,0
,pós graduação completo,avançado,pleno,ensino superior completo,intermediário,gestão e alocação de recursos de ti,gestão e alocação de recursos de ti-,pj/autônomo,0,0,0,0
,,,pleno,ensino superior completo,avançado,,ti - projetos-,pj/autônomo,0,0,0,0
,pós graduação completo,intermediário,analista,ensino superior completo,básico,administrativa,ti - projetos-,"clt full, pj/autônomo",0,0,0,0
,,,sênior,ensino superior completo,intermediário,,ti - desenvolvimento/mobile-,clt cotas,0,0,0,0
,ensino superior completo,intermediário,júnior,ensino superior completo,básico,ti - desenvolvimento/design,ti - desenvolvimento/programação-,hunting,0,1,0,0
,ensino superior completo,intermediário,pleno,ensino superior completo,básico,ti - sap,ti - sap-,pj/autônomo,0,1,0,0
,,,sênior,ensino superior completo,básico,,ti - sap-,pj/autônomo,0,0,0,0
,ensino superior completo,avançado,pleno,ensino técnico completo,nenhum,ti - desenvolvimento/programação,gestão e alocação de recursos de ti-,pj/autônomo,0,0,0,0
,ensino superior completo,intermediário,sênior,ensino superior completo,básico,ti - desenvolvimento/programação,ti - projetos-,"pj/autônomo, clt cotas, clt full",0,1,0,0
,,,sênior,ensino superior completo,avançado,,ti - sap-,pj/autônomo,0,0,0,0
,,,pleno,ensino técnico completo,nenhum,,gestão e alocação de recursos de ti-,pj/autônomo,0,0,0,0
,,,sênior,ensino superior completo,fluente,,ti - projetos-,pj/autônomo,0,0,0,0
,,,sênior,ensino médio completo,fluente,,administrativa-,cooperado,0,0,0,0
,,,júnior,ensino médio completo,nenhum,,administrativa-,clt full,0,0,0,0
,ensino superior completo,básico,analista,ensino superior completo,intermediário,ti - desenvolvimento/programação,ti - projetos-,clt cotas,0,1,0,0
,pós graduação completo,avançado,sênior,ensino superior completo,intermediário,ti - arquitetura,ti - sap-,"clt full, pj/autônomo",0,0,0,0
,,,assistente,ensino médio completo,nenhum,,administrativa-,clt full,0,0,0,0
,,,sênior,ensino superior cursando,avançado,,ti - sap-,clt full,0,0,0,0
,,,sênior,ensino superior completo,nenhum,,gestão e alocação de recursos de ti-,clt full,0,0,0,0
,,,analista,ensino superior completo,básico,,ti - suporte-,"cooperado, pj/autônomo",0,0,0,0
,,,analista,ensino superior completo,básico,,ti - projetos-,hunting,0,0,0,0
,ensino superior completo,intermediário,analista,ensino superior completo,básico,ti - desenvolvimento/programação,ti - projetos-,"pj/autônomo, clt full",0,1,0,0
,,,sênior,ensino superior completo,nenhum,,gestão e alocação de recursos de ti-ti - sap-,pj/autônomo,0,0,0,0
,ensino superior completo,,analista,ensino superior completo,básico,,ti - infraestrutura-,cooperado,0,1,0,0
,,,sênior,ensino superior completo,avançado,,ti - sap-,hunting,0,0,0,0
sênior,pós graduação completo,básico,sênior,ensino superior completo,avançado,ti - desenvolvimento/programação,ti - infraestrutura-,cooperado,1,0,0,0
,,,pleno,ensino superior completo,avançado,,ti - projetos-,hunting,0,0,0,0
,,,analista,ensino superior completo,básico,,ti - projetos-,"clt full, pj/autônomo",0,0,0,0
,,,sênior,ensino superior completo,básico,,ti - projetos-,hunting,0,0,0,0
,ensino superior incompleto,básico,analista,ensino superior completo,básico,ti - desenvolvimento/programação,ti - desenvolvimento/programação-,"pj/autônomo, clt full",0,0,1,0
,,,sênior,ensino superior completo,fluente,,ti - projetos-,pj/autônomo,0,0,0,0
,pós graduação completo,intermediário,coordenador,ensino superior completo,básico,financeira/controladoria,ti - projetos-,pj/autônomo,0,0,0,0
,pós graduação completo,intermediário,sênior,ensino superior completo,fluente,ti - sap,ti - sap-,pj/autônomo,0,0,0,0
,,,pleno,ensino técnico completo,nenhum,,gestão e alocação de recursos de ti-,pj/autônomo,0,0,0,0
,ensino superior completo,intermediário,analista,ensino superior completo,básico,ti - processos e negócios,ti - projetos-,"clt full, pj/autônomo",0,1,0,0
,,,especialista,ensino superior completo,fluente,,administrativa-,clt full,0,0,0,0
,,,pleno,ensino técnico completo,nenhum,,gestão e alocação de recursos de ti-,pj/autônomo,0,0,0,0
,,,pleno,ensino técnico completo,nenhum,,gestão e alocação de recursos de ti-,pj/autônomo,0,0,0,0
,,,pleno,ensino técnico completo,nenhum,,gestão e alocação de recursos de ti-,pj/autônomo,0,0,0,0
,ensino superior completo,básico,analista,ensino superior completo,básico,ti - suporte,ti - projetos-,"clt full, pj/autônomo",0,1,1,0
,,,pleno,ensino superior cursando,nenhum,,ti - sap-,clt cotas,0,0,0,0
,,,analista,ensino superior completo,básico,,ti - projetos-,"pj/autônomo, clt full",0,0,0,0
,,,analista,ensino superior completo,básico,,ti - projetos-,"clt full, pj/autônomo",0,0,0,0
,ensino superior completo,avançado,sênior,ensino superior completo,básico,ti - sap,ti - sap-,"clt full, pj/autônomo",0,1,0,0
,,,júnior,ensino superior completo,intermediário,,ti - projetos-,pj/autônomo,0,0,0,0
,,,analista,ensino superior completo,básico,,ti - projetos-,hunting,0,0,0,0
,,,pleno,ensino técnico completo,nenhum,,gestão e alocação de recursos de ti-,pj/autônomo,0,0,0,0
,,,sênior,ensino superior completo,intermediário,,ti - sistemas e ferramentas-,clt cotas,0,0,0,0
,,,analista,ensino superior completo,fluente,,ti - projetos-,"clt full, pj/autônomo",0,0,0,0
,ensino superior completo,intermediário,analista,ensino superior completo,básico,ti - sap,ti - sap-,hunting,0,1,0,0
,pós graduação cursando,básico,analista,ensino superior cursando,básico,financeira/controladoria,ti - projetos-,"pj/autônomo, clt full",0,0,1,0
,ensino superior completo,básico,sênior,ensino superior completo,avançado,ti - projetos,ti - sap-,hunting,0,1,0,0
,ensino técnico completo,intermediário,sênior,ensino superior completo,nenhum,ti - sap,gestão e alocação de recursos de ti-ti - sap-,pj/autônomo,0,0,0,0
,pós graduação completo,avançado,pleno,ensino superior completo,fluente,ti - sap,ti - sap-,pj/autônomo,0,0,0,0
,,,analista,ensino superior completo,básico,,ti - projetos-,"pj/autônomo, clt full",0,0,0,0
,,,analista,ensino superior completo,básico,,ti - sap-,pj/autônomo,0,0,0,0
,,,analista,ensino superior completo,básico,,ti - projetos-,"cooperado, pj/autônomo",0,0,0,0
,,,gerente,ensino superior completo,básico,,ti - projetos-,pj/autônomo,0,0,0,0
,,,sênior,ensino médio completo,fluente,,ti - sap-,pj/autônomo,0,0,0,0
,ensino superior cursando,avançado,sênior,ensino superior completo,fluente,"ti - desenvolvimento/programação, ti - segurança da informação",ti - projetos-,"clt full, pj/autônomo",0,0,0,0
,,,analista,ensino superior completo,básico,,ti - sap-,pj/autônomo,0,0,0,0
,,,analista,ensino superior completo,básico,,ti - desenvolvimento/programação-,clt full,0,0,0,0
,,,sênior,ensino superior completo,nenhum,,ti - sap-,pj/autônomo,0,0,0,0
,,,pleno,ensino médio completo,fluente,,ti - projetos-,clt cotas,0,0,0,0
,,,analista,ensino superior completo,fluente,,ti - sap-,pj/autônomo,0,0,0,0
,,,analista,ensino superior cursando,básico,,ti - suporte-,clt full,0,0,0,0
,,,analista,ensino superior completo,básico,,ti - projetos-,"clt full, pj/autônomo",0,0,0,0
,,,analista,ensino superior completo,básico,,ti - projetos-,"pj/autônomo, clt full",0,0,0,0
,,,pleno,ensino superior completo,intermediário,,ti - processos e negócios-,"clt full, clt cotas, cooperado, pj/autônomo",0,0,0,0
,,,pleno,ensino médio completo,avançado,,gestão e alocação de recursos de ti-,pj/autônomo,0,0,0,0
,,,pleno,ensino superior completo,avançado,,ti - projetos-,pj/autônomo,0,0,0,0
,,,analista,ensino superior completo,básico,,ti - projetos-,"pj/autônomo, clt full",0,0,0,0
,,,pleno,ensino técnico completo,nenhum,,gestão e alocação de recursos de ti-,pj/autônomo,0,0,0,0
,,,pleno,ensino superior completo,básico,,ti - projetos-,pj/autônomo,0,0,0,0
,ensino superior completo,intermediário,sênior,ensino superior completo,avançado,ti - sap,ti - sap-,pj/autônomo,0,1,0,0
,,,sênior,ensino médio completo,fluente,,gestão e alocação de recursos de ti-,pj/autônomo,0,0,0,0
,pós graduação completo,intermediário,sênior,ensino superior completo,intermediário,"ti - arquitetura, ti - processos e negócios, ti - projetos",ti - arquitetura-,hunting,0,0,1,0
,,,analista,ensino superior completo,básico,,ti - projetos-,"clt full, pj/autônomo",0,0,0,0
,,,analista,ensino superior completo,básico,,ti - projetos-,"cooperado, pj/autônomo",0,0,0,0
,,,analista,ensino superior completo,avançado,,ti - projetos-,"clt full, pj/autônomo",0,0,0,0
,,,sênior,ensino superior completo,nenhum,,ti - projetos-,pj/autônomo,0,0,0,0
,ensino superior completo,intermediário,sênior,ensino médio completo,nenhum,ti - desenvolvimento/programação,administrativa-,,0,0,0,0
,,,analista,ensino superior completo,básico,,ti - projetos-,,0,0,0,0
,ensino superior completo,avançado,líder,ensino superior completo,intermediário,"ti - banco de dados, ti - desenvolvimento/design, ti - desenvolvimento/mobile, ti - desenvolvimento/programação, ti - governança, ti - processos e negócios, ti - projetos, ti - qualidade/testes, ti - sistemas e ferramentas",ti - sistemas e ferramentas-,hunting,0,1,0,0
,,,analista,ensino superior completo,intermediário,,ti - projetos-,"clt full, pj/autônomo",0,0,0,0
,,,pleno,ensino superior completo,nenhum,,gestão e alocação de recursos de ti-ti - sap-,pj/autônomo,0,0,0,0
,ensino superior completo,intermediário,sênior,ensino médio completo,técnico,"ti - banco de dados, ti - processos e negócios, ti - projetos, ti - segurança da informação, ti - sistemas e ferramentas, ti - suporte",gestão e alocação de recursos de ti-,pj/autônomo,0,0,0,0
,,,sênior,ensino superior completo,básico,,ti - projetos-,clt full,0,0,0,0
,,,sênior,ensino médio completo,técnico,,ti - sap-,pj/autônomo,0,0,0,0
,,,analista,ensino superior completo,básico,,ti - projetos-,"clt full, pj/autônomo",0,0,0,0
,,,sênior,ensino superior completo,avançado,,ti - projetos-,pj/autônomo,0,0,0,0
,ensino superior incompleto,intermediário,analista,ensino superior completo,fluente,"ti - arquitetura, ti - governança, ti - infraestrutura, ti - processos e negócios, ti - projetos, ti - sistemas e ferramentas, ti - suporte",ti - projetos-,"pj/autônomo, clt full",0,0,0,0
,,,sênior,ensino superior completo,fluente,,ti - processos e negócios-,pj/autônomo,0,0,0,0
,,,analista,ensino superior completo,básico,,ti - projetos-,"clt full, pj/autônomo",0,0,0,0
,,,sênior,ensino médio completo,avançado,,ti - sap-,"clt full, pj/autônomo",0,0,0,0
,,,analista,ensino superior completo,básico,,ti - sap-,pj/autônomo,0,0,0,0
,mestrado incompleto,intermediário,sênior,ensino superior completo,nenhum,ti - governança,ti - sap-,clt full,0,0,0,0
,,,sênior,ensino médio completo,nenhum,,administrativa-,clt full,0,0,0,0
,,,analista,ensino superior completo,básico,,ti - projetos-,"pj/autônomo, clt full",0,0,0,0
,,,sênior,ensino médio completo,nenhum,,comercial-,clt cotas,0,0,0,0
,,,sênior,ensino superior completo,intermediário,,ti - sistemas e ferramentas-,,0,0,0,0
,pós graduação completo,fluente,analista,ensino superior completo,básico,ti - sap,ti - sap-,hunting,0,0,0,0
,,,analista,ensino superior completo,básico,,ti - desenvolvimento/programação-,clt full,0,0,0,0
,ensino superior completo,intermediário,analista,ensino superior completo,básico,ti - infraestrutura,ti - suporte-,"pj/autônomo, clt full",0,1,0,0
,,,analista,ensino superior completo,avançado,,ti - projetos-,"pj/autônomo, clt full",0,0,0,0
,,,sênior,ensino superior completo,avançado,,ti - sap-,pj/autônomo,0,0,0,0
,,,analista,ensino superior completo,básico,,ti - projetos-,pj/autônomo,0,0,0,0
,,,sênior,ensino superior completo,avançado,,gestão e alocação de recursos de ti-ti - desenvolvimento/programação-,pj/autônomo,0,0,0,0
,,,pleno,ensino superior completo,fluente,,ti - projetos-,pj/autônomo,0,0,0,0
,,,analista,ensino superior completo,avançado,,ti - sap-,pj/autônomo,0,0,0,0
,,,sênior,ensino superior completo,avançado,,ti - projetos-,hunting,0,0,0,0
,,,pleno,ensino superior completo,intermediário,,ti - projetos-,pj/autônomo,0,0,0,0
,,intermediário,analista,ensino superior completo,básico,,ti - projetos-,"pj/autônomo, clt full",0,0,0,0
,mestrado incompleto,básico,júnior,ensino técnico completo,nenhum,ti - qualidade/testes,administrativa-,cooperado,0,0,0,0
,,,analista,ensino superior completo,básico,,ti - projetos-,"pj/autônomo, clt full",0,0,0,0
,,,pleno,ensino superior completo,nenhum,,gestão e alocação de recursos de ti-,pj/autônomo,0,0,0,0
,,,sênior,ensino médio completo,nenhum,,administrativa-,pj/autônomo,0,0,0,0
,,,sênior,ensino médio completo,básico,,financeira/controladoria-,pj/autônomo,0,0,0,0
,,,júnior,ensino médio completo,nenhum,,administrativa-,clt full,0,0,0,0
,ensino superior completo,nenhum,analista,ensino superior completo,básico,administrativa,ti - projetos-,"pj/autônomo, clt full",0,1,0,0
,,,sênior,ensino superior completo,nenhum,,ti - banco de dados-ti - projetos-,"pj/autônomo, cooperado",0,0,0,0
,,,analista,ensino superior completo,básico,,ti - sap-,"clt full, pj/autônomo",0,0,0,0
,,,sênior,ensino superior completo,avançado,,ti - sap-,"pj/autônomo, clt full",0,0,0,0
,,,sênior,ensino superior completo,nenhum,,ti - sap-,clt full,0,0,0,0
,,,sênior,ensino superior completo,fluente,,ti - projetos-,pj/autônomo,0,0,0,0
,ensino técnico completo,básico,pleno,ensino técnico completo,nenhum,recursos humanos,gestão e alocação de recursos de ti-,pj/autônomo,0,1,0,0
,ensino superior completo,avançado,analista,ensino superior completo,básico,"ti - banco de dados, ti - desenvolvimento/design, ti - desenvolvimento/mobile, ti - desenvolvimento/programação, ti - processos e negócios, ti - projetos, ti - qualidade/testes, ti - sap, ti - sistemas e ferramentas, ti - ux",ti - projetos-,clt full,0,1,0,0
,,,sênior,ensino médio completo,fluente,,administrativa-,hunting,0,0,0,0
,,,sênior,ensino superior completo,avançado,,ti - projetos-,pj/autônomo,0,0,0,0
,,,júnior,ensino superior cursando,intermediário,,ti - desenvolvimento/programação-,clt full,0,0,0,0
,,,analista,ensino superior completo,fluente,,ti - projetos-,"pj/autônomo, clt full",0,0,0,0
,,,sênior,ensino superior cursando,fluente,,ti - sap-,pj/autônomo,0,0,0,0
,,,analista,ensino superior completo,básico,,ti - projetos-,"clt full, pj/autônomo",0,0,0,0
,,,analista,ensino superior completo,básico,,ti - projetos-,pj/autônomo,0,0,0,0
,,,pleno,ensino médio completo,nenhum,,administrativa-,clt full,0,0,0,0
,pós graduação completo,intermediário,analista,ensino superior completo,básico,"financeira/controladoria, ti - infraestrutura, ti - processos e negócios, ti - projetos",ti - projetos-,"pj/autônomo, clt full",0,0,0,0
,ensino técnico completo,básico,sênior,ensino superior completo,nenhum,ti - projetos,gestão e alocação de recursos de ti-,clt full,0,0,0,0
,ensino superior completo,avançado,sênior,ensino superior completo,intermediário,ti - desenvolvimento/programação,ti - sistemas e ferramentas-,,0,1,0,0
,,,sênior,ensino médio completo,avançado,,ti - projetos-,pj/autônomo,0,0,0,0
,,,sênior,ensino superior completo,básico,,ti - projetos-,"clt full, pj/autônomo",0,0,0,0
,,,sênior,ensino médio completo,nenhum,,gestão e alocação de recursos de ti-,cooperado,0,0,0,0
,,,analista,ensino superior completo,intermediário,,ti - projetos-,"clt full, pj/autônomo",0,0,0,0
,,,sênior,ensino superior completo,básico,,ti - sap-,pj/autônomo,0,0,0,0
,,,especialista,ensino superior completo,avançado,,ti - sap-,pj/autônomo,0,0,0,0
,,,pleno,ensino superior completo,intermediário,,ti - desenvolvimento/programação-,,0,0,0,0
,,,pleno,ensino superior completo,fluente,,gestão e alocação de recursos de ti-ti - sistemas e ferramentas-,pj/autônomo,0,0,0,0
,ensino superior completo,fluente,sênior,ensino superior completo,avançado,ti - processos e negócios,ti - projetos-,pj/autônomo,0,1,0,0
,,,sênior,ensino superior completo,avançado,,ti - projetos-,pj/autônomo,0,0,0,0
,ensino superior cursando,avançado,analista,ensino superior completo,básico,ti - infraestrutura,ti - sistemas e ferramentas-,clt full,0,0,0,0
,ensino superior completo,básico,pleno,ensino técnico completo,nenhum,ti - sap,gestão e alocação de recursos de ti-,pj/autônomo,0,0,0,0
,ensino superior completo,básico,analista,ensino superior completo,básico,administrativa,recursos humanos-,clt full,0,1,1,0
,,,sênior,ensino médio completo,intermediário,,ti - projetos-,hunting,0,0,0,0
,,,pleno,ensino técnico completo,nenhum,,gestão e alocação de recursos de ti-,clt cotas,0,0,0,0
,,,analista,ensino superior completo,básico,,ti - sap-,"pj/autônomo, cooperado, clt cotas",0,0,0,0
,ensino superior completo,básico,analista,ensino superior completo,básico,ti - desenvolvimento/programação,ti - desenvolvimento/programação-,clt full,0,1,1,0
,ensino superior completo,intermediário,sênior,ensino superior completo,intermediário,ti - banco de dados,gestão e alocação de recursos de ti-,hunting,0,1,1,0
,pós graduação completo,intermediário,analista,pós graduação completo,básico,ti - sap,ti - sap-,"clt full, pj/autônomo",0,1,0,0
,ensino superior cursando,básico,júnior,ensino superior incompleto,nenhum,ti - desenvolvimento/programação,ti - desenvolvimento/programação-,hunting,0,0,0,0
,,,pleno,ensino superior completo,intermediário,,ti - projetos-,hunting,0,0,0,0
,,,analista,ensino superior completo,fluente,,ti - sap-,pj/autônomo,0,0,0,0
,,,sênior,ensino médio completo,avançado,,financeira/controladoria-,pj/autônomo,0,0,0,0
,,,analista,ensino superior completo,básico,,ti - desenvolvimento/programação-,clt full,0,0,0,0
,,,analista,ensino superior completo,básico,,ti - infraestrutura-,clt full,0,0,0,0
,ensino superior completo,avançado,sênior,ensino superior completo,intermediário,"ti - arquitetura, ti - banco de dados, ti - desenvolvimento/mobile, ti - desenvolvimento/programação, ti - projetos, ti - sistemas e ferramentas, ti - ux",ti - desenvolvimento/programação-,,0,1,0,0
,pós graduação completo,avançado,analista,ensino superior completo,básico,ti - desenvolvimento/programação,ti - sap-,pj/autônomo,0,0,0,0
,,,sênior,ensino superior completo,nenhum,,ti - sistemas e ferramentas-,clt full,0,0,0,0
,,,analista,ensino superior completo,básico,,ti - projetos-,"clt full, pj/autônomo",0,0,0,0
,ensino superior completo,avançado,júnior,ensino superior completo,intermediário,"ti - arquitetura, ti - banco de dados, ti - governança, ti - infraestrutura, ti - processos e negócios, ti - qualidade/testes, ti - sistemas e ferramentas, ti - suporte",ti - projetos-,clt full,0,1,0,0
,ensino superior completo,básico,sênior,ensino superior completo,intermediário,"ti - banco de dados, ti - desenvolvimento/programação, ti - sistemas e ferramentas",ti - sistemas e ferramentas-,clt cotas,0,1,0,0
,,,analista,ensino superior completo,avançado,,ti - projetos-,pj/autônomo,0,0,0,0
,,,sênior,ensino médio completo,nenhum,,ti - banco de dados-,cooperado,0,0,0,0
,,,sênior,ensino médio completo,técnico,,ti - sap-,pj/autônomo,0,0,0,0
,,,sênior,ensino superior completo,intermediário,,ti - sap-,clt full,0,0,0,0
,,,especialista,ensino superior completo,fluente,,administrativa-,clt full,0,0,0,0
,,,sênior,ensino superior completo,fluente,,gestão e alocação de recursos de ti-,pj/autônomo,0,0,0,0
,,,pleno,ensino superior completo,nenhum,,ti - projetos-,hunting,0,0,0,0
,pós graduação completo,básico,pleno,ensino superior completo,técnico,ti - sap,ti - sap-,pj/autônomo,0,0,0,0
,,,gerente,ensino superior completo,avançado,,ti - projetos-,"pj/autônomo, cooperado",0,0,0,0
,,,analista,ensino superior completo,básico,,ti - projetos-,"pj/autônomo, clt full",0,0,0,0
,pós graduação cursando,avançado,sênior,ensino superior completo,avançado,ti - sap,ti - projetos-,pj/autônomo,0,0,1,0
,ensino superior completo,intermediário,sênior,ensino superior completo,avançado,ti - sap,ti - sap-,pj/autônomo,0,1,0,0
,ensino superior cursando,fluente,pleno,ensino médio completo,nenhum,"relacionamento técnico, ti - arquitetura, ti - banco de dados, ti - desenvolvimento/programação, ti - infraestrutura, ti - projetos, ti - qualidade/testes, ti - sistemas e ferramentas",administrativa-,cooperado,0,0,0,0
,,,sênior,ensino superior cursando,nenhum,,ti - sap-,clt cotas,0,0,0,0
,,,sênior,ensino superior completo,fluente,,ti - sap-,hunting,0,0,0,0
,mestrado completo,fluente,analista,ensino superior completo,básico,,ti - sap-,"pj/autônomo, clt cotas",0,0,0,0
,,,sênior,ensino superior completo,avançado,,ti - projetos-,hunting,0,0,0,0
,,,sênior,ensino superior completo,básico,,ti - projetos-,pj/autônomo,0,0,0,0
,,,assistente,ensino médio completo,nenhum,,administrativa-recursos humanos-,clt full,0,0,0,0
,,,sênior,ensino superior completo,avançado,,ti - sap-,,0,0,0,0
,,,analista,ensino superior completo,básico,,ti - projetos-,pj/autônomo,0,0,0,0
,,,sênior,ensino médio completo,avançado,,gestão e alocação de recursos de ti-,pj/autônomo,0,0,0,0
,,fluente,analista,ensino superior completo,fluente,,ti - projetos-,hunting,0,0,1,0
,,,sênior,ensino superior completo,nenhum,,ti - sap-,pj/autônomo,0,0,0,0
,,,sênior,ensino médio completo,nenhum,,financeira/controladoria-,pj/autônomo,0,0,0,0
,,,sênior,ensino médio completo,nenhum,,administrativa-,cooperado,0,0,0,0
,,,sênior,ensino médio completo,fluente,,administrativa-,hunting,0,0,0,0
,,,sênior,ensino superior completo,avançado,,ti - sap-,pj/autônomo,0,0,0,0
,ensino superior cursando,intermediário,analista,ensino superior completo,básico,ti - suporte,ti - projetos-,pj/autônomo,0,0,0,0
,,,pleno,ensino técnico completo,nenhum,,gestão e alocação de recursos de ti-,pj/autônomo,0,0,0,0
,,,sênior,ensino superior completo,técnico,,gestão e alocação de recursos de ti-,cooperado,0,0,0,0
,ensino superior completo,básico,analista,ensino superior completo,básico,ti - sap,ti - sap-,pj/autônomo,0,1,1,0
,,,analista,ensino superior completo,básico,,ti - projetos-,"clt full, pj/autônomo",0,0,0,0
,,,sênior,ensino superior completo,avançado,,ti - projetos-,pj/autônomo,0,0,0,0
,,,pleno,ensino técnico completo,nenhum,,gestão e alocação de recursos de ti-,pj/autônomo,0,0,0,0
,,,analista,ensino superior completo,básico,,ti - projetos-,"pj/autônomo, clt full",0,0,0,0
,pós graduação completo,fluente,pleno,ensino médio completo,avançado,recursos humanos,gestão e alocação de recursos de ti-,pj/autônomo,0,0,0,0
,,,pleno,ensino superior completo,intermediário,,ti - projetos-,clt full,0,0,0,0
,pós graduação completo,,sênior,ensino superior completo,fluente,,ti - projetos-,"clt full, pj/autônomo",0,0,0,0
,,,analista,ensino superior completo,básico,,ti - projetos-,"clt full, pj/autônomo",0,0,0,0
,pós graduação completo,fluente,sênior,ensino médio completo,avançado,ti - sap,ti - projetos-ti - sap-,pj/autônomo,0,0,0,0
,,,sênior,ensino superior completo,nenhum,,gestão e alocação de recursos de ti-ti - sap-,pj/autônomo,0,0,0,0
especialista,ensino superior completo,básico,sênior,ensino técnico completo,avançado,,administrativa-,pj/autônomo,0,0,0,0
,,,sênior,ensino médio completo,nenhum,,administrativa-,cooperado,0,0,0,0
,pós graduação completo,intermediário,gerente,ensino superior completo,básico,"ti - arquitetura, ti - governança, ti - infraestrutura, ti - processos e negócios, ti - qualidade/testes, ti - sistemas e ferramentas, ti - suporte",ti - projetos-,hunting,0,0,0,0
,,,júnior,ensino superior cursando,nenhum,,ti - desenvolvimento/programação-,clt cotas,0,0,0,0
,ensino superior completo,avançado,sênior,ensino superior completo,nenhum,ti - infraestrutura,ti - desenvolvimento/programação-,clt full,0,1,0,0
,pós graduação completo,avançado,analista,ensino superior completo,básico,administrativa,ti - projetos-,"clt full, pj/autônomo",0,0,0,0
,,,analista,ensino superior completo,básico,,ti - projetos-,clt full,0,0,0,0
,ensino superior cursando,intermediário,sênior,ensino médio completo,avançado,ti - sistemas e ferramentas,ti - projetos-,pj/autônomo,0,0,0,0
,,,analista,ensino superior completo,básico,,ti - projetos-,"clt full, pj/autônomo",0,0,0,0
,,,sênior,ensino médio completo,nenhum,,gestão e alocação de recursos de ti-,cooperado,0,0,0,0
,ensino superior incompleto,nenhum,pleno,ensino médio completo,nenhum,ti - suporte,ti - suporte-,cooperado,0,0,1,0
,pós graduação completo,intermediário,sênior,ensino médio completo,fluente,"ti - desenvolvimento/programação, ti - sistemas e ferramentas",ti - projetos-,hunting,0,0,0,0
,,,sênior,ensino médio completo,nenhum,,financeira/controladoria-,pj/autônomo,0,0,0,0
,,,sênior,ensino superior completo,intermediário,,ti - sistemas e ferramentas-,pj/autônomo,0,0,0,0
,ensino superior cursando,intermediário,sênior,ensino técnico completo,básico,,ti - sap-,pj/autônomo,0,0,0,0
,,,analista,ensino superior completo,avançado,,ti - projetos-,hunting,0,0,0,0
,,,pleno,ensino superior completo,básico,,ti - projetos-,"pj/autônomo, cooperado",0,0,0,0
,ensino fundamental cursando,avançado,analista,ensino superior completo,básico,ti - desenvolvimento/programação,ti - desenvolvimento/programação-,clt full,0,0,0,0
,,,analista,ensino superior incompleto,técnico,,ti - suporte-,clt full,0,0,0,0
,,,pleno,ensino técnico completo,nenhum,,gestão e alocação de recursos de ti-,pj/autônomo,0,0,0,0
,,,sênior,ensino superior completo,fluente,,ti - projetos-,hunting,0,0,0,0
,,,especialista,ensino superior cursando,intermediário,,ti - sistemas e ferramentas-,,0,0,0,0
,,,sênior,ensino superior completo,fluente,,gestão e alocação de recursos de ti-ti - sap-,pj/autônomo,0,0,0,0
,,,analista,ensino superior completo,avançado,,ti - sap-,pj/autônomo,0,0,0,0
,,,pleno,ensino superior completo,intermediário,,relacionamento técnico-,,0,0,0,0
,ensino superior completo,intermediário,analista,ensino superior completo,básico,ti - sistemas e ferramentas,ti - projetos-,clt cotas,0,1,0,0
,mestrado incompleto,intermediário,sênior,ensino superior completo,fluente,ti - sap,ti - sap-,pj/autônomo,0,0,0,0
,ensino superior cursando,intermediário,pleno,ensino superior completo,intermediário,ti - desenvolvimento/programação,ti - desenvolvimento/programação-,,0,0,1,0
,,,sênior,ensino superior completo,intermediário,,ti - desenvolvimento/programação-,,0,0,0,0
,ensino superior cursando,avançado,líder,ensino superior completo,básico,ti - sap,ti - sap-,"clt full, pj/autônomo",0,0,0,0
,pós graduação completo,básico,sênior,ensino superior completo,básico,ti - processos e negócios,ti - projetos-,"clt full, pj/autônomo",0,0,1,0
,,,analista,ensino superior completo,avançado,,ti - sap-,pj/autônomo,0,0,0,0
,,,pleno,ensino superior completo,básico,,ti - sap-,"clt full, pj/autônomo",0,0,0,0
sênior,,,sênior,ensino superior completo,nenhum,,ti - projetos-,pj/autônomo,1,0,0,0
,,,sênior,ensino superior completo,básico,,ti - sap-,"clt full, pj/autônomo",0,0,0,0
,,,sênior,ensino médio completo,nenhum,,administrativa-,pj/autônomo,0,0,0,0
,,,sênior,ensino superior completo,básico,,ti - projetos-,pj/autônomo,0,0,0,0
,,,analista,ensino superior completo,básico,,ti - projetos-,"clt full, pj/autônomo",0,0,0,0
,ensino superior completo,avançado,pleno,ensino técnico completo,nenhum,ti - sap,gestão e alocação de recursos de ti-,pj/autônomo,0,0,0,0
,,,sênior,ensino superior completo,intermediário,,ti - sistemas e ferramentas-,hunting,0,0,0,0
,,,pleno,ensino superior completo,intermediário,,ti - sistemas e ferramentas-,,0,0,0,0
,pós graduação incompleto,fluente,sênior,ensino técnico completo,básico,ti - projetos,ti - sap-,pj/autônomo,0,0,0,0
,,,sênior,ensino superior completo,intermediário,,ti - sap-,,0,0,0,0
,,,sênior,ensino superior completo,avançado,,ti - projetos-,pj/autônomo,0,0,0,0
,,,sênior,ensino superior completo,intermediário,,ti - desenvolvimento/design-,pj/autônomo,0,0,0,0
,,,sênior,ensino médio completo,nenhum,,gestão e alocação de recursos de ti-,cooperado,0,0,0,0
,,,analista,ensino superior completo,intermediário,,recursos humanos-,clt cotas,0,0,0,0
,,,analista,ensino superior completo,básico,,ti - projetos-,"pj/autônomo, clt full",0,0,0,0
,,,pleno,ensino técnico completo,nenhum,,gestão e alocação de recursos de ti-,pj/autônomo,0,0,0,0
,,,sênior,ensino superior completo,avançado,,recursos humanos-,clt full,0,0,0,0
,,,analista,ensino superior completo,básico,,ti - projetos-,"pj/autônomo, clt full",0,0,0,0
,,,sênior,ensino superior completo,avançado,,ti - sap-,pj/autônomo,0,0,0,0
,,,júnior,ensino superior completo,básico,,ti - sap-,pj/autônomo,0,0,0,0
,,,sênior,ensino superior completo,fluente,,ti - projetos-,hunting,0,0,0,0
,,,sênior,ensino superior completo,básico,,ti - sap-,hunting,0,0,0,0
,,,pleno,ensino superior completo,nenhum,,ti - sap-,pj/autônomo,0,0,0,0
,,,sênior,ensino superior completo,avançado,,ti - sap-,pj/autônomo,0,0,0,0
,,,analista,ensino superior completo,básico,,ti - desenvolvimento/programação-,clt full,0,0,0,0
,ensino superior completo,básico,analista,ensino superior completo,básico,financeira/controladoria,ti - projetos-,"pj/autônomo, clt full",0,1,1,0
,,,analista,ensino superior completo,avançado,,ti - sap-,pj/autônomo,0,0,0,0
,ensino técnico completo,nenhum,analista,ensino técnico completo,básico,administrativa,ti - projetos-,"pj/autônomo, clt full",0,1,0,0
,,,sênior,ensino superior completo,básico,,ti - sap-,"pj/autônomo, clt full",0,0,0,0
,,,pleno,ensino médio completo,nenhum,,gestão e alocação de recursos de ti-,cooperado,0,0,0,0
,,,analista,ensino superior completo,básico,,ti - sap-,"pj/autônomo, clt full",0,0,0,0
,pós graduação completo,intermediário,pleno,ensino técnico completo,nenhum,ti - sap,gestão e alocação de recursos de ti-,pj/autônomo,0,0,0,0
,ensino médio cursando,básico,pleno,ensino médio completo,nenhum,comercial,administrativa-,clt full,0,0,0,0
,,,analista,ensino superior completo,básico,,ti - projetos-,"clt full, pj/autônomo",0,0,0,0
,,,analista,ensino superior completo,básico,,ti - suporte-,"clt full, pj/autônomo",0,0,0,0
,,,pleno,ensino superior completo,fluente,,ti - projetos-,clt full,0,0,0,0
,,,pleno,ensino técnico completo,nenhum,,gestão e alocação de recursos de ti-,pj/autônomo,0,0,0,0
,,,analista,ensino superior completo,básico,,ti - projetos-,clt full,0,0,0,0
,,,sênior,ensino médio completo,nenhum,,gestão e alocação de recursos de ti-,pj/autônomo,0,0,0,0
,ensino superior completo,fluente,sênior,ensino médio completo,avançado,ti - processos e negócios,gestão e alocação de recursos de ti-,pj/autônomo,0,0,0,0
,ensino superior completo,básico,analista,ensino superior cursando,nenhum,ti - sap,ti - sap-,clt cotas,0,0,0,0
,,,analista,ensino superior completo,básico,,ti - projetos-,"clt full, pj/autônomo",0,0,0,0
,,,sênior,ensino superior completo,avançado,,ti - sap-,hunting,0,0,0,0
,,,sênior,ensino superior completo,nenhum,,ti - desenvolvimento/programação-,pj/autônomo,0,0,0,0
,,,analista,ensino superior completo,básico,,ti - sap-,clt cotas,0,0,0,0
,,,sênior,ensino superior completo,nenhum,,ti - desenvolvimento/programação-,,0,0,0,0
,ensino superior completo,intermediário,analista,ensino superior completo,básico,"ti - desenvolvimento/programação, ti - sap",ti - sap-,"clt full, pj/autônomo",0,1,0,0
,,,especialista,ensino superior completo,básico,,ti - banco de dados-,clt cotas,0,0,0,0
,,,analista,ensino superior completo,básico,,ti - sap-,pj/autônomo,0,0,0,0
,,,analista,ensino superior completo,fluente,,ti - telecom-,clt full,0,0,0,0
,,,analista,ensino superior completo,básico,,ti - projetos-,"clt full, pj/autônomo",0,0,0,0
,ensino fundamental completo,intermediário,sênior,ensino superior completo,fluente,ti - desenvolvimento/programação,ti - projetos-,pj/autônomo,0,0,0,0
,ensino superior completo,básico,júnior,ensino superior completo,básico,ti - sap,ti - sap-,hunting,0,1,1,0
,,,analista,ensino superior completo,básico,,ti - projetos-,hunting,0,0,0,0
,,,sênior,ensino superior completo,intermediário,,ti - projetos-,clt full,0,0,0,0
,ensino superior completo,básico,analista,ensino superior completo,básico,ti - suporte,ti - projetos-,"pj/autônomo, clt full",0,1,1,0
,,,analista,ensino superior completo,básico,,ti - projetos-,pj/autônomo,0,0,0,0
,,,sênior,ensino superior completo,nenhum,,ti - desenvolvimento/programação-,,0,0,0,0
,,,pleno,ensino técnico completo,nenhum,,gestão e alocação de recursos de ti-,clt cotas,0,0,0,0
,pós graduação completo,fluente,sênior,ensino superior completo,avançado,"ti - arquitetura, ti - banco de dados, ti - desenvolvimento/design, ti - desenvolvimento/mobile, ti - desenvolvimento/programação, ti - governança, ti - infraestrutura, ti - processos e negócios, ti - projetos, ti - qualidade/testes, ti - sap, ti - sistemas e ferramentas, ti - suporte, ti - telecom, ti - ux",ti - sap-,pj/autônomo,0,0,0,0
,,,analista,ensino superior completo,básico,,ti - projetos-,"pj/autônomo, cooperado",0,0,0,0
pleno,,,analista,ensino superior completo,intermediário,,ti - projetos-,"clt full, pj/autônomo",0,0,0,0
,,,sênior,ensino superior completo,nenhum,,ti - processos e negócios-,pj/autônomo,0,0,0,0
,,,sênior,ensino superior completo,nenhum,,ti - projetos-,pj/autônomo,0,0,0,0
,pós graduação cursando,intermediário,pleno,ensino superior completo,avançado,ti - desenvolvimento/programação,gestão e alocação de recursos de ti-,pj/autônomo,0,0,0,0
,,,analista,pós graduação completo,básico,,ti - projetos-,clt full,0,0,0,0
,,,analista,ensino superior completo,básico,,ti - projetos-,"cooperado, pj/autônomo",0,0,0,0
,,,sênior,ensino superior completo,avançado,,ti - projetos-,pj/autônomo,0,0,0,0
,,,analista,ensino superior completo,básico,,ti - projetos-,"pj/autônomo, clt full",0,0,0,0
,,,sênior,ensino superior completo,avançado,,ti - sap-,"pj/autônomo, clt full",0,0,0,0
,pós graduação completo,avançado,sênior,ensino médio completo,nenhum,"ti - arquitetura, ti - banco de dados, ti - governança, ti - processos e negócios, ti - projetos, ti - segurança da informação",financeira/controladoria-,hunting,0,0,0,0
,pós graduação completo,avançado,sênior,ensino superior completo,fluente,,ti - sap-,"pj/autônomo, clt full",0,0,0,0
,,,pleno,ensino superior completo,fluente,,ti - projetos-,pj/autônomo,0,0,0,0
,,,pleno,ensino superior completo,avançado,,ti - projetos-,pj/autônomo,0,0,0,0
,,,pleno,ensino superior completo,avançado,,ti - projetos-,hunting,0,0,0,0
,,,pleno,ensino superior completo,nenhum,,ti - desenvolvimento/programação-,clt full,0,0,0,0
,ensino superior cursando,básico,sênior,ensino médio completo,nenhum,ti - qualidade/testes,gestão e alocação de recursos de ti-,cooperado,0,0,0,0
,,,júnior,ensino superior completo,intermediário,,ti - sap-,pj/autônomo,0,0,0,0
,,,analista,ensino superior completo,básico,,ti - projetos-,cooperado,0,0,0,0
,,,sênior,ensino médio completo,avançado,,ti - sap-,pj/autônomo,0,0,0,0
,,,pleno,ensino técnico completo,nenhum,,gestão e alocação de recursos de ti-,pj/autônomo,0,0,0,0
,,,pleno,ensino superior completo,básico,,ti - projetos-,"pj/autônomo, clt full",0,0,0,0
,pós graduação completo,intermediário,sênior,ensino superior completo,avançado,ti - desenvolvimento/programação,ti - sistemas e ferramentas-,,0,0,0,0
,,,sênior,ensino superior completo,fluente,,gestão e alocação de recursos de ti-,pj/autônomo,0,0,0,0
,pós graduação completo,,analista,ensino superior completo,básico,,ti - projetos-,"clt full, pj/autônomo",0,0,0,0
,,,sênior,ensino superior completo,intermediário,,ti - infraestrutura-,,0,0,0,0
,,,pleno,ensino médio completo,fluente,,ti - projetos-,pj/autônomo,0,0,0,0
,,,analista,ensino superior completo,básico,,ti - desenvolvimento/programação-,"pj/autônomo, clt full",0,0,0,0
,,,analista,ensino superior completo,básico,,ti - projetos-,"clt full, pj/autônomo",0,0,0,0
,,,sênior,ensino superior completo,avançado,,ti - projetos-,pj/autônomo,0,0,0,0
,,,sênior,ensino médio completo,avançado,,gestão e alocação de recursos de ti-,pj/autônomo,0,0,0,0
,,,pleno,ensino superior completo,técnico,,ti - desenvolvimento/programação-,hunting,0,0,0,0
,,,pleno,ensino técnico completo,nenhum,,gestão e alocação de recursos de ti-,pj/autônomo,0,0,0,0
,,,sênior,ensino superior completo,básico,,ti - projetos-,hunting,0,0,0,0
,,,júnior,ensino superior cursando,fluente,,ti - suporte-,,0,0,0,0
,,,sênior,ensino médio completo,fluente,,administrativa-,hunting,0,0,0,0
,pós graduação incompleto,intermediário,pleno,ensino médio completo,avançado,ti - desenvolvimento/design,gestão e alocação de recursos de ti-,pj/autônomo,0,0,0,0
,,,sênior,ensino superior completo,intermediário,,ti - sistemas e ferramentas-,,0,0,0,0
,,,pleno,ensino superior completo,avançado,,ti - projetos-,pj/autônomo,0,0,0,0
,,,sênior,ensino superior completo,intermediário,,ti - desenvolvimento/programação-,,0,0,0,0
,pós graduação completo,intermediário,analista,ensino superior completo,básico,"ti - governança, ti - processos e negócios, ti - projetos, ti - sistemas e ferramentas",ti - projetos-,"clt full, pj/autônomo",0,0,0,0
,,,analista,ensino superior completo,básico,,ti - suporte-,"pj/autônomo, clt full",0,0,0,0
,ensino superior completo,intermediário,sênior,ensino superior completo,básico,ti - desenvolvimento/design,ti - projetos-,hunting,0,1,0,0
,,,analista,ensino superior completo,básico,,recursos humanos-,clt full,0,0,0,0
,,,sênior,ensino superior completo,avançado,,ti - sap-,pj/autônomo,0,0,0,0
,,,analista,ensino superior completo,básico,,ti - projetos-,"clt full, pj/autônomo",0,0,0,0
,ensino superior completo,intermediário,analista,ensino superior completo,básico,ti - suporte,ti - projetos-,pj/autônomo,0,1,0,0
,,,pleno,ensino médio incompleto,nenhum,,comercial-,cooperado,0,0,0,0
,,,pleno,ensino superior completo,nenhum,,ti - desenvolvimento/programação-,pj/autônomo,0,0,0,0
,pós graduação completo,básico,analista,ensino superior completo,básico,recursos humanos,ti - projetos-,"clt full, pj/autônomo",0,0,1,0
,,,sênior,ensino médio completo,técnico,,gestão e alocação de recursos de ti-,pj/autônomo,0,0,0,0
,,,sênior,ensino superior completo,básico,,ti - sap-,"clt full, pj/autônomo",0,0,0,0
,,,sênior,ensino superior completo,avançado,,ti - projetos-,pj/autônomo,0,0,0,0
,,,sênior,ensino médio completo,nenhum,,ti - projetos-,cooperado,0,0,0,0
,,,analista,ensino superior completo,básico,,ti - projetos-,"pj/autônomo, clt full",0,0,0,0
,,,pleno,ensino médio completo,nenhum,,ti - sap-,pj/autônomo,0,0,0,0
,,,pleno,ensino superior completo,avançado,,ti - projetos-,pj/autônomo,0,0,0,0
,,,pleno,ensino médio completo,nenhum,,administrativa-,clt full,0,0,0,0
,,,analista,ensino superior completo,avançado,,ti - projetos-,"clt full, pj/autônomo",0,0,0,0
,,,pleno,ensino técnico completo,nenhum,,gestão e alocação de recursos de ti-,hunting,0,0,0,0
,,,sênior,ensino médio completo,fluente,,ti - projetos-,pj/autônomo,0,0,0,0
,ensino superior completo,fluente,analista,ensino superior completo,avançado,ti - desenvolvimento/programação,ti - projetos-,"pj/autônomo, clt full",0,1,0,0
,,,pleno,ensino técnico completo,nenhum,,gestão e alocação de recursos de ti-ti - desenvolvimento/programação-,pj/autônomo,0,0,0,0
,,,sênior,ensino superior completo,intermediário,,ti - desenvolvimento/programação-,,0,0,0,0
,,,pleno,ensino superior completo,intermediário,,ti - projetos-,hunting,0,0,0,0
,,,sênior,ensino superior completo,básico,,ti - sap-,pj/autônomo,0,0,0,0
,,,sênior,ensino superior completo,nenhum,,ti - projetos-,pj/autônomo,0,0,0,0
,,,analista,ensino superior completo,básico,,ti - sap-,"pj/autônomo, cooperado, clt cotas",0,0,0,0
,,,analista,ensino superior completo,básico,,ti - projetos-,"clt full, pj/autônomo",0,0,0,0
,,,assistente,ensino superior incompleto,básico,,administrativa-,clt full,0,0,0,0
,,,analista,ensino superior completo,intermediário,,ti - projetos-,"clt full, pj/autônomo",0,0,0,0
,,,analista,ensino superior completo,básico,,administrativa-,clt full,0,0,0,0
,pós graduação completo,avançado,sênior,ensino superior completo,intermediário,"ti - arquitetura, ti - desenvolvimento/programação, ti - processos e negócios, ti - projetos",ti - desenvolvimento/programação-,,0,0,0,0
,ensino superior completo,básico,analista,ensino superior completo,básico,financeira/controladoria,ti - projetos-,"pj/autônomo, clt full",0,1,1,0
,,,sênior,ensino superior completo,avançado,,ti - projetos-,hunting,0,0,0,0
,,,sênior,ensino superior completo,nenhum,,ti - desenvolvimento/programação-,pj/autônomo,0,0,0,0
,,,gerente,ensino superior completo,avançado,,ti - infraestrutura-ti - projetos-,pj/autônomo,0,0,0,0
,,,analista,ensino superior completo,avançado,,ti - sistemas e ferramentas-,clt full,0,0,0,0
,,,sênior,ensino superior completo,básico,,ti - sap-,pj/autônomo,0,0,0,0
,,,especialista,ensino superior completo,básico,,ti - sap-,"clt full, pj/autônomo",0,0,0,0
,,,sênior,ensino médio completo,técnico,,gestão e alocação de recursos de ti-,pj/autônomo,0,0,0,0
,pós graduação cursando,intermediário,analista,ensino superior completo,básico,"ti - desenvolvimento/design, ti - desenvolvimento/mobile",ti - desenvolvimento/mobile-,clt full,0,0,0,0
,,,analista,ensino superior completo,básico,,ti - sap-,hunting,0,0,0,0
,ensino superior completo,,analista,ensino superior completo,básico,,ti - projetos-,"clt full, pj/autônomo",0,1,0,0
,,,analista,ensino superior completo,avançado,,ti - sap-,"clt full, pj/autônomo",0,0,0,0
,,,sênior,ensino superior completo,nenhum,,ti - projetos-,pj/autônomo,0,0,0,0
,ensino superior completo,intermediário,pleno,ensino técnico completo,nenhum,ti - desenvolvimento/programação,gestão e alocação de recursos de ti-ti - desenvolvimento/programação-,pj/autônomo,0,0,0,0
,ensino superior completo,básico,analista,ensino superior completo,básico,"administrativa, comercial, novos negócios e parcerias, ti - sap",ti - projetos-,"clt full, pj/autônomo",0,1,1,0
,,,júnior,ensino médio completo,nenhum,,administrativa-,clt full,0,0,0,0
,,,sênior,ensino superior completo,básico,,ti - sap-,hunting,0,0,0,0
,,,sênior,ensino médio completo,nenhum,,financeira/controladoria-,hunting,0,0,0,0
,,,analista,ensino superior completo,nenhum,,ti - infraestrutura-,cooperado,0,0,0,0
,,,analista,ensino superior completo,fluente,,ti - projetos-,pj/autônomo,0,0,0,0
,,,sênior,ensino superior completo,básico,,ti - projetos-,hunting,0,0,0,0
,,,sênior,ensino superior completo,fluente,,ti - desenvolvimento/programação-,hunting,0,0,0,0
,,,sênior,ensino superior completo,avançado,,ti - sap-,pj/autônomo,0,0,0,0
,,,sênior,ensino superior completo,fluente,,ti - sap-,pj/autônomo,0,0,0,0
,ensino superior completo,fluente,analista,ensino superior completo,básico,ti - desenvolvimento/programação,ti - projetos-,"pj/autônomo, clt full",0,1,0,0
,,,analista,pós graduação completo,básico,,ti - sap-,"clt full, cooperado, pj/autônomo",0,0,0,0
,,,sênior,ensino superior cursando,básico,,ti - desenvolvimento/programação-,"clt full, pj/autônomo",0,0,0,0
,,,pleno,ensino superior incompleto,intermediário,,ti - infraestrutura-,pj/autônomo,0,0,0,0
,,,júnior,ensino médio completo,nenhum,,administrativa-,clt full,0,0,0,0
,,,analista,ensino superior completo,básico,,ti - projetos-,pj/autônomo,0,0,0,0
,,,analista,ensino superior completo,básico,,ti - sap-,pj/autônomo,0,0,0,0
,,,sênior,pós graduação completo,nenhum,,gestão e alocação de recursos de ti-ti - sap-,pj/autônomo,0,0,0,0
,,,analista,ensino superior completo,básico,,ti - desenvolvimento/programação-,"pj/autônomo, clt full",0,0,0,0
,ensino superior completo,intermediário,analista,ensino superior completo,básico,ti - sap,ti - sap-,"clt full, pj/autônomo",0,1,0,0
,pós graduação completo,básico,sênior,ensino médio completo,nenhum,,ti - projetos-,cooperado,0,0,0,0
,ensino técnico cursando,intermediário,analista,ensino superior completo,básico,"ti - qualidade/testes, ti - suporte, ti - telecom",ti - suporte-,"clt full, pj/autônomo",0,0,0,0
,,,analista,ensino superior completo,básico,,ti - projetos-,clt full,0,0,0,0
,,,pleno,ensino médio completo,nenhum,,financeira/controladoria-,cooperado,0,0,0,0
,,,pleno,ensino técnico completo,nenhum,,gestão e alocação de recursos de ti-,pj/autônomo,0,0,0,0
,,,sênior,ensino superior completo,fluente,,ti - sistemas e ferramentas-,pj/autônomo,0,0,0,0
,ensino superior completo,intermediário,pleno,ensino superior incompleto,intermediário,ti - desenvolvimento/programação,ti - desenvolvimento/design-,,0,0,1,0
,,,analista,ensino superior completo,básico,,ti - projetos-,"pj/autônomo, clt full",0,0,0,0
,,,pleno,ensino técnico completo,intermediário,,gestão e alocação de recursos de ti-,pj/autônomo,0,0,0,0
,pós graduação completo,avançado,sênior,ensino superior completo,fluente,ti - sap,ti - sap-,clt full,0,0,0,0
,,,sênior,ensino superior completo,intermediário,,ti - desenvolvimento/programação-,,0,0,0,0
,,,sênior,ensino superior completo,fluente,,ti - sap-,hunting,0,0,0,0
,,,sênior,ensino médio completo,nenhum,,administrativa-,clt full,0,0,0,0
,pós graduação completo,avançado,gerente,ensino superior completo,intermediário,ti - projetos,ti - projetos-,clt full,0,0,0,0
,ensino superior cursando,nenhum,assistente,ensino médio completo,nenhum,administrativa,ti - projetos-,clt full,0,0,1,0
,,,pleno,ensino médio completo,nenhum,,gestão e alocação de recursos de ti-,cooperado,0,0,0,0
,,,analista,ensino superior completo,básico,,ti - sap-,"pj/autônomo, cooperado, clt cotas",0,0,0,0
,ensino superior cursando,avançado,pleno,ensino superior completo,nenhum,ti - desenvolvimento/programação,ti - sistemas e ferramentas-,clt full,0,0,0,0
,,,analista,ensino superior completo,intermediário,,ti - projetos-,"clt full, pj/autônomo",0,0,0,0
,,,analista,ensino superior completo,básico,,ti - sap-,pj/autônomo,0,0,0,0
,,,analista,ensino superior completo,básico,,ti - projetos-,"pj/autônomo, clt full",0,0,0,0
,ensino superior completo,avançado,sênior,ensino superior completo,avançado,marketing,marketing-,"clt full, clt cotas, pj/autônomo",0,1,1,0
,ensino superior completo,avançado,analista,ensino superior completo,básico,ti - processos e negócios,ti - sap-,"clt full, pj/autônomo",0,1,0,0
,,,analista,ensino superior completo,básico,,ti - sap-,clt full,0,0,0,0
,ensino superior completo,avançado,analista,ensino superior completo,básico,"ti - arquitetura, ti - infraestrutura, ti - suporte",ti - projetos-,"pj/autônomo, clt full",0,1,0,0
,,,pleno,ensino superior completo,básico,,ti - sap-,pj/autônomo,0,0,0,0
,,,auxiliar,ensino médio completo,nenhum,,administrativa-,cooperado,0,0,0,0
,,,sênior,ensino superior completo,fluente,,gestão e alocação de recursos de ti-ti - sap-,pj/autônomo,0,0,0,0
,ensino superior completo,intermediário,analista,ensino superior completo,básico,ti - sistemas e ferramentas,ti - desenvolvimento/programação-,clt full,0,1,0,0
,,,sênior,ensino superior completo,avançado,,ti - desenvolvimento/programação-,clt full,0,0,0,0
,pós graduação completo,intermediário,sênior,ensino superior completo,intermediário,administrativa,ti - projetos-,"clt full, pj/autônomo",0,0,1,0
,,,sênior,ensino superior completo,intermediário,,ti - sap-,clt full,0,0,0,0
,,,sênior,ensino superior completo,básico,,ti - sap-,hunting,0,0,0,0
,,,sênior,ensino superior completo,intermediário,,ti - sistemas e ferramentas-,,0,0,0,0
,,,gerente,ensino superior completo,intermediário,,ti - sap-,"clt cotas, cooperado, estagiário, pj/autônomo",0,0,0,0
,,,assistente,ensino superior incompleto,nenhum,,administrativa-,clt full,0,0,0,0
,,,analista,ensino superior completo,nenhum,,ti - desenvolvimento/programação-,clt full,0,0,0,0
,,,sênior,ensino médio completo,nenhum,,gestão e alocação de recursos de ti-,cooperado,0,0,0,0
,pós graduação completo,intermediário,sênior,ensino superior completo,avançado,ti - desenvolvimento/programação,ti - desenvolvimento/programação-,clt full,0,0,0,0
,,,analista,ensino superior completo,básico,,ti - projetos-,"clt full, pj/autônomo",0,0,0,0
,,,sênior,ensino superior incompleto,avançado,,ti - sap-,pj/autônomo,0,0,0,0
,,,analista,ensino superior completo,básico,,ti - projetos-,"pj/autônomo, clt full",0,0,0,0
,,,sênior,ensino técnico completo,nenhum,,ti - projetos-,pj/autônomo,0,0,0,0
,,,sênior,ensino superior completo,intermediário,,ti - sap-,,0,0,0,0
,,,júnior,ensino médio completo,nenhum,,administrativa-,clt full,0,0,0,0
,ensino superior incompleto,básico,pleno,ensino superior cursando,intermediário,ti - desenvolvimento/programação,ti - desenvolvimento/programação-,hunting,0,0,0,0
,ensino superior completo,básico,analista,ensino superior completo,básico,ti - desenvolvimento/programação,ti - sap-,"cooperado, pj/autônomo",0,1,1,0
,,,sênior,ensino médio completo,nenhum,,gestão e alocação de recursos de ti-,pj/autônomo,0,0,0,0
,,,pleno,ensino técnico completo,nenhum,,gestão e alocação de recursos de ti-,pj/autônomo,0,0,0,0
,,,sênior,ensino médio completo,avançado,,ti - projetos-,pj/autônomo,0,0,0,0
,,,analista,ensino superior completo,básico,,ti - projetos-,clt cotas,0,0,0,0
,,,pleno,ensino superior completo,nenhum,,gestão e alocação de recursos de ti-,hunting,0,0,0,0
,ensino superior completo,intermediário,analista,ensino superior completo,básico,ti - processos e negócios,ti - projetos-,,0,1,0,0
,,,especialista,ensino superior completo,básico,,ti - sap-,pj/autônomo,0,0,0,0
,,,sênior,ensino médio completo,avançado,,financeira/controladoria-,pj/autônomo,0,0,0,0
,,,júnior,ensino médio completo,nenhum,,administrativa-,clt full,0,0,0,0
,,,sênior,ensino médio completo,nenhum,,financeira/controladoria-,hunting,0,0,0,0
,,,sênior,ensino superior completo,avançado,,ti - sap-,hunting,0,0,0,0
,,,analista,ensino superior completo,fluente,,ti - sap-,pj/autônomo,0,0,0,0
,pós graduação incompleto,fluente,pleno,ensino técnico completo,nenhum,ti - sap,gestão e alocação de recursos de ti-,pj/autônomo,0,0,0,0
,,,analista,ensino superior cursando,básico,,ti - suporte-,clt full,0,0,0,0
,mestrado completo,fluente,sênior,ensino superior completo,fluente,ti - sap,ti - sap-,pj/autônomo,0,0,1,0
,,,analista,ensino superior completo,avançado,,ti - projetos-,"pj/autônomo, cooperado",0,0,0,0
,,,sênior,ensino superior incompleto,intermediário,,ti - sap-,pj/autônomo,0,0,0,0
,,,pleno,ensino técnico completo,nenhum,,gestão e alocação de recursos de ti-,pj/autônomo,0,0,0,0
,,,sênior,ensino superior completo,básico,,ti - projetos-,hunting,0,0,0,0
,,,sênior,ensino superior completo,fluente,,ti - sap-,"pj/autônomo, clt full",0,0,0,0
,,,sênior,ensino superior completo,nenhum,,ti - sap-,pj/autônomo,0,0,0,0
,,,sênior,ensino superior completo,nenhum,,gestão e alocação de recursos de ti-ti - sap-,pj/autônomo,0,0,0,0
,,,pleno,ensino superior completo,fluente,,ti - projetos-,clt cotas,0,0,0,0
,,,analista,ensino superior completo,básico,,ti - sap-,"clt cotas, pj/autônomo",0,0,0,0
,,,pleno,ensino superior completo,nenhum,,gestão e alocação de recursos de ti-ti - infraestrutura-,hunting,0,0,0,0
,,,pleno,ensino técnico completo,nenhum,,gestão e alocação de recursos de ti-,pj/autônomo,0,0,0,0
,,,analista,ensino superior completo,básico,,ti - projetos-,hunting,0,0,0,0
,ensino superior completo,intermediário,sênior,ensino superior completo,avançado,ti - desenvolvimento/programação,ti - desenvolvimento/programação-,clt full,0,1,0,0
,ensino superior completo,,analista,ensino superior completo,básico,,ti - sap-,"pj/autônomo, clt full",0,1,0,0
,ensino superior completo,intermediário,pleno,ensino superior completo,intermediário,ti - suporte,ti - suporte-,pj/autônomo,0,1,1,0
,,,pleno,ensino superior completo,intermediário,,gestão e alocação de recursos de ti-,pj/autônomo,0,0,0,0
,ensino superior cursando,básico,sênior,ensino médio completo,avançado,ti - desenvolvimento/programação,ti - projetos-,pj/autônomo,0,0,0,0
,,,analista,ensino superior completo,básico,,ti - sap-,"clt cotas, cooperado, estagiário, pj/autônomo",0,0,0,0
,,,sênior,ensino superior completo,avançado,,ti - projetos-,pj/autônomo,0,0,0,0
,pós graduação completo,avançado,analista,ensino superior completo,avançado,ti - desenvolvimento/programação,ti - projetos-,"pj/autônomo, clt full",0,0,1,0
,,,pleno,ensino técnico completo,nenhum,,gestão e alocação de recursos de ti-,hunting,0,0,0,0
,,,analista,ensino superior completo,básico,,ti - projetos-,"pj/autônomo, clt full",0,0,0,0
,,,assistente,ensino superior incompleto,básico,,administrativa-,clt full,0,0,0,0
,,,analista,ensino superior completo,fluente,,ti - sap-,pj/autônomo,0,0,0,0
,,,sênior,ensino superior cursando,avançado,,novos negócios e parcerias-,,0,0,0,0
sênior,,,analista,ensino superior completo,intermediário,,ti - sap-,clt full,0,0,0,0
,ensino superior completo,intermediário,analista,ensino superior completo,básico,"administrativa, comercial, financeira/controladoria",ti - projetos-,"clt full, pj/autônomo",0,1,0,0
,,,analista,ensino superior completo,básico,,ti - sap-,"clt full, pj/autônomo",0,0,0,0
,,,sênior,ensino médio completo,nenhum,,financeira/controladoria-,cooperado,0,0,0,0
,,,especialista,ensino superior incompleto,básico,,ti - projetos-,hunting,0,0,0,0
,,,analista,ensino superior completo,avançado,,ti - sap-,"pj/autônomo, clt full",0,0,0,0
,,,pleno,ensino técnico completo,nenhum,,gestão e alocação de recursos de ti-,pj/autônomo,0,0,0,0
,,,júnior,ensino médio completo,nenhum,,administrativa-,clt full,0,0,0,0
,,,analista,ensino superior completo,básico,,ti - projetos-,"clt full, pj/autônomo",0,0,0,0
,,,sênior,ensino superior completo,básico,,ti - projetos-,clt full,0,0,0,0
,,,pleno,ensino superior completo,nenhum,,ti - qualidade/testes-,clt full,0,0,0,0
,,,sênior,ensino superior completo,avançado,,administrativa-,cooperado,0,0,0,0
,,,pleno,ensino superior cursando,nenhum,,ti - sistemas e ferramentas-,"cooperado, pj/autônomo",0,0,0,0
,ensino superior completo,avançado,pleno,ensino técnico completo,nenhum,ti - sap,gestão e alocação de recursos de ti-,pj/autônomo,0,0,0,0
,,,pleno,ensino técnico completo,nenhum,,gestão e alocação de recursos de ti-,pj/autônomo,0,0,0,0
,,,analista,ensino superior completo,básico,,ti - projetos-,hunting,0,0,0,0
,,,analista,ensino superior completo,básico,,ti - sap-,clt full,0,0,0,0
,,,pleno,ensino técnico completo,avançado,,gestão e alocação de recursos de ti-,hunting,0,0,0,0
,,,pleno,ensino superior completo,avançado,,ti - suporte-,hunting,0,0,0,0
,,,sênior,ensino superior completo,básico,,ti - projetos-,pj/autônomo,0,0,0,0
,pós graduação completo,avançado,analista,ensino superior completo,avançado,"administrativa, financeira/controladoria, gestão e alocação de recursos de ti",ti - projetos-,"cooperado, pj/autônomo",0,0,1,0
,,,sênior,ensino superior completo,intermediário,,gestão e alocação de recursos de ti-,hunting,0,0,0,0
,,,sênior,ensino superior completo,fluente,,ti - qualidade/testes-,pj/autônomo,0,0,0,0
,ensino superior incompleto,intermediário,sênior,ensino superior cursando,básico,ti - desenvolvimento/programação,ti - desenvolvimento/programação-,"clt full, pj/autônomo",0,0,0,0
,,,analista,ensino superior completo,básico,,ti - desenvolvimento/programação-,"pj/autônomo, clt full",0,0,0,0
,ensino superior completo,básico,sênior,ensino médio completo,nenhum,ti - desenvolvimento/programação,ti - infraestrutura-,clt cotas,0,0,0,0
,ensino superior completo,,pleno,ensino técnico completo,nenhum,,gestão e alocação de recursos de ti-,pj/autônomo,0,0,0,0
,,,analista,ensino superior completo,básico,,ti - projetos-,"cooperado, pj/autônomo",0,0,0,0
,ensino superior completo,básico,pleno,ensino superior completo,nenhum,ti - desenvolvimento/programação,ti - desenvolvimento/programação-,hunting,0,1,0,0
,,,sênior,ensino superior completo,intermediário,,ti - projetos-,"pj/autônomo, cooperado",0,0,0,0
,,,sênior,ensino superior completo,avançado,,gestão e alocação de recursos de ti-ti - sap-,pj/autônomo,0,0,0,0
,,,sênior,ensino superior completo,básico,,ti - sap-,"clt full, pj/autônomo",0,0,0,0
,,,especialista,ensino superior completo,intermediário,,ti - projetos-,pj/autônomo,0,0,0,0
,,,analista,ensino superior completo,básico,,ti - projetos-,"pj/autônomo, clt full",0,0,0,0
,,,sênior,ensino superior completo,intermediário,,ti - projetos-,pj/autônomo,0,0,0,0
,,,pleno,ensino técnico completo,nenhum,,gestão e alocação de recursos de ti-,pj/autônomo,0,0,0,0
,,,sênior,ensino médio completo,nenhum,,financeira/controladoria-,"cooperado, pj/autônomo",0,0,0,0
,,,analista,ensino superior completo,básico,,ti - projetos-,"cooperado, pj/autônomo",0,0,0,0
,,,analista,ensino superior completo,básico,,ti - projetos-,"clt full, pj/autônomo",0,0,0,0
,,,sênior,ensino superior completo,avançado,,ti - projetos-,pj/autônomo,0,0,0,0
,,,pleno,ensino superior completo,avançado,,ti - desenvolvimento/programação-,clt full,0,0,0,0
,,,sênior,ensino superior incompleto,nenhum,,recursos humanos-,clt full,0,0,0,0
,,,analista,ensino superior completo,avançado,,ti - sap-,"clt full, pj/autônomo",0,0,0,0
,,,pleno,ensino superior completo,avançado,,ti - projetos-,pj/autônomo,0,0,0,0
,,,pleno,ensino técnico completo,nenhum,,gestão e alocação de recursos de ti-,pj/autônomo,0,0,0,0
,,,sênior,ensino superior completo,fluente,,ti - sap-,pj/autônomo,0,0,0,0
,,,sênior,ensino superior completo,fluente,,ti - sap-,clt full,0,0,0,0
,,,analista,ensino superior completo,fluente,ti - infraestrutura,ti - projetos-,"clt full, pj/autônomo",0,0,0,0
,,,sênior,ensino superior completo,avançado,,ti - sap-,clt full,0,0,0,0
,,,pleno,ensino superior completo,avançado,,ti - desenvolvimento/programação-,,0,0,0,0
,,,analista,ensino superior completo,básico,,ti - projetos-,"clt full, pj/autônomo",0,0,0,0
,,,sênior,ensino superior completo,nenhum,,gestão e alocação de recursos de ti-,clt full,0,0,0,0
,,,sênior,ensino superior completo,fluente,,ti - sap-,pj/autônomo,0,0,0,0
,,,sênior,ensino superior completo,nenhum,,ti - sap-,pj/autônomo,0,0,0,0
,,,sênior,ensino superior completo,avançado,,ti - desenvolvimento/programação-,pj/autônomo,0,0,0,0
,ensino superior completo,intermediário,sênior,ensino superior completo,fluente,ti - sap,gestão e alocação de recursos de ti-ti - sap-,pj/autônomo,0,1,0,0
,,,pleno,ensino técnico completo,nenhum,,gestão e alocação de recursos de ti-,pj/autônomo,0,0,0,0
,,,sênior,ensino médio completo,técnico,,financeira/controladoria-,hunting,0,0,0,0
,pós graduação completo,básico,sênior,ensino técnico completo,intermediário,"ti - infraestrutura, ti - projetos, ti - suporte",gestão e alocação de recursos de ti-,clt full,0,0,0,0
,,,pleno,ensino técnico completo,nenhum,,gestão e alocação de recursos de ti-,pj/autônomo,0,0,0,0
,,,analista,ensino superior completo,fluente,,ti - sap-,pj/autônomo,0,0,0,0
,,,sênior,ensino superior completo,básico,,ti - sap-,pj/autônomo,0,0,0,0
,,,pleno,ensino técnico completo,nenhum,,gestão e alocação de recursos de ti-,clt full,0,0,0,0
,,,analista,ensino superior completo,básico,,ti - desenvolvimento/programação-,clt full,0,0,0,0
,pós graduação completo,fluente,sênior,ensino superior completo,fluente,ti - sap,ti - sap-,clt full,0,0,1,0
,,,pleno,ensino técnico completo,nenhum,,gestão e alocação de recursos de ti-,pj/autônomo,0,0,0,0
,pós graduação completo,intermediário,analista,ensino superior completo,básico,ti - arquitetura,ti - projetos-,"clt full, pj/autônomo",0,0,0,0
,,,sênior,ensino superior completo,intermediário,,ti - projetos-,cooperado,0,0,0,0
,pós graduação completo,intermediário,pleno,ensino técnico completo,nenhum,ti - desenvolvimento/programação,gestão e alocação de recursos de ti-,pj/autônomo,0,0,0,0
,,,sênior,ensino superior completo,nenhum,,ti - desenvolvimento/mobile-,,0,0,0,0
,,,pleno,ensino superior completo,intermediário,,ti - projetos-,pj/autônomo,0,0,0,0
,,,sênior,ensino superior completo,nenhum,,ti - desenvolvimento/programação-,,0,0,0,0
,,,analista,ensino superior completo,básico,,ti - projetos-,"pj/autônomo, clt full",0,0,0,0
sênior,pós graduação completo,avançado,sênior,ensino superior completo,avançado,"ti - processos e negócios, ti - projetos, ti - sistemas e ferramentas, ti - suporte",ti - qualidade/testes-,,1,0,1,0
,,,analista,ensino superior completo,básico,,ti - projetos-,"clt full, pj/autônomo",0,0,0,0
,,,analista,ensino superior completo,básico,,ti - sap-,"pj/autônomo, clt full",0,0,0,0
,,,assistente,ensino superior incompleto,básico,,administrativa-,,0,0,0,0
,,,pleno,ensino técnico completo,nenhum,,gestão e alocação de recursos de ti-ti - infraestrutura-,pj/autônomo,0,0,0,0
,,,pleno,ensino técnico completo,nenhum,,gestão e alocação de recursos de ti-,pj/autônomo,0,0,0,0
,,,sênior,ensino superior completo,nenhum,,ti - projetos-,pj/autônomo,0,0,0,0
,ensino superior completo,fluente,pleno,ensino médio completo,avançado,"ti - banco de dados, ti - desenvolvimento/programação, ti - governança, ti - processos e negócios, ti - projetos, ti - qualidade/testes, ti - segurança da informação",administrativa-,pj/autônomo,0,0,0,0
,,,especialista,ensino superior completo,básico,,ti - sap-,pj/autônomo,0,0,0,0
,,,analista,ensino superior completo,básico,,ti - projetos-,"pj/autônomo, clt full",0,0,0,0
,,,sênior,ensino superior completo,intermediário,,ti - projetos-,clt full,0,0,0,0
sênior,pós graduação completo,avançado,analista,ensino superior completo,básico,"ti - processos e negócios, ti - projetos, ti - sistemas e ferramentas, ti - suporte",ti - projetos-,clt full,0,0,0,0
,ensino superior completo,básico,analista,ensino superior completo,básico,"ti - arquitetura, ti - banco de dados, ti - infraestrutura, ti - suporte",ti - projetos-,clt full,0,1,1,0
,,,analista,ensino superior completo,básico,,ti - projetos-,clt full,0,0,0,0
,ensino superior cursando,avançado,analista,ensino superior completo,básico,ti - desenvolvimento/programação,ti - desenvolvimento/programação-,clt full,0,0,0,0
,,,pleno,ensino superior completo,fluente,,ti - projetos-,clt cotas,0,0,0,0
,ensino superior completo,básico,sênior,ensino superior completo,avançado,administrativa,comercial-,clt full,0,1,0,0
,,,assistente,ensino médio completo,nenhum,,administrativa-,clt full,0,0,0,0
,,,analista,ensino superior completo,intermediário,,ti - projetos-,"pj/autônomo, clt full",0,0,0,0
,,,analista,ensino superior completo,básico,,ti - desenvolvimento/programação-,clt full,0,0,0,0
,ensino superior cursando,básico,analista,ensino superior completo,básico,"administrativa, financeira/controladoria",ti - projetos-,"clt full, pj/autônomo",0,0,1,0
,,,pleno,ensino técnico completo,básico,,gestão e alocação de recursos de ti-,hunting,0,0,0,0
,,,pleno,ensino técnico completo,nenhum,,gestão e alocação de recursos de ti-,pj/autônomo,0,0,0,0
,,,analista,ensino superior completo,básico,,ti - desenvolvimento/programação-,clt full,0,0,0,0
,,,sênior,ensino superior completo,básico,,ti - sap-,"clt full, pj/autônomo",0,0,0,0
,pós graduação incompleto,avançado,sênior,ensino superior completo,fluente,"ti - processos e negócios, ti - projetos, ti - qualidade/testes, ti - sap",ti - sap-,pj/autônomo,0,0,0,0
,,,assistente,ensino médio completo,nenhum,,administrativa-,clt full,0,0,0,0
,,,sênior,ensino médio completo,nenhum,,financeira/controladoria-,cooperado,0,0,0,0
,,,pleno,ensino superior completo,nenhum,,ti - projetos-,"clt full, clt cotas, pj/autônomo",0,0,0,0
,,,pleno,ensino técnico completo,nenhum,,gestão e alocação de recursos de ti-,pj/autônomo,0,0,0,0
,pós graduação cursando,avançado,especialista,ensino superior completo,avançado,financeira/controladoria,ti - projetos-,"pj/autônomo, clt full",0,0,1,0
,,,assistente,ensino superior cursando,nenhum,,administrativa-,clt full,0,0,0,0
,,,pleno,ensino técnico completo,nenhum,,gestão e alocação de recursos de ti-,pj/autônomo,0,0,0,0
,,,sênior,ensino médio completo,nenhum,,gestão e alocação de recursos de ti-,cooperado,0,0,0,0
,,,júnior,ensino médio completo,nenhum,,administrativa-,clt full,0,0,0,0
,,,sênior,ensino superior completo,básico,,ti - projetos-,pj/autônomo,0,0,0,0
,,,analista,ensino superior completo,básico,,ti - projetos-,"pj/autônomo, clt full",0,0,0,0
,,,analista,ensino superior completo,básico,,ti - desenvolvimento/programação-,"pj/autônomo, clt full",0,0,0,0
,,,sênior,ensino médio completo,nenhum,,administrativa-,cooperado,0,0,0,0
,,,sênior,ensino superior completo,fluente,,ti - sap-,pj/autônomo,0,0,0,0
,,,analista,ensino superior completo,avançado,,ti - projetos-,"clt full, pj/autônomo",0,0,0,0
,,,sênior,ensino superior completo,fluente,,ti - sap-,pj/autônomo,0,0,0,0
,,,sênior,ensino superior completo,avançado,,ti - projetos-,pj/autônomo,0,0,0,0
,,,analista,ensino superior completo,básico,,ti - desenvolvimento/programação-,"pj/autônomo, clt full",0,0,0,0
,,,analista,ensino superior completo,básico,,ti - desenvolvimento/programação-,clt full,0,0,0,0
,,,sênior,ensino superior completo,nenhum,,ti - projetos-,pj/autônomo,0,0,0,0
,,,analista,ensino superior completo,avançado,,ti - projetos-,pj/autônomo,0,0,0,0
,,,sênior,ensino médio completo,nenhum,,recursos humanos-,cooperado,0,0,0,0
,mestrado cursando,intermediário,sênior,ensino médio completo,avançado,ti - qualidade/testes,ti - projetos-,pj/autônomo,0,0,0,0
,,,pleno,ensino técnico completo,nenhum,,gestão e alocação de recursos de ti-,pj/autônomo,0,0,0,0
,ensino superior completo,avançado,pleno,ensino médio completo,fluente,recursos humanos,ti - projetos-,clt full,0,0,0,0
,,,pleno,ensino superior completo,nenhum,,ti - projetos-,pj/autônomo,0,0,0,0
,,,analista,ensino superior completo,básico,,ti - desenvolvimento/programação-,hunting,0,0,0,0
,,,sênior,ensino superior completo,fluente,,ti - projetos-,hunting,0,0,0,0
,,,sênior,ensino superior completo,fluente,,ti - sap-,"pj/autônomo, clt full",0,0,0,0
,pós graduação completo,intermediário,analista,ensino superior completo,básico,ti - projetos,ti - projetos-,"pj/autônomo, clt full",0,0,0,0
,,,pleno,ensino superior completo,avançado,,ti - projetos-,pj/autônomo,0,0,0,0
,,,sênior,ensino superior completo,fluente,,ti - desenvolvimento/programação-,clt full,0,0,0,0
,,,sênior,ensino superior completo,avançado,,ti - projetos-,pj/autônomo,0,0,0,0
,,,sênior,ensino superior completo,nenhum,,ti - projetos-,hunting,0,0,0,0
,,,sênior,ensino superior completo,básico,,ti - projetos-,"clt full, pj/autônomo",0,0,0,0
,,,analista,ensino superior completo,avançado,,ti - sap-,pj/autônomo,0,0,0,0
,,,analista,ensino superior completo,intermediário,,ti - projetos-,hunting,0,0,0,0
,,,sênior,ensino médio completo,fluente,,ti - projetos-,pj/autônomo,0,0,0,0
,,,sênior,ensino superior completo,nenhum,,gestão e alocação de recursos de ti-ti - sap-,pj/autônomo,0,0,0,0
,ensino superior completo,,pleno,ensino técnico completo,nenhum,,gestão e alocação de recursos de ti-,pj/autônomo,0,0,0,0
,,,analista,ensino superior completo,básico,,ti - projetos-,"clt full, pj/autônomo",0,0,0,0
,,,sênior,ensino médio completo,nenhum,,administrativa-,cooperado,0,0,0,0
,,,sênior,ensino superior completo,avançado,,ti - sap-,pj/autônomo,0,0,0,0
,,,sênior,ensino superior completo,nenhum,,gestão e alocação de recursos de ti-ti - sap-,pj/autônomo,0,0,0,0
,pós graduação completo,básico,analista,ensino superior completo,básico,ti - suporte,ti - projetos-,clt full,0,0,1,0
,ensino superior completo,fluente,sênior,ensino superior completo,nenhum,"ti - arquitetura, ti - banco de dados, ti - desenvolvimento/design, ti - desenvolvimento/mobile, ti - desenvolvimento/programação, ti - projetos, ti - qualidade/testes, ti - segurança da informação, ti - sistemas e ferramentas, ti - suporte",ti - projetos-,pj/autônomo,0,1,0,0
,,,líder,ensino superior completo,básico,,ti - projetos-,"pj/autônomo, clt full",0,0,0,0
,,,analista,ensino superior completo,básico,,ti - projetos-,pj/autônomo,0,0,0,0
,,,sênior,ensino superior completo,avançado,,ti - projetos-,hunting,0,0,0,0
,,,sênior,ensino superior completo,nenhum,,ti - desenvolvimento/programação-,clt full,0,0,0,0
,pós graduação completo,avançado,analista,ensino superior completo,básico,financeira/controladoria,administrativa-,clt full,0,0,0,0
,,,sênior,ensino superior completo,nenhum,,gestão e alocação de recursos de ti-ti - sap-,pj/autônomo,0,0,0,0
,,,sênior,ensino superior completo,fluente,,ti - projetos-,pj/autônomo,0,0,0,0
,ensino superior completo,,sênior,ensino superior completo,avançado,"ti - desenvolvimento/programação, ti - infraestrutura, ti - telecom",ti - projetos-,pj/autônomo,0,1,0,0
,,,pleno,ensino superior completo,avançado,,ti - projetos-,hunting,0,0,0,0
,,,sênior,ensino médio completo,fluente,,gestão e alocação de recursos de ti-,cooperado,0,0,0,0
,,,pleno,ensino superior completo,intermediário,,ti - projetos-,pj/autônomo,0,0,0,0
,,,sênior,ensino superior completo,nenhum,,ti - sap-,hunting,0,0,0,0
,,,analista,ensino superior completo,intermediário,,ti - sap-,"clt full, pj/autônomo",0,0,0,0
,,,júnior,ensino superior completo,básico,,ti - projetos-,clt full,0,0,0,0
,,,sênior,ensino médio completo,fluente,,gestão e alocação de recursos de ti-,pj/autônomo,0,0,0,0
,,,sênior,ensino superior completo,avançado,,ti - projetos-,pj/autônomo,0,0,0,0
,,,analista,ensino superior completo,básico,,ti - desenvolvimento/programação-,clt full,0,0,0,0
,pós graduação completo,avançado,pleno,ensino superior cursando,avançado,"ti - governança, ti - processos e negócios, ti - projetos, ti - sap",ti - sap-,clt full,0,0,1,0
,,,sênior,ensino médio completo,nenhum,,administrativa-,pj/autônomo,0,0,0,0
,mestrado cursando,avançado,sênior,ensino superior completo,avançado,"ti - processos e negócios, ti - projetos, ti - qualidade/testes, ti - sap",ti - projetos-,pj/autônomo,0,0,1,0
,,,sênior,ensino superior completo,nenhum,,ti - sap-,pj/autônomo,0,0,0,0
,,,sênior,ensino superior completo,avançado,,ti - projetos-,hunting,0,0,0,0
,,,sênior,ensino superior completo,avançado,,ti - projetos-,hunting,0,0,0,0
,ensino superior completo,intermediário,analista,ensino superior completo,básico,ti - projetos,ti - projetos-,clt full,0,1,0,0
,,,júnior,ensino médio completo,nenhum,,administrativa-,clt full,0,0,0,0
,,,sênior,ensino superior completo,intermediário,,ti - desenvolvimento/mobile-,,0,0,0,0
,pós graduação completo,fluente,pleno,ensino técnico completo,nenhum,"ti - arquitetura, ti - banco de dados, ti - desenvolvimento/design, ti - desenvolvimento/mobile, ti - desenvolvimento/programação, ti - governança, ti - infraestrutura, ti - processos e negócios, ti - projetos, ti - qualidade/testes, ti - sap, ti - sistemas e ferramentas, ti - suporte, ti - telecom, ti - ux",gestão e alocação de recursos de ti-,pj/autônomo,0,0,0,0
,,,analista,ensino superior completo,básico,,ti - sap-,"pj/autônomo, cooperado",0,0,0,0
,,,analista,ensino superior completo,básico,,ti - projetos-,"clt full, pj/autônomo",0,0,0,0
,,,analista,ensino superior completo,avançado,,ti - projetos-,"clt full, pj/autônomo",0,0,0,0
,,,analista,ensino superior completo,avançado,,ti - projetos-,clt full,0,0,0,0
,,,analista,ensino superior completo,avançado,,ti - projetos-,hunting,0,0,0,0
,,,sênior,ensino superior completo,básico,,ti - projetos-,hunting,0,0,0,0
,ensino superior completo,intermediário,pleno,ensino superior completo,básico,ti - desenvolvimento/programação,ti - desenvolvimento/programação-,clt cotas,0,1,0,0
sênior,ensino superior completo,fluente,analista,ensino superior completo,intermediário,"ti - arquitetura, ti - desenvolvimento/programação, ti - infraestrutura, ti - sistemas e ferramentas",ti - projetos-,"clt full, pj/autônomo",0,1,0,0
,,,sênior,ensino superior completo,nenhum,,ti - desenvolvimento/programação-,pj/autônomo,0,0,0,0
,,,sênior,ensino superior completo,avançado,,ti - projetos-,pj/autônomo,0,0,0,0
,pós graduação cursando,intermediário,especialista,ensino superior completo,básico,"ti - arquitetura, ti - infraestrutura, ti - segurança da informação",ti - projetos-,"pj/autônomo, clt full",0,0,0,0
,,,pleno,ensino técnico completo,nenhum,,gestão e alocação de recursos de ti-ti - desenvolvimento/programação-,pj/autônomo,0,0,0,0
,,,júnior,ensino superior completo,intermediário,,ti - sap-,hunting,0,0,0,0
,ensino superior completo,avançado,pleno,ensino superior completo,nenhum,"ti - arquitetura, ti - projetos",ti - projetos-,pj/autônomo,0,1,0,0
,,,sênior,ensino superior completo,fluente,,ti - projetos-,pj/autônomo,0,0,0,0
,,,pleno,ensino técnico completo,nenhum,,gestão e alocação de recursos de ti-,pj/autônomo,0,0,0,0
,,,analista,ensino superior completo,básico,,ti - projetos-,"clt full, pj/autônomo",0,0,0,0
,,,analista,ensino superior completo,básico,,ti - sap-,pj/autônomo,0,0,0,0
,pós graduação completo,básico,sênior,ensino superior completo,nenhum,financeira/controladoria,ti - projetos-,clt full,0,0,0,0
,,,sênior,ensino superior completo,básico,,ti - projetos-,pj/autônomo,0,0,0,0
,,,pleno,ensino técnico completo,fluente,,gestão e alocação de recursos de ti-,pj/autônomo,0,0,0,0
,,,sênior,ensino superior completo,intermediário,,ti - arquitetura-ti - banco de dados-ti - projetos-ti - segurança da informação-,"cooperado, pj/autônomo",0,0,0,0
,,,sênior,ensino médio completo,nenhum,,gestão e alocação de recursos de ti-,pj/autônomo,0,0,0,0
,ensino superior completo,intermediário,analista,ensino superior completo,básico,"ti - banco de dados, ti - processos e negócios, ti - projetos, ti - segurança da informação, ti - sistemas e ferramentas, ti - suporte",ti - projetos-,"clt full, pj/autônomo",0,1,0,0
,,,sênior,ensino superior completo,nenhum,,ti - sap-,"pj/autônomo, cooperado",0,0,0,0
,,,analista,ensino superior completo,fluente,,ti - sap-,pj/autônomo,0,0,0,0
,,,analista,ensino superior completo,básico,,ti - projetos-,"clt full, pj/autônomo",0,0,0,0
,mestrado completo,avançado,pleno,ensino técnico completo,nenhum,ti - projetos,gestão e alocação de recursos de ti-,hunting,0,0,0,0
,,,analista,ensino superior completo,avançado,,ti - projetos-,hunting,0,0,0,0
,,,pleno,ensino médio completo,nenhum,,administrativa-,cooperado,0,0,0,0
,,,analista,ensino superior completo,básico,,ti - desenvolvimento/programação-,clt full,0,0,0,0
,,,analista,ensino superior completo,avançado,,ti - projetos-,"clt full, pj/autônomo",0,0,0,0
,,,analista,ensino superior completo,avançado,,ti - projetos-,"pj/autônomo, clt full",0,0,0,0
,,,pleno,ensino técnico completo,nenhum,,gestão e alocação de recursos de ti-,pj/autônomo,0,0,0,0
,,,sênior,ensino superior completo,básico,,ti - projetos-,"clt full, pj/autônomo",0,0,0,0
,,,sênior,ensino médio completo,nenhum,,gestão e alocação de recursos de ti-,cooperado,0,0,0,0
,pós graduação completo,avançado,sênior,ensino médio completo,avançado,ti - desenvolvimento/programação,gestão e alocação de recursos de ti-,pj/autônomo,0,0,1,0
,,,pleno,ensino superior completo,básico,,ti - projetos-,"clt full, clt cotas, pj/autônomo",0,0,0,0
,,,analista,ensino superior completo,básico,,administrativa-,clt full,0,0,0,0
,,,analista,ensino superior completo,avançado,,ti - projetos-,pj/autônomo,0,0,0,0
,pós graduação completo,intermediário,pleno,ensino técnico completo,nenhum,"ti - desenvolvimento/design, ti - desenvolvimento/programação, ti - projetos",gestão e alocação de recursos de ti-,pj/autônomo,0,0,0,0
,,,sênior,ensino superior completo,avançado,,ti - telecom-,hunting,0,0,0,0
,,,analista,ensino superior completo,intermediário,,ti - sap-,cooperado,0,0,0,0
,ensino superior completo,intermediário,pleno,ensino técnico completo,nenhum,"ti - banco de dados, ti - infraestrutura",gestão e alocação de recursos de ti-,pj/autônomo,0,0,0,0
,,,sênior,ensino superior completo,avançado,,ti - sap-,hunting,0,0,0,0
sênior,ensino superior completo,fluente,sênior,ensino superior completo,avançado,"ti - arquitetura, ti - desenvolvimento/programação, ti - infraestrutura, ti - sistemas e ferramentas",ti - projetos-,hunting,1,1,0,0
,,,sênior,ensino superior completo,avançado,,ti - sap-,clt full,0,0,0,0
,ensino superior completo,intermediário,analista,ensino superior completo,básico,ti - desenvolvimento/programação,ti - projetos-,clt full,0,1,0,0
,,,analista,ensino superior completo,fluente,,ti - projetos-,"clt full, pj/autônomo",0,0,0,0
,pós graduação completo,,sênior,ensino superior completo,fluente,,ti - sap-,hunting,0,0,0,0
,,,sênior,ensino médio completo,nenhum,,gestão e alocação de recursos de ti-,cooperado,0,0,0,0
,ensino superior completo,intermediário,pleno,ensino superior cursando,nenhum,ti - desenvolvimento/programação,ti - desenvolvimento/programação-,hunting,0,0,0,0
,,,analista,ensino superior completo,básico,,ti - desenvolvimento/programação-,hunting,0,0,0,0
,,,analista,ensino superior completo,básico,,ti - projetos-,hunting,0,0,0,0
,,,sênior,ensino médio completo,nenhum,,gestão e alocação de recursos de ti-,cooperado,0,0,0,0
,,,analista,ensino superior completo,intermediário,,ti - sap-,"clt cotas, cooperado, estagiário, pj/autônomo",0,0,0,0
,,,analista,ensino superior completo,básico,,ti - projetos-,"clt full, pj/autônomo",0,0,0,0
,,,pleno,ensino técnico completo,nenhum,,gestão e alocação de recursos de ti-,pj/autônomo,0,0,0,0
,,,sênior,ensino médio completo,intermediário,,ti - projetos-,pj/autônomo,0,0,0,0
,,,sênior,ensino superior completo,fluente,,ti - sap-,pj/autônomo,0,0,0,0
,,,pleno,ensino superior completo,nenhum,,ti - projetos-,pj/autônomo,0,0,0,0
,,,pleno,ensino técnico completo,nenhum,,gestão e alocação de recursos de ti-ti - sap-,pj/autônomo,0,0,0,0
,,,sênior,ensino superior completo,avançado,,ti - projetos-,pj/autônomo,0,0,0,0
,,,pleno,ensino médio completo,nenhum,,gestão e alocação de recursos de ti-,pj/autônomo,0,0,0,0
,,,sênior,ensino superior completo,intermediário,,ti - sistemas e ferramentas-,,0,0,0,0
,,,pleno,ensino superior completo,básico,,ti - projetos-,"clt full, pj/autônomo",0,0,0,0
,,,sênior,ensino superior completo,avançado,,ti - projetos-,pj/autônomo,0,0,0,0
,,,pleno,ensino técnico completo,nenhum,,gestão e alocação de recursos de ti-,pj/autônomo,0,0,0,0
,,,pleno,ensino superior completo,intermediário,,gestão e alocação de recursos de ti-ti - desenvolvimento/programação-,pj/autônomo,0,0,0,0
,,,sênior,ensino médio completo,nenhum,,ti - projetos-,cooperado,0,0,0,0
,,,sênior,ensino superior completo,fluente,,ti - projetos-,pj/autônomo,0,0,0,0
,ensino superior cursando,intermediário,analista,ensino superior completo,básico,ti - desenvolvimento/mobile,ti - projetos-,pj/autônomo,0,0,0,0
,,,sênior,ensino superior completo,fluente,,ti - sap-,pj/autônomo,0,0,0,0
,pós graduação completo,avançado,sênior,ensino superior completo,avançado,ti - desenvolvimento/programação,gestão e alocação de recursos de ti-ti - desenvolvimento/programação-,pj/autônomo,0,0,1,0
,,,pleno,ensino técnico completo,nenhum,,gestão e alocação de recursos de ti-,pj/autônomo,0,0,0,0
,pós graduação incompleto,avançado,pleno,ensino superior completo,fluente,"ti - infraestrutura, ti - segurança da informação",gestão e alocação de recursos de ti-ti - infraestrutura-,clt full,0,0,0,0
,,,sênior,ensino superior completo,básico,,ti - sap-,pj/autônomo,0,0,0,0
,,,analista,ensino superior completo,nenhum,,gestão e alocação de recursos de ti-,clt full,0,0,0,0
,,,pleno,ensino técnico completo,nenhum,,gestão e alocação de recursos de ti-,pj/autônomo,0,0,0,0
,pós graduação completo,avançado,analista,ensino superior completo,avançado,ti - sap,ti - sap-,pj/autônomo,0,0,1,0
,ensino superior completo,intermediário,analista,ensino superior completo,básico,ti - desenvolvimento/programação,ti - projetos-,"pj/autônomo, clt full",0,1,0,0
,,,pleno,ensino superior completo,nenhum,,ti - sap-,pj/autônomo,0,0,0,0
,pós graduação completo,fluente,analista,ensino superior completo,avançado,ti - projetos,ti - sap-,pj/autônomo,0,0,0,0
,,,pleno,ensino técnico completo,nenhum,,gestão e alocação de recursos de ti-ti - sap-,pj/autônomo,0,0,0,0
,,,analista,ensino superior completo,básico,,ti - projetos-,"clt full, pj/autônomo",0,0,0,0
,,,analista,ensino superior completo,básico,,ti - projetos-,"pj/autônomo, clt full",0,0,0,0
,,,analista,ensino superior completo,avançado,,ti - projetos-,hunting,0,0,0,0
,,,sênior,ensino superior completo,nenhum,,ti - sistemas e ferramentas-,clt full,0,0,0,0
,ensino superior completo,básico,sênior,ensino superior completo,técnico,ti - desenvolvimento/programação,gestão e alocação de recursos de ti-,pj/autônomo,0,1,0,0
,ensino superior cursando,avançado,analista,ensino superior completo,básico,ti - desenvolvimento/programação,ti - desenvolvimento/programação-,clt full,0,0,0,0
,pós graduação completo,,sênior,ensino médio completo,nenhum,,ti - projetos-,pj/autônomo,0,0,0,0
,,,pleno,ensino técnico completo,nenhum,,gestão e alocação de recursos de ti-,pj/autônomo,0,0,0,0
,,,pleno,ensino técnico completo,avançado,,gestão e alocação de recursos de ti-,clt full,0,0,0,0
,,,pleno,pós graduação cursando,nenhum,,gestão e alocação de recursos de ti-ti - segurança da informação-,pj/autônomo,0,0,0,0
,,,analista,ensino superior completo,básico,,ti - projetos-,clt full,0,0,0,0
,,,sênior,ensino superior completo,nenhum,,ti - sap-,pj/autônomo,0,0,0,0
,,,analista,ensino superior incompleto,técnico,,ti - suporte-,clt full,0,0,0,0
,,,analista,ensino superior completo,básico,,ti - sap-,"pj/autônomo, cooperado",0,0,0,0
,,,sênior,ensino superior completo,avançado,,ti - sap-,pj/autônomo,0,0,0,0
,,,sênior,ensino superior completo,nenhum,,ti - sap-,pj/autônomo,0,0,0,0
,,,sênior,ensino médio completo,nenhum,,financeira/controladoria-,pj/autônomo,0,0,0,0
,,,pleno,ensino técnico completo,nenhum,,gestão e alocação de recursos de ti-,pj/autônomo,0,0,0,0
,pós graduação completo,básico,sênior,ensino superior cursando,nenhum,ti - projetos,ti - sap-,clt cotas,0,0,0,0
,,,sênior,ensino médio completo,avançado,,administrativa-,pj/autônomo,0,0,0,0
,ensino superior cursando,avançado,pleno,ensino superior completo,avançado,ti - desenvolvimento/programação,ti - desenvolvimento/programação-,,0,0,1,0
,pós graduação cursando,básico,sênior,ensino médio completo,técnico,ti - telecom,gestão e alocação de recursos de ti-,pj/autônomo,0,0,0,0
,,,sênior,ensino superior completo,avançado,,ti - projetos-,pj/autônomo,0,0,0,0
,,,gerente,ensino superior completo,avançado,,ti - sap-,pj/autônomo,0,0,0,0
,,,pleno,ensino superior cursando,básico,,financeira/controladoria-,clt full,0,0,0,0
,ensino superior incompleto,intermediário,analista,ensino superior completo,básico,ti - desenvolvimento/programação,ti - projetos-,"pj/autônomo, estagiário, cooperado, clt cotas, clt full",0,0,0,0
,,,sênior,ensino superior completo,fluente,,ti - desenvolvimento/mobile-,clt full,0,0,0,0
,,,sênior,ensino técnico completo,nenhum,,ti - governança-,clt full,0,0,0,0
,mestrado incompleto,intermediário,sênior,ensino superior completo,avançado,ti - sap,ti - sap-,pj/autônomo,0,0,0,0
,,,sênior,ensino superior completo,avançado,,financeira/controladoria-,pj/autônomo,0,0,0,0
,,,sênior,ensino superior completo,fluente,,ti - projetos-,hunting,0,0,0,0
,,,analista,ensino superior completo,avançado,,ti - projetos-,"clt full, pj/autônomo",0,0,0,0
,,,júnior,ensino médio completo,intermediário,,financeira/controladoria-,pj/autônomo,0,0,0,0
,,,pleno,ensino superior completo,intermediário,,ti - desenvolvimento/programação-,,0,0,0,0
,,,analista,ensino superior completo,básico,,ti - projetos-,clt cotas,0,0,0,0
,,,analista,ensino superior completo,avançado,,ti - sap-,hunting,0,0,0,0
,,,sênior,ensino superior completo,básico,,ti - sap-,"pj/autônomo, clt full",0,0,0,0
júnior,ensino superior cursando,nenhum,pleno,ensino superior completo,básico,ti - banco de dados,ti - projetos-,"pj/autônomo, clt cotas",0,0,0,0
,,,sênior,ensino médio completo,avançado,,gestão e alocação de recursos de ti-,pj/autônomo,0,0,0,0
,,,sênior,ensino médio completo,fluente,,ti - projetos-,pj/autônomo,0,0,0,0
,pós graduação completo,avançado,pleno,ensino técnico completo,nenhum,"ti - desenvolvimento/programação, ti - sistemas e ferramentas",gestão e alocação de recursos de ti-,pj/autônomo,0,0,0,0
,,,analista,ensino superior completo,fluente,,ti - sap-,"clt full, pj/autônomo",0,0,0,0
,,,pleno,ensino médio completo,avançado,,gestão e alocação de recursos de ti-,pj/autônomo,0,0,0,0
,,,sênior,ensino superior completo,nenhum,,ti - sap-,hunting,0,0,0,0
,ensino superior completo,avançado,sênior,ensino superior completo,intermediário,ti - arquitetura,ti - arquitetura-,pj/autônomo,0,1,0,0
,ensino superior cursando,intermediário,júnior,ensino médio completo,nenhum,ti - desenvolvimento/programação,gestão e alocação de recursos de ti-,cooperado,0,0,0,0
,,,sênior,ensino médio completo,nenhum,,gestão e alocação de recursos de ti-,pj/autônomo,0,0,0,0
,,,analista,ensino superior completo,básico,,ti - projetos-,"clt full, pj/autônomo",0,0,0,0
,pós graduação completo,intermediário,analista,ensino superior completo,básico,"ti - arquitetura, ti - banco de dados, ti - desenvolvimento/design, ti - desenvolvimento/mobile, ti - desenvolvimento/programação, ti - governança, ti - processos e negócios, ti - projetos, ti - sap, ti - sistemas e ferramentas, ti - suporte, ti - ux",ti - sap-,pj/autônomo,0,0,0,0
,,,sênior,ensino superior completo,fluente,,gestão e alocação de recursos de ti-ti - sap-,pj/autônomo,0,0,0,0
,,,sênior,ensino superior cursando,nenhum,,ti - desenvolvimento/programação-,clt cotas,0,0,0,0
,,,sênior,ensino superior completo,nenhum,,ti - sap-,cooperado,0,0,0,0
,,,especialista,ensino superior completo,nenhum,,administrativa-,clt full,0,0,0,0
,ensino técnico completo,básico,analista,ensino superior completo,básico,novos negócios e parcerias,ti - projetos-,"clt full, pj/autônomo",0,0,1,0
,,,analista,ensino superior completo,básico,,ti - sap-,pj/autônomo,0,0,0,0
,,,pleno,ensino superior completo,intermediário,,ti - projetos-,hunting,0,0,0,0
líder,mestrado completo,,sênior,ensino superior completo,nenhum,,ti - projetos-,hunting,0,0,0,0
,ensino superior completo,avançado,pleno,ensino técnico completo,nenhum,ti - projetos,gestão e alocação de recursos de ti-,pj/autônomo,0,0,0,0
,ensino superior cursando,avançado,sênior,ensino superior completo,avançado,"ti - infraestrutura, ti - suporte",ti - sistemas e ferramentas-,clt full,0,0,1,0
,,,pleno,ensino superior completo,básico,,ti - projetos-,"pj/autônomo, clt full",0,0,0,0
,,,assistente,ensino médio completo,nenhum,,administrativa-,clt full,0,0,0,0
,,,sênior,ensino superior completo,intermediário,,ti - arquitetura-ti - banco de dados-ti - projetos-ti - segurança da informação-,"cooperado, pj/autônomo",0,0,0,0
,ensino superior cursando,nenhum,sênior,ensino superior completo,básico,financeira/controladoria,ti - projetos-,"pj/autônomo, clt full",0,0,0,0
,pós graduação cursando,intermediário,pleno,ensino superior completo,avançado,ti - desenvolvimento/programação,ti - projetos-,pj/autônomo,0,0,0,0
,pós graduação completo,avançado,pleno,ensino técnico completo,nenhum,ti - sistemas e ferramentas,gestão e alocação de recursos de ti-,pj/autônomo,0,0,0,0
